32007643	basic reproduction number;betacoronavirus;china;coronavirus infections;covid-19;epidemics;humans;middle east respiratory syndrome coronavirus;pandemics;pneumonia, viral;sars-cov-2;severe acute respiratory syndrome-related coronavirus;world health organization
32050635	betacoronavirus;china;coronavirus;coronavirus infections;covid-19;disease outbreaks;female;humans;infant, newborn;infectious disease transmission, vertical;maternal exposure;placenta;pneumonia, viral;pregnancy;pregnancy complications, infectious;pregnancy outcome;sars-cov-2;severe acute respiratory syndrome;viral vaccines
32068012	betacoronavirus;china;coronavirus infections;covid-19;disease outbreaks;emergency medical services;humans;pandemics;pneumonia, viral;sars-cov-2
32088847	betacoronavirus;clinical laboratory techniques;coronavirus infections;cough;covid-19;covid-19 testing;female;fever;fluorodeoxyglucose f18;humans;male;middle aged;pandemics;pneumonia, viral;positron emission tomography computed tomography;sars-cov-2
32096566	base sequence;bayes theorem;betacoronavirus;coronavirus infections;covid-19;epidemiological monitoring;evolution, molecular;genome, viral;humans;information dissemination;models, statistical;open reading frames;pandemics;phylogeny;pneumonia, viral;rna, viral;sars-cov-2;sequence alignment;sequence homology, nucleic acid
32100024	betacoronavirus;coronavirus infections;covid-19;humans;pandemics;patient isolation;pneumonia, viral;sars-cov-2;singapore
32132521	adult;anxiety;betacoronavirus;china;coronavirus infections;covid-19;cross-sectional studies;female;humans;male;medical staff;pneumonia, viral;sars-cov-2;self efficacy;sleep;social support;stress, psychological;surveys and questionnaires
32145217	betacoronavirus;community-acquired infections;coronavirus infections;covid-19;diarrhea;feces;humans;pandemics;pneumonia, viral;public health;sars-cov-2
32179701	bayes theorem;betacoronavirus;china;coronavirus infections;covid-19;epidemiological monitoring;humans;missed diagnosis;models, theoretical;pandemics;pneumonia, viral;prevalence;sars-cov-2;travel
32200654	adolescent;adult;aged;betacoronavirus;child;child, preschool;coronavirus infections;covid-19;female;humans;kinetics;male;middle aged;pandemics;pneumonia, viral;sars-cov-2;time factors;viral load;young adult
32222253	betacoronavirus;coronavirus infections;covid-19;italy;pandemics;pneumonia, viral;sars-cov-2
32234343	basic reproduction number;betacoronavirus;coronavirus infections;covid-19;disease outbreaks;france;germany;humans;italy;pandemics;pneumonia, viral;sars-cov-2;spain
32239515	coronavirus infections;covid-19;feces;humans;pandemics;sars-cov-2
32240633	betacoronavirus;coronavirus;coronavirus infections;covid-19;humans;pandemics;pneumonia, viral;sars-cov-2;severe acute respiratory syndrome-related coronavirus
32245835	betacoronavirus;clinical laboratory techniques;coronavirus infections;covid-19;covid-19 testing;covid-19 vaccines;humans;pandemics;pneumonia, viral;polymerase chain reaction;sars-cov-2
32246972	betacoronavirus;coronavirus infections;covid-19;disinfection;equipment contamination;humans;pandemics;pneumonia, viral;respiratory protective devices;sars-cov-2;ultraviolet rays
32252855	aerosols;betacoronavirus;china;coronavirus infections;covid-19;feces;humans;pandemics;pneumonia, viral;rural population;sars-cov-2
32253318	antibodies, neutralizing;antibodies, viral;betacoronavirus;clinical laboratory techniques;coronavirus infections;covid-19;covid-19 serotherapy;covid-19 testing;female;humans;immunization, passive;male;middle aged;pandemics;pneumonia, viral;rna, viral;sars-cov-2;viral load
32266753	betacoronavirus;coronavirus;coronavirus infections;covid-19;female;humans;pandemics;pneumonia, viral;pregnancy;sars-cov-2;severe acute respiratory syndrome-related coronavirus
32268212	aged, 80 and over;antigens, cd;antigens, differentiation, myelomonocytic;antiphospholipid syndrome;betacoronavirus;biomarkers;cd163 antigen;cd28 antigens;coronavirus infections;covid-19;covid-19 serotherapy;covid-19 vaccines;ferritins;humans;immunization, passive;immunoglobulins, intravenous;interleukin-1;interleukin-6;macrophage activation syndrome;pandemics;pneumonia, viral;receptors, cell surface;respiratory insufficiency;sars-cov-2;shock, septic;viral vaccines
32275855	amino acid sequence;angiotensin-converting enzyme 2;betacoronavirus;epitopes;humans;models, molecular;peptidyl-dipeptidase a;phylogeny;protein domains;sars-cov-2;sequence alignment;severe acute respiratory syndrome-related coronavirus;spike glycoprotein, coronavirus;virus internalization
32278619	betacoronavirus;coronavirus infections;covid-19;female;humans;infant, newborn;pandemics;pneumonia, viral;pregnancy;pregnancy complications, infectious;sars-cov-2
32282344	adult;advisory committees;betacoronavirus;burnout, professional;coronavirus infections;covid-19;female;health personnel;humans;male;mental health;middle aged;new york city;occupational health;pandemics;pneumonia, viral;psychological distress;sars-cov-2;young adult
32285949	adult;covid-19;hiv infections;humans;male;pandemics;pneumonia, viral;sars-cov-2;tomography;young adult
32291501	betacoronavirus;child;china;coronavirus infections;covid-19;disease progression;humans;pandemics;pneumonia, viral;sars-cov-2;tomography, x-ray computed
32294078	adolescent;adult;anxiety;betacoronavirus;coronavirus infections;covid-19;disease outbreaks;emotions;female;humans;male;middle aged;pandemics;pneumonia, viral;sars-cov-2;sleep;stress, psychological;young adult
32294667	basic reproduction number;betacoronavirus;brazil;contact tracing;coronavirus infections;covid-19;feasibility studies;humans;models, statistical;pandemics;pneumonia, viral;quarantine;sars-cov-2
32298273	angiotensin-converting enzyme 2;animals;coronavirus infections;covid-19;humans;maternal-fetal relations;mice;pandemics;peptidyl-dipeptidase a;pneumonia, viral;severe acute respiratory syndrome-related coronavirus;single-cell analysis;transcriptome
32301809	betacoronavirus;coronavirus infections;covid-19;cross infection;equipment design;equipment safety;humans;infection control;infectious disease transmission, patient-to-professional;laparoscopy;operating rooms;pandemics;pneumonia, viral;sars-cov-2;smoke;surgical equipment;ventilation
32304928	adult;betacoronavirus;community psychiatry;coronavirus;coronavirus infections;covid-19;female;humans;ill-housed persons;mental disorders;mental health;middle aged;pandemics;pneumonia, viral;sars-cov-2;social isolation;stress, psychological
32311499	betacoronavirus;clinical laboratory techniques;coronavirus infections;covid-19;covid-19 testing;female;humans;image-guided biopsy;incidence;lung neoplasms;middle aged;pandemics;pneumonia, viral;prognosis;radiosurgery;sars-cov-2;tomography, x-ray computed
32311790	adult;age factors;aged;aged, 80 and over;betacoronavirus;blood pressure;cerebrovascular disorders;china;comorbidity;coronavirus;coronavirus infections;covid-19;critical illness;early warning score;emergency medicine;female;glasgow coma scale;hospital mortality;humans;lung diseases;male;middle aged;oxygen;pandemics;pneumonia, viral;prognosis;respiratory rate;retrospective studies;risk assessment;roc curve;sars-cov-2;sensitivity and specificity
32315756	asymptomatic diseases;betacoronavirus;coronavirus infections;covid-19;humans;pandemics;pneumonia, viral;sars-cov-2
32319129	academies and institutes;adolescent;betacoronavirus;child;child, preschool;coronavirus infections;covid-19;europe;humans;hypersensitivity;immunologic deficiency syndromes;infant;pandemics;pediatrics;pneumonia, viral;practice guidelines as topic;sars-cov-2
32321654	betacoronavirus;coronavirus;coronavirus infections;covid-19;heart diseases;humans;pandemics;pneumonia, viral;sars-cov-2
32322046	aged;aged, 80 and over;anthropometry;betacoronavirus;china;coronavirus infections;covid-19;cross-sectional studies;female;geriatric assessment;humans;inpatients;male;malnutrition;middle aged;nutrition assessment;nutritional status;pandemics;pneumonia, viral;prevalence;risk factors;sars-cov-2
32327321	aged;betacoronavirus;coronavirus infections;covid-19;geriatric assessment;health services for the aged;humans;medical oncology;pandemics;pneumonia, viral;sars-cov-2;telemedicine
32330531	adult;aged;betacoronavirus;coronavirus infections;covid-19;critical pathways;female;hospitalization;humans;male;middle aged;pandemics;pneumonia, viral;referral and consultation;risk assessment;sars-cov-2;telemedicine;triage;urology
32333026	arrhythmias, cardiac;betacoronavirus;coronavirus infections;covid-19;death, sudden, cardiac;humans;pandemics;pneumonia, viral;sars-cov-2
32338809	betacoronavirus;communicable disease control;coronavirus infections;covid-19;delivery of health care;female;head and neck neoplasms;humans;male;outcome assessment, health care;palliative care;pandemics;patient safety;patient selection;pneumonia, viral;risk assessment;sars-cov-2;telemedicine;time factors
32339218	china;covid-19;health personnel;hospitals;humans;retrospective studies;risk factors;sars-cov-2;sleep
32343408	adolescent;adult;bacterial infections;betacoronavirus;case-control studies;child, preschool;cohort studies;cooking;coronavirus infections;covid-19;diarrhea;feces;female;fires;hand;hand hygiene;humans;male;pandemics;particulate matter;pneumonia, viral;randomized controlled trials as topic;reproductive tract infections;sars-cov-2;self report;soaps;virus diseases
32343658	antiviral agents;betacoronavirus;clinical trials as topic;coronavirus infections;covid-19;drug development;humans;pandemics;pneumonia, viral;sars-cov-2
32343996	betacoronavirus;china;coronavirus;coronavirus infections;covid-19;humans;male;pandemics;pneumonia, viral;sars-cov-2;testis
32352535	angiotensin-converting enzyme inhibitors;betacoronavirus;coronavirus infections;covid-19;humans;myocarditis;pandemics;pneumonia, viral;renin-angiotensin system;risk assessment;sars-cov-2
32353545	adult;betacoronavirus;coronavirus infections;covid-19;diarrhea;feces;female;humans;pandemics;patient readmission;pneumonia, viral;sars-cov-2
32354565	age distribution;covid-19;covid-19 testing;geography, medical;global health;gross domestic product;health expenditures;hospital bed capacity;humans;internationality;mortality;pandemics;physicians;population density;sars-cov-2;spain
32354772	antirheumatic agents;betacoronavirus;coronavirus infections;covid-19;covid-19 drug treatment;etanercept;humans;male;middle aged;pandemics;pneumonia, viral;sars-cov-2;spondylarthritis;treatment outcome;tumor necrosis factor inhibitors
32357378	coronavirus infections;covid-19;elective surgical procedures;female;head and neck neoplasms;hospitals, urban;humans;infection control;male;occupational health;otolaryngology;pandemics;patient safety;patient selection;pneumonia, viral;risk assessment;triage;united states
32358675	adult;child;coronavirus infections;covid-19;hospitals;humans;michigan;pandemics;pneumonia, viral;radiology
32358765	anesthesia, conduction;betacoronavirus;coronavirus infections;covid-19;humans;pandemics;pneumonia, viral;sars-cov-2
32360210	adult;aged;aged, 80 and over;betacoronavirus;blood glucose;coronavirus infections;covid-19;diabetes mellitus, type 2;fasting;female;humans;male;middle aged;pandemics;pneumonia, viral;proportional hazards models;sars-cov-2
32360231	antiviral agents;betacoronavirus;biopolymers;coronavirus infections;covid-19;humans;indoles;pandemics;pneumonia, viral;sars-cov-2;spike glycoprotein, coronavirus
32361284	chronic pain;coronavirus infections;covid-19;humans;pain management;pandemics;pneumonia, viral;quarantine
32363809	adult;betacoronavirus;clinical laboratory techniques;cohort studies;coronavirus infections;covid-19;covid-19 testing;female;fever;humans;male;middle aged;models, theoretical;pandemics;pneumonia, viral;roc curve;sars-cov-2;smell;taste
32367484	betacoronavirus;coronavirus infections;covid-19;disease outbreaks;health behavior;humans;pandemics;pneumonia, viral;reproductive health;sars-cov-2;sexual behavior;sexual health
32376057	anesthesiology;carbon dioxide;coronavirus infections;covid-19;humans;pandemics;pneumonia, viral;respiration, artificial;ventilators, mechanical
32376401	betacoronavirus;coronavirus infections;covid-19;humans;infections;killer cells, natural;pandemics;pneumonia, viral;sars-cov-2
32379015	covid-19;disaster planning;humans;pandemics;quarantine
32381073	adult;betacoronavirus;clinical laboratory techniques;coronavirus;coronavirus infections;covid-19;covid-19 testing;family characteristics;feces;fever;humans;infant;lung;lymphocyte count;male;nasopharynx;pandemics;pneumonia, viral;polymerase chain reaction;sars-cov-2;severe acute respiratory syndrome;tomography, x-ray computed
32381441	arthroplasty, replacement, hip;arthroplasty, replacement, knee;betacoronavirus;coronavirus infections;covid-19;humans;pandemics;pneumonia, viral;registries;sars-cov-2;united states
32382746	adult;aged;aged, 80 and over;betacoronavirus;clinical laboratory techniques;coronavirus infections;cough;covid-19;covid-19 testing;female;fever;humans;japan;lung;male;middle aged;pandemics;pharynx;pneumonia, viral;polymerase chain reaction;sars-cov-2;tomography, x-ray computed
32385648	adult;aged;betacoronavirus;cohort studies;coronavirus infections;covid-19;disease progression;female;humans;male;middle aged;pandemics;pneumonia, viral;prognosis;retrospective studies;roc curve;sars-cov-2;tomography, x-ray computed
32386843	aged, 80 and over;betacoronavirus;coronavirus infections;covid-19;humans;italy;pandemics;pneumonia, viral;quarantine;sars-cov-2;sedentary behavior;social isolation;spain
32387409	adolescent;adult;aged;aged, 80 and over;antiviral agents;azithromycin;betacoronavirus;coronavirus infections;covid-19;covid-19 drug treatment;drug therapy, combination;female;follow-up studies;france;humans;hydroxychloroquine;male;middle aged;pandemics;pneumonia, viral;polymerase chain reaction;retrospective studies;sars-cov-2;time factors;treatment outcome;viral load;young adult
32387494	covid-19;endoscopy;health personnel;humans;italy;pandemics;sars-cov-2;severe acute respiratory syndrome
32389999	adaptation, psychological;adult;anxiety;china;coronavirus infections;counseling;covid-19;depression;dyssomnias;exercise therapy;health personnel;humans;mental health;middle aged;pandemics;pneumonia, viral;sleep;sleep latency;stress disorders, post-traumatic;stress, psychological
32396251	betacoronavirus;comorbidity;coronavirus infections;covid-19;humans;pandemics;pneumonia, viral;prognosis;sars-cov-2;skin diseases
32404126	adolescent;anxiety;betacoronavirus;coronavirus infections;covid-19;female;humans;male;pandemics;pneumonia, viral;psychotherapy, brief;randomized controlled trials as topic;sars-cov-2;telemedicine
32405517	attention deficit disorder with hyperactivity;betacoronavirus;coronavirus infections;covid-19;humans;pandemics;pneumonia, viral;sars-cov-2
32406952	adult;age factors;aged;china;comorbidity;covid-19;electronic health records;female;hospitalization;humans;hypoalbuminemia;liver diseases;male;middle aged;multivariate analysis;retrospective studies;risk factors
32407564	ageusia;anosmia;chills;covid-19;dizziness;family;female;histamine antagonists;humans;mexico;middle aged;urticaria;young adult
32417594	betacoronavirus;coronavirus infections;covid-19;humans;pandemics;pneumonia, viral;risk management;sars-cov-2
32418675	betacoronavirus;coronavirus infections;covid-19;humans;infection control;pandemics;pneumonia, viral;practice guidelines as topic;sars-cov-2;skin neoplasms;united kingdom
32420955	adolescent;betacoronavirus;child;clinical laboratory techniques;coronavirus infections;covid-19;covid-19 testing;female;humans;italy;male;pandemics;pneumonia, viral;sars-cov-2
32421878	bandages;covid-19;facial injuries;female;humans;hydrogels;male;masks;pandemics;sars-cov-2;skin
32425288	aged;body mass index;comorbidity;covid-19;cross-sectional studies;diabetes mellitus, type 2;female;hospitalization;humans;hypertension;intensive care units;male;middle aged;pandemics;respiration, artificial;reverse transcriptase polymerase chain reaction;sars-cov-2
32429681	awareness;betacoronavirus;coronavirus infections;covid-19;humans;pandemics;pneumonia, viral;public health;sars-cov-2;social media
32436576	covid-19;health personnel;humans;implementation science;pandemics;sars-cov-2
32437831	betacoronavirus;coronavirus infections;covid-19;humans;pandemics;pneumonia, viral;sars-cov-2
32442894	coronavirus infections;covid-19;humans;interdisciplinary communication;interdisciplinary research;mental disorders;pandemics;pneumonia, viral;psychiatry
32446801	blood glucose;coronavirus infections;covid-19;diabetes mellitus;humans;pandemics;pneumonia, viral;severe acute respiratory syndrome-related coronavirus
32449224	adult;age factors;aged;antiviral agents;biomarkers;china;comorbidity;coronavirus infections;covid-19;female;glucocorticoids;humans;immunologic factors;lymphocyte count;male;medicine, chinese traditional;middle aged;pandemics;pneumonia, viral;prognosis;retrospective studies;risk factors;treatment outcome
32450108	betacoronavirus;coronavirus infections;cost of illness;covid-19;empathy;humans;pandemics;pneumonia, viral;sars-cov-2
32451343	covid-19;decision making;humans;physicians;sars-cov-2;ventilators, mechanical;withholding treatment
32454066	angiotensin-converting enzyme 2;covid-19;databases, genetic;gene expression regulation;humans;keratinocytes;receptors, virus;risk;sars-cov-2;skin;tissue distribution
32458459	age factors;aged;biomarkers;covid-19;critical illness;cross-sectional studies;female;hospital mortality;humans;leukocyte count;lymphocytes;male;middle aged;multivariate analysis;neutrophils;odds ratio;prognosis;retrospective studies;roc curve;sex factors
32463093	antibodies, viral;betacoronavirus;certification;coronavirus infections;covid-19;humans;pandemics;pneumonia, viral;sars-cov-2;serologic tests;travel
32463534	aged;betacoronavirus;comorbidity;coronavirus infections;covid-19;disease management;female;heart failure;hospitals, university;humans;italy;male;pandemics;pneumonia, viral;sars-cov-2;telemedicine;tertiary care centers
32474574	centers for disease control and prevention, u.s.;covid-19;disease outbreaks;emigrants and immigrants;humans;sars-cov-2;united states
32476155	betacoronavirus;coronavirus infections;covid-19;female;gynecologic surgical procedures;humans;infection control;infectious disease transmission, patient-to-professional;laparoscopy;ovarian neoplasms;pandemics;pneumonia, viral;sars-cov-2;surgical oncology
32476260	biopsy, fine-needle;covid-19;humans;sars-cov-2;thyroid nodule
32476305	adolescent;adult;aged;aged, 80 and over;betacoronavirus;child;child, preschool;coronavirus infections;cost of illness;covid-19;disability evaluation;female;humans;infant;infant, newborn;male;middle aged;pandemics;pneumonia, viral;quality-adjusted life years;republic of korea;sars-cov-2;time factors;young adult
32480420	antiviral agents;betacoronavirus;coronavirus infections;covid-19;health services accessibility;humans;immunoglobulin light-chain amyloidosis;immunologic factors;pandemics;pneumonia, viral;sars-cov-2
32484943	betacoronavirus;coronavirus infections;covid-19;humans;infectious disease transmission, patient-to-professional;otolaryngologists;otorhinolaryngologic surgical procedures;pandemics;personal protective equipment;pneumonia, viral;sars-cov-2;united kingdom
32493494	adolescent;adult;aged;antiviral agents;betacoronavirus;chemoprevention;coronavirus infections;covid-19;double-blind method;female;humans;hydroxychloroquine;infectious disease transmission, patient-to-professional;male;middle aged;occupational exposure;occupational health;pandemics;pneumonia, viral;randomized controlled trials as topic;risk assessment;risk factors;sars-cov-2;spain;time factors;treatment outcome;young adult
32495372	adult;betacoronavirus;complement activation;complement inactivating agents;coronavirus infections;covid-19;female;hemoglobinuria, paroxysmal;hemolysis;humans;inflammation;male;middle aged;pandemics;pneumonia, viral;sars-cov-2
32495819	betacoronavirus;coronavirus infections;covid-19;humans;internationality;pandemics;plastic surgery procedures;pneumonia, viral;sars-cov-2;surgery, plastic;sweden
32495830	academic medical centers;betacoronavirus;california;computers, handheld;coronavirus infections;covid-19;hospitals, county;hospitals, pediatric;humans;infectious disease transmission, patient-to-professional;inpatients;pandemics;pneumonia, viral;safety-net providers;sars-cov-2;teaching rounds;telemedicine
32500431	aged;coronavirus infections;covid-19;female;humans;italy;kidney transplantation;liver transplantation;male;middle aged;neoplasms;pandemics;pneumonia, viral;surgical procedures, operative;tertiary care centers;time factors
32500589	adolescent;anticoagulants;betacoronavirus;biomarkers;coronavirus infections;covid-19;fibrin fibrinogen degradation products;heparin;humans;male;middle aged;pandemics;pneumonia, viral;sars-cov-2;thrombophlebitis
32502119	betacoronavirus;coronavirus infections;covid-19;hospitals;humans;pandemics;pneumonia, viral;sars-cov-2;surveys and questionnaires;taiwan;visitors to patients
32502597	betacoronavirus;coronavirus infections;correspondence as topic;covid-19;humans;narration;new york city;pandemics;physicians;pneumonia, viral;sars-cov-2
32503857	adult;aged;aged, 80 and over;antibodies, monoclonal, humanized;antirheumatic agents;arthritis, rheumatoid;betacoronavirus;coronavirus infections;covid-19;female;glucocorticoids;hospitalization;humans;hydroxychloroquine;intensive care units;interleukin 1 receptor antagonist protein;janus kinase inhibitors;male;methotrexate;middle aged;pandemics;pneumonia, viral;rheumatic diseases;rituximab;sars-cov-2;spain;spondylarthropathies;tumor necrosis factor inhibitors
32511752	acute kidney injury;ambulatory care facilities;betacoronavirus;brazil;continuous renal replacement therapy;coronavirus infections;covid-19;humans;kidney failure, chronic;nephrology;pandemics;peritoneal dialysis;personal protective equipment;pneumonia, viral;renal dialysis;sars-cov-2;time factors
32511859	betacoronavirus;bipolar disorder;communicable disease control;coronavirus infections;covid-19;delivery of health care;humans;mental health;mental health services;organizational innovation;pandemics;pneumonia, viral;sars-cov-2;social isolation;social stigma
32512187	coronavirus infections;covid-19;decision making;decision support techniques;emergencies;emergency medical services;humans;pandemics;pneumonia, viral
32516844	china;covid-19;heart injuries;hospitals;humans;laboratories;sars-cov-2
32517888	betacoronavirus;coronavirus infections;covid-19;female;humans;intracranial thrombosis;middle aged;myocardial infarction;pandemics;pneumonia, viral;sars-cov-2;stroke;tomography, x-ray computed
32524792	adolescent;asymptomatic infections;betacoronavirus;child;china;coronavirus infections;covid-19;disease progression;female;humans;image processing, computer-assisted;lung;male;pandemics;pneumonia, viral;retrospective studies;sars-cov-2;tomography, x-ray computed
32527466	betacoronavirus;cardiovascular diseases;coronavirus infections;covid-19;healthy lifestyle;humans;inflammation;pandemics;pneumonia, viral;protective factors;sars-cov-2;severe acute respiratory syndrome-related coronavirus
32527570	aged;antiviral agents;betacoronavirus;clinical laboratory techniques;coronavirus infections;covid-19;covid-19 testing;humans;immunocompromised host;laryngeal neoplasms;laryngectomy;male;nasopharynx;pandemics;pneumonia, viral;respiration, artificial;risk factors;sars-cov-2;smoking;squamous cell carcinoma of head and neck;tomography, x-ray computed;trachea;treatment outcome
32530130	betacoronavirus;comorbidity;coronavirus infections;covid-19;exanthema;humans;male;middle aged;pandemics;pneumonia, viral;purpura;sars-cov-2;skin
32530889	adult;betacoronavirus;boston;clinical laboratory techniques;coronavirus infections;covid-19;covid-19 testing;female;health personnel;humans;pandemics;pneumonia, viral;prevalence;residential treatment;sars-cov-2;substance abuse treatment centers;young adult
32532625	betacoronavirus;coronavirus infections;covid-19;humans;neurological rehabilitation;pandemics;parkinson disease;pneumonia, viral;sars-cov-2;smartphone;telemedicine
32533432	asian american native hawaiian and pacific islander;betacoronavirus;covid-19;humans;pandemics;pneumonia, viral;racism;sars-cov-2
32534631	betacoronavirus;china;coronavirus;coronavirus infections;covid-19;education, medical;humans;pandemics;pneumonia, viral;sars-cov-2
32539647	administration, inhalation;betacoronavirus;coronavirus infections;covid-19;endothelium-dependent relaxing factors;female;humans;male;middle aged;nitric oxide;pandemics;pneumonia, viral;respiration;sars-cov-2;treatment outcome
32553562	administration, intranasal;administration, oral;adrenal cortex hormones;betacoronavirus;clinical laboratory techniques;coronavirus infections;covid-19;covid-19 testing;dysgeusia;early diagnosis;humans;nasal lavage;olfaction disorders;pandemics;pneumonia, viral;prognosis;sars-cov-2;virus diseases
32558002	anosmia;covid-19;europe;headache;health surveys;humans;myalgia;neurology;psychomotor agitation
32561113	blood component transfusion;covid-19;covid-19 serotherapy;free radicals;humans;immunization, passive;sars-cov-2
32562278	betacoronavirus;chloroquine;coronavirus infections;covid-19;covid-19 drug treatment;drug delivery systems;humans;hydroxychloroquine;lung;pandemics;pneumonia, viral;sars-cov-2
32563690	betacoronavirus;coronavirus infections;covid-19;humans;pandemics;pneumonia, viral;sars-cov-2;smell;taste disorders
32565264	betacoronavirus;coronavirus infections;covid-19;humans;pandemics;patient positioning;pneumonia, viral;pressure ulcer;prone position;sars-cov-2
32569772	aged;aged, 80 and over;betacoronavirus;coronavirus infections;covid-19;female;fibrin fibrinogen degradation products;humans;intestines;ischemia;male;middle aged;pandemics;pneumonia, viral;prognosis;retrospective studies;sars-cov-2;thromboembolism;thrombophilia
32578210	betacoronavirus;biological products;coronavirus infections;covid-19;dermatology;hidradenitis suppurativa;humans;immunocompromised host;infection control;pandemics;pneumonia, viral;sars-cov-2;symptom flare up;telemedicine
32580924	coronavirus infections;covid-19;disease outbreaks;global health;humans;pandemics;perioperative nursing;pneumonia, viral
32583171	adrenal cortex hormones;adult;aged;biomarkers;covid-19;covid-19 drug treatment;female;humans;male;middle aged;polymerase chain reaction;rna, viral;sars-cov-2;tomography, x-ray computed;treatment outcome
32583347	asymptomatic diseases;betacoronavirus;clinical laboratory techniques;coronavirus infections;covid-19;covid-19 testing;false positive reactions;humans;pandemics;pneumonia, viral;risk factors;sars-cov-2
32583423	betacoronavirus;communicable disease control;coronavirus infections;covid-19;disaster planning;health promotion;health status disparities;healthcare disparities;humans;leadership;pandemics;personal protective equipment;pneumonia, viral;risk reduction behavior;sars-cov-2;self-help groups;social norms;socioeconomic factors;trust
32589348	betacoronavirus;coronavirus infections;covid-19;humans;middle aged;pandemics;pneumonia, viral;sars-cov-2;stroke;tomography, x-ray computed
32590006	betacoronavirus;coronavirus infections;covid-19;disease transmission, infectious;endoscopy;humans;pandemics;personal protective equipment;pneumonia, viral;practice guidelines as topic;sars-cov-2
32590073	betacoronavirus;big data;clinical protocols;coronavirus;coronavirus infections;covid-19;data science;disposable equipment;elective surgical procedures;electrocoagulation;endoscopy;equipment contamination;health care rationing;health personnel;humans;infectious disease transmission, patient-to-professional;laparoscopy;neoplasms;operating rooms;pandemics;patient selection;personal protective equipment;pneumonia, viral;sars-cov-2;ultrasonic surgical procedures
32590691	coronavirus;covid-19;humans;hydrogen sulfide;pneumonia;sars-cov-2
32591496	betacoronavirus;coronavirus infections;covid-19;humans;pandemics;peptidyl-dipeptidase a;pneumonia, viral;sars-cov-2;severe acute respiratory syndrome-related coronavirus
32599069	adolescent;adrenal cortex hormones;adult;anti-bacterial agents;betacoronavirus;bronchoscopy;clinical laboratory techniques;coronavirus infections;covid-19;covid-19 testing;diagnosis, differential;dronabinol;electronic nicotine delivery systems;female;humans;influenza, human;intensive care units;lung;lung injury;male;middle aged;noninvasive ventilation;oxygen inhalation therapy;pandemics;pneumonia, viral;respiration, artificial;sars-cov-2;severity of illness index;tomography, x-ray computed;vaping;young adult
32599201	academic medical centers;adolescent;aged;ambulatory care;betacoronavirus;brain neoplasms;child;child, preschool;coronavirus infections;covid-19;craniotomy;device removal;endovascular procedures;epilepsy;female;humans;hydrocephalus;infant;male;middle aged;neurosurgery;neurosurgical procedures;pandemics;plastic surgery procedures;pneumonia, viral;prosthesis implantation;referral and consultation;sars-cov-2;spinal diseases;spinal injuries;telemedicine;tennessee;vascular surgical procedures
32602111	adult;airway management;cholesteatoma, middle ear;covid-19;disease transmission, infectious;humans;male;otologic surgical procedures;patient isolators;sars-cov-2
32605729	betacoronavirus;cardiac surgical procedures;coronavirus;coronavirus infections;covid-19;humans;pandemics;pneumonia, viral;sars-cov-2
32609380	australia;betacoronavirus;coronavirus infections;covid-19;humans;insurance, disability;national health programs;pandemics;pneumonia, viral;sars-cov-2
32610808	canada;covid-19;health planning;health policy;humans;sars-cov-2;united kingdom
32613682	betacoronavirus;brain;coma;coronavirus infections;covid-19;electroencephalography;functional neuroimaging;humans;magnetic resonance imaging;male;middle aged;neural pathways;pandemics;persistent vegetative state;pneumonia, viral;prognosis;recovery of function;renal insufficiency;respiration, artificial;respiratory distress syndrome;sars-cov-2;shock
32613934	betacoronavirus;coronavirus infections;covid-19;heart defects, congenital;humans;infant, newborn;pandemics;perioperative care;pneumonia, viral;sars-cov-2
32618967	adult;betacoronavirus;child;coronavirus infections;covid-19;firearms;geography;health services accessibility;hospitals, military;humans;infection control;infectious disease transmission, patient-to-professional;pandemics;philadelphia;pneumonia, viral;practice guidelines as topic;sars-cov-2;spatial analysis;trauma centers;wounds and injuries
32619319	covid-19;curriculum;dermatology;education, distance;education, medical, undergraduate;educational measurement;humans;sars-cov-2
32621859	covid-19;female;humans;infant, newborn;infectious disease transmission, vertical;pregnancy;pregnancy complications, infectious;prenatal care;sars-cov-2
32624392	coronavirus infections;covid-19;humans;otolaryngology;pandemics;pneumonia, viral;simulation training;tracheostomy
32624433	betacoronavirus;civil defense;coronavirus infections;covid-19;global health;humans;italy;pandemics;pneumonia, viral;sars-cov-2
32631682	betacoronavirus;clinical laboratory techniques;coronavirus infections;covid-19;covid-19 testing;cross-sectional studies;delivery of health care;health facilities;health personnel;health resources;hospitals;humans;intensive care units;libya;pandemics;personal protective equipment;pneumonia, viral;sars-cov-2;surveys and questionnaires;ventilators, mechanical;world health organization
32634003	adaptation, psychological;attitude to health;betacoronavirus;coronavirus infections;covid-19;humans;pandemics;pneumonia, viral;quality of life;religion;religion and medicine;sars-cov-2;social support;spirituality;stress, psychological
32634111	adaptation, psychological;adolescent;adolescent behavior;behavior, addictive;betacoronavirus;communicable disease control;coronavirus infections;covid-19;education, distance;humans;mental health;pandemics;pneumonia, viral;sars-cov-2;social isolation;video games
32639559	betacoronavirus;coronavirus infections;covid-19;diplomacy;global health;humans;pandemics;pneumonia, viral;sars-cov-2;travel;yellow fever
32644258	betacoronavirus;coronavirus infections;covid-19;health behavior;humans;pandemics;pneumonia, viral;psychological theory;psychology, social;research;sars-cov-2;social behavior;social identification;social norms
32646505	adult;aged;aged, 80 and over;betacoronavirus;carrier state;cohort studies;coronavirus infections;covid-19;female;humans;male;middle aged;neoplasms;pandemics;pneumonia, viral;polymerase chain reaction;prevalence;sars-cov-2
32653855	adolescent;adult;covid-19;depression, postpartum;female;humans;maternal health services;mental health services;middle aged;nepal;pregnancy;pregnancy complications;stress, psychological;young adult
32657272	china;coronavirus infections;covid-19;human migration;humans;pandemics;pneumonia, viral;severe acute respiratory syndrome
32658716	animals;antiviral agents;betacoronavirus;coronavirus infections;covid-19;covid-19 drug treatment;france;humans;italy;ivermectin;mediterranean sea;nematoda;pandemics;pneumonia, viral;sars-cov-2;spain
32659213	betacoronavirus;blood coagulation disorders;coronavirus infections;covid-19;humans;pandemics;pneumonia, viral;prognosis;retrospective studies;risk factors;sars-cov-2
32661235	antiviral agents;betacoronavirus;chromatin assembly and disassembly;coronavirus infections;covid-19;gene expression regulation;heat-shock proteins;heterogeneous-nuclear ribonucleoproteins;host-pathogen interactions;humans;molecular targeted therapy;pandemics;pneumonia, viral;rna polymerase ii;rna precursors;sars-cov-2;severity of illness index;signal transduction;transcription, genetic;virus replication
32666316	betacoronavirus;coronavirus infections;covid-19;cross-sectional studies;female;humans;italy;male;middle aged;pandemics;pneumonia, viral;prospective studies;reproducibility of results;sars-cov-2;tomography, x-ray computed
32672061	angiotensin-converting enzyme 2;animals;antiviral agents;coronavirus infections;covid-19;humans;pandemics;peptides;peptidomimetics;peptidyl-dipeptidase a;pneumonia, viral;spike glycoprotein, coronavirus;virus internalization
32673494	betacoronavirus;coronavirus infections;covid-19;female;host microbial interactions;humans;middle aged;myocarditis;pandemics;pneumonia, viral;risk factors;sars-cov-2;takotsubo cardiomyopathy;treatment outcome;ventricular function, left
32673509	angiotensin ii type 2 receptor blockers;angiotensin-converting enzyme 2;angiotensin-converting enzyme inhibitors;animals;betacoronavirus;coronavirus infections;covid-19;enalapril;losartan;male;mice;mice, inbred c57bl;pandemics;peptidyl-dipeptidase a;pneumonia, viral;rna, messenger;sars-cov-2;serine endopeptidases;tissue distribution
32675000	adult;antibodies, viral;betacoronavirus;clinical laboratory techniques;coronavirus infections;covid-19;covid-19 testing;cross-sectional studies;female;humans;male;middle aged;pandemics;pneumonia, viral;sars-cov-2;time factors
32677385	adult;betacoronavirus;coronavirus infections;covid-19;female;humans;male;middle aged;nomograms;pandemics;pneumonia, viral;prognosis;proportional hazards models;retrospective studies;sars-cov-2;tomography, x-ray computed
32680626	adaptation, psychological;adult;betacoronavirus;child;coronavirus infections;covid-19;cross-sectional studies;female;guideline adherence;humans;male;middle aged;pandemics;pneumonia, viral;sars-cov-2;stress, psychological;surveys and questionnaires;urologists
32681166	aged;aged, 80 and over;autopsy;betacoronavirus;bone marrow;coronavirus infections;covid-19;fatal outcome;female;humans;liver;lung;lymph nodes;lymphohistiocytosis, hemophagocytic;male;middle aged;pandemics;pneumonia, viral;sars-cov-2;spleen
32682490	betacoronavirus;biomedical research;coronavirus infections;covid-19;health policy;health priorities;humans;information dissemination;international cooperation;pandemics;pneumonia, viral;research support as topic;sars-cov-2
32684300	betacoronavirus;coronavirus infections;covid-19;humans;pandemics;pneumonia, viral;sars-cov-2
32686375	aged;betacoronavirus;coronavirus infections;covid-19;disease transmission, infectious;humans;male;pandemics;pneumonia, viral;respiration, artificial;sars-cov-2;tracheostomy
32688022	adolescent;adult;aged;anxiety;anxiety disorders;betacoronavirus;coronavirus;coronavirus infections;covid-19;depression;fear;female;humans;male;mental health;middle aged;pandemics;pneumonia, viral;sars-cov-2;saudi arabia;surveys and questionnaires;young adult
32692733	autoimmune pancreatitis;betacoronavirus;coronavirus infections;covid-19;dose-response relationship, drug;glucocorticoids;humans;male;middle aged;pandemics;pneumonia, viral;prednisone;sars-cov-2
32693101	canada;chronic disease;consensus development conferences as topic;covid-19;critical care;cystic fibrosis;forced expiratory volume;frailty;health care rationing;health resources;health services accessibility;humans;intensive care units;mortality;oxygen inhalation therapy;patient selection;prognosis;pulmonary arterial hypertension;pulmonary diffusing capacity;pulmonary disease, chronic obstructive;pulmonary fibrosis;pulmonary medicine;respiratory function tests;respiratory tract diseases;societies, medical;surge capacity;triage
32694498	aged;betacoronavirus;coronavirus infections;covid-19;dna, viral;humans;intensive care units;male;pandemics;pneumonia, viral;sars-cov-2;thrombosis
32701938	adolescent;adult;aged;aged, 80 and over;child;coronavirus infections;covid-19;ethnicity;female;humans;indiana;male;middle aged;pandemics;pneumonia, viral;prevalence;public health surveillance;racial groups;young adult
32708803	betacoronavirus;coronavirus infections;covid-19;deep learning;humans;machine learning;pandemics;pneumonia, viral;roc curve;sars-cov-2;tomography, x-ray computed
32710774	academic medical centers;connecticut;coronavirus infections;covid-19;formularies as topic;formularies, hospital as topic;humans;interdisciplinary communication;leadership;medication systems, hospital;pandemics;patient care;pharmaceutical preparations;pharmacists;pharmacy;pharmacy service, hospital;pneumonia, viral
32717208	betacoronavirus;biological specimen banks;communicable disease control;communicable diseases;coronavirus infections;covid-19;diagnostic tests, routine;epidemics;humans;international cooperation;pandemics;pneumonia, viral;sars-cov-2;specimen handling;sustainable development
32721925	ambulatory care;betacoronavirus;chronic disease;coronavirus infections;covid-19;health personnel;hospitals;humans;pandemics;pneumonia, viral;referral and consultation;sars-cov-2;telemedicine
32729279	betacoronavirus;china;coronavirus infections;covid-19;humans;infection control;pandemics;pneumonia, viral;sars-cov-2
32730222	academic medical centers;adult;augmented reality;betacoronavirus;coronavirus infections;covid-19;female;health personnel;humans;male;pandemics;pilot projects;pneumonia, viral;prospective studies;sars-cov-2;telemedicine;united kingdom
32745596	aged;anti-bacterial agents;bacterial infections;bacterial typing techniques;blood culture;coinfection;community-acquired infections;covid-19;cross infection;female;hospitalization;hospitals;humans;incidence;male;middle aged;mycoses;retrospective studies;sars-cov-2;spain;sputum;superinfection;survival analysis;virus diseases
32753072	covid-19;health personnel;humans;nursing homes;pandemics;sars-cov-2
32759252	adult;betacoronavirus;child;communicable diseases;coronavirus infections;covid-19;global health;hospitalization;humans;pandemics;pneumonia, viral;polymerase chain reaction;sars-cov-2;viral load
32761914	adult;aged;central nervous system infections;covid-19;female;humans;hypoxia;male;middle aged;vascular diseases;young adult
32762083	adult;aged, 80 and over;autopsy;brain;covid-19;female;humans;male;middle aged;sars-cov-2
32776354	betacoronavirus;coronavirus infections;covid-19;covid-19 drug treatment;diabetes mellitus;disease progression;drug repositioning;humans;inflammasomes;inflammation;nlr family, pyrin domain-containing 3 protein;obesity;pandemics;pneumonia, viral;risk factors;sars-cov-2
32776524	anesthetists;burnout, psychological;covid-19;depression;health personnel;humans;pandemics;psychological distress;sars-cov-2
32776538	adolescent;adult;aged;aged, 80 and over;blood platelets;covid-19;erythrocytes;female;hemolysis;humans;male;middle aged;thrombocytopenia;young adult
32784414	betacoronavirus;coronavirus infections;covid-19;dental offices;disinfection;guideline adherence;humans;pandemics;pneumonia, viral;practice guidelines as topic;sars-cov-2;sterilization
32787601	betacoronavirus;coronavirus infections;covid-19;delayed diagnosis;delivery of health care;general practice;general practitioners;health policy;health services accessibility;humans;pandemics;pneumonia, viral;quarantine;sars-cov-2;telemedicine;time-to-treatment;videoconferencing
32791524	child;coronavirus infections;covid-19;health status disparities;humans;pandemics;pneumonia, viral;psychology, child;racism;violence
32794209	adolescent;adult;aged;covid-19;cross-sectional studies;female;hong kong;humans;male;middle aged;olfaction disorders;prevalence;prognosis;prospective studies;sars-cov-2;severity of illness index;taste disorders;viral load;young adult
32799739	adolescent;australia;child;child, preschool;coronavirus infections;covid-19;female;hospice and palliative care nursing;humans;infant;infant, newborn;male;pandemics;pediatric nursing;pneumonia, viral;remote consultation;telemedicine
32813879	adult;age factors;aged;bcg vaccine;betacoronavirus;coronavirus infections;covid-19;cross-sectional studies;disease progression;female;humans;male;middle aged;pandemics;pneumonia, viral;poverty;retrospective studies;risk;sars-cov-2;severity of illness index;turkey;vaccination
32817714	adolescent;adult;betacoronavirus;coronavirus infections;covid-19;cross-sectional studies;disease transmission, infectious;disgust;female;hand disinfection;health behavior;humans;infection control;male;masks;middle aged;pandemics;pneumonia, viral;sars-cov-2;self report;young adult
32820721	adolescent;adult;age factors;aged;asymptomatic infections;betacoronavirus;coronavirus infections;covid-19;female;health personnel;hospitals, teaching;humans;incidence;infectious disease transmission, patient-to-professional;intensive care units;male;middle aged;pandemics;pneumonia, viral;risk;sars-cov-2;surveys and questionnaires;united kingdom;young adult
32823922	efficiency, organizational;hospitals, private;hospitals, public;humans;multilevel analysis;ownership;public-private sector partnerships;spain
32833711	betacoronavirus;coronavirus infections;covid-19;humans;infection control;operating rooms;pandemics;pneumonia, viral;sars-cov-2
32839250	animals;betacoronavirus;cell survival;chlorocebus aethiops;clinical laboratory techniques;coronavirus infections;covid-19;covid-19 testing;filtration;humans;indicators and reagents;pandemics;pneumonia, viral;sars-cov-2;vero cells;virus inactivation
32839921	covid-19;emergency medical services;extracellular vesicles;humans;sars-cov-2;stem cells
32840829	africa;bioethical issues;communicable disease control;covid-19;developing countries;humans;kenya;pandemics;sars-cov-2;social control, formal
32847744	betacoronavirus;coronavirus infections;covid-19;delirium;humans;melatonin;pandemics;pneumonia, viral;sars-cov-2
32868442	betacoronavirus;coronavirus infections;covid-19;humans;limit of detection;molecular diagnostic techniques;nasal mucosa;pandemics;pneumonia, viral;point-of-care testing;reproducibility of results;reverse transcriptase polymerase chain reaction;sars-cov-2;smartphone
32878481	aerosols;betacoronavirus;child;coronavirus infections;covid-19;humans;pandemics;pneumonia, viral;psychological distance;sars-cov-2;schools;students
32887260	annexin a1;betacoronavirus;clinical trials as topic;coronavirus infections;covid-19;exosomes;gamma rays;humans;mesenchymal stem cell transplantation;mesenchymal stem cells;pandemics;pneumonia, viral;respiratory distress syndrome;sars-cov-2
32897869	computer security;coronavirus infections;covid-19;delivery of health care;electronic health records;humans;pandemics;pneumonia, viral;privacy
32911311	betacoronavirus;cerebral hemorrhage;coronavirus infections;covid-19;critical illness;humans;magnetic resonance imaging;pandemics;pneumonia, viral;sars-cov-2;stroke
32926122	adolescent;allopurinol;anemia, hemolytic, autoimmune;anti-bacterial agents;antineoplastic combined chemotherapy protocols;betacoronavirus;combined modality therapy;coronavirus infections;covid-19;cytokine release syndrome;daunorubicin;fluid therapy;humans;male;methylprednisolone;nitriles;pandemics;pneumonia, viral;precursor b-cell lymphoblastic leukemia-lymphoma;pyrazoles;pyrimidines;respiration, artificial;respiratory distress syndrome;sars-cov-2;vincristine
32945597	alcohol drinking;chromatography, liquid;covid-19;humans;longitudinal studies;physical distancing;quarantine;sars-cov-2;south australia;sulfuric acid esters;tandem mass spectrometry;wastewater
32954595	adolescent;adult;aged;covid-19;factor analysis, statistical;feeding and eating disorders;female;humans;male;middle aged;obesity;psychiatric status rating scales;psychometrics;social isolation;spain;young adult
32964802	angiotensin-converting enzyme 2;covid-19;humans;molecular docking simulation;polymorphism, single nucleotide;protein binding;rna, viral;sars-cov-2;spike glycoprotein, coronavirus;virus internalization
32985745	adult;aged;covid-19;dermatitis, occupational;facial dermatoses;female;hand dermatoses;hand disinfection;humans;infectious disease transmission, patient-to-professional;male;middle aged;n95 respirators;occupational health;personal protective equipment;personnel, hospital;quality of life;risk assessment;risk factors;young adult
32988978	adult;betacoronavirus;cesarean section;coronary angiography;coronavirus infections;covid-19;diagnosis, differential;echocardiography;electrocardiography;female;gestational age;heart ventricles;humans;pandemics;pneumonia, viral;pregnancy;pregnancy complications, cardiovascular;pregnancy complications, infectious;pregnancy outcome;sars-cov-2;takotsubo cardiomyopathy;treatment outcome
32991794	2019-ncov vaccine mrna-1273;aged;antibodies, neutralizing;antibodies, viral;covid-19;covid-19 vaccines;dose-response relationship, drug;female;humans;male;middle aged;neutralization tests;sars-cov-2;spike glycoprotein, coronavirus;t-lymphocytes
32996588	blood banks;blood donors;blood safety;blood transfusion;china;covid-19;disease outbreaks;humans;iran;life style;safety management;transfusion reaction
32997560	algorithms;clinical decision-making;computer simulation;covid-19;datasets as topic;deep learning;humans;image processing, computer-assisted;lung;neural networks, computer;pandemics;pneumonia;sars-cov-2;sensitivity and specificity;tomography, x-ray computed
33006551	adolescent;camping;child;covid-19;diabetes mellitus, type 1;education, distance;female;friends;humans;internet;internet-based intervention;male;pandemics;sars-cov-2;social media;turkey
33036293	antiviral agents;betacoronavirus;binding sites;coronavirus 3c proteases;coronavirus infections;covid-19;cysteine endopeptidases;drug discovery;humans;hydrazones;molecular docking simulation;molecular dynamics simulation;pandemics;pneumonia, viral;protease inhibitors;protein binding;protein conformation, alpha-helical;protein conformation, beta-strand;protein interaction domains and motifs;pyrazines;pyrazoles;sars-cov-2;thermodynamics;user-computer interface;viral nonstructural proteins
33038229	anti-bacterial agents;antimicrobial stewardship;cohort studies;coinfection;covid-19;critical illness;hospitals;humans;sars-cov-2
33054263	africa south of the sahara;betacoronavirus;coronavirus infections;covid-19;delivery of health care;health services accessibility;hiv infections;humans;malaria;pandemics;patient advocacy;pneumonia, viral;poverty;privatization;right to health;sars-cov-2
33058235	antibodies, viral;bcg vaccine;covid-19;cross protection;host microbial interactions;humans;hygiene hypothesis;immunity, innate;social determinants of health
33082265	adult;anti-inflammatory agents;azathioprine;covid-19;drug therapy, combination;female;humans;inflammatory bowel diseases;international cooperation;male;mercaptopurine;registries;risk adjustment;sars-cov-2;severity of illness index;tumor necrosis factor inhibitors
33091331	adolescent;adult;aged;aged, 80 and over;basic reproduction number;bosnia and herzegovina;child;child, preschool;covid-19;disaster planning;disease outbreaks;female;geography;hospitalization;humans;infant;male;middle aged;public health;quarantine;real-time polymerase chain reaction;reverse transcriptase polymerase chain reaction;young adult
33112948	aged;aged, 80 and over;caregivers;communicable disease control;covid-19;female;health services needs and demand;humans;india;male;middle aged;volunteers
33119257	antiviral agents;catalytic domain;coronavirus 3c proteases;coronavirus protease inhibitors;drug discovery;drug repositioning;molecular dynamics simulation;neural networks, computer;protein binding;workflow
33152182	betacoronavirus;biomedical research;capacity building;clinical trials as topic;communication;coronavirus infections;covid-19;ethics, research;health information systems;humans;international cooperation;latin america;pandemics;pneumonia, viral;public health practice;research support as topic;sars-cov-2
33165674	adult;aged;betacoronavirus;coronavirus infections;covid-19;disease progression;female;humans;male;middle aged;pandemics;pneumonia, viral;radiography, thoracic;retrospective studies;sars-cov-2;tomography, x-ray computed
33169260	covid-19;delivery of health care;france;humans;italy;pandemics;sars-cov-2;social values;triage
33190222	acute kidney injury;biomarkers;covid-19;critical care;female;humans;intensive care units;male;middle aged;oliguria;prospective studies;renal replacement therapy;sars-cov-2
33191649	animals;antibodies, viral;cat diseases;cats;covid-19;croatia;dog diseases;dogs;humans;public health;sars-cov-2;seroepidemiologic studies
33203639	adult;covid-19;cross-sectional studies;female;humans;pandemics;pregnancy;pregnancy complications, infectious;prenatal care;public health;referral and consultation;sars-cov-2;telemedicine;young adult
33231569	angiotensin-converting enzyme 2;cathepsin b;cathepsin l;computational biology;covid-19;dna methylation;epigenesis, genetic;epigenomics;female;gene expression regulation, neoplastic;genetic variation;humans;mutation;neoplasms;pandemics;risk assessment;risk factors;sars-cov-2;transcriptome;virus internalization
33239765	angiogenesis inhibitors;covid-19;follow-up studies;humans;intravitreal injections;pandemics;ranibizumab;retreatment;sars-cov-2;treatment outcome;vascular endothelial growth factor a;visual acuity;wet macular degeneration
33244583	animals;betacoronavirus;coronavirus;covid-19;genome, viral;humans;pandemics;sars-cov-2
33245005	anti-inflammatory agents;covid-19;covid-19 drug treatment;cytokines;dose-response relationship, drug;endothelial cells;gene expression regulation;humans;inflammation;inflammation mediators;janus kinase inhibitors;janus kinases
33246573	covid-19;covid-19 testing;female;humans;incidental findings;middle aged;positron emission tomography computed tomography;solitary pulmonary nodule
33251983	antiviral agents;coronavirus 3c proteases;covid-19 drug treatment;flavonoids;humans;molecular docking simulation;molecular dynamics simulation;pandemics;peptide hydrolases;protease inhibitors;sars-cov-2
33253073	covid-19;humans;mentoring
33257418	biomedical research;covid-19;covid-19 vaccines;drug industry;game theory;global health;humans;internationality;sars-cov-2
33259882	aerosols;covid-19;cross infection;disease outbreaks;disinfection;england;female;fomites;health facilities;health personnel;hospitals;humans;infection control;male;personal protective equipment;reverse transcriptase polymerase chain reaction;rna, viral;sars-cov-2
33264497	angiotensin-converting enzyme 2;antiviral agents;binding sites;covid-19;host-pathogen interactions;humans;pandemics;protein binding;protein domains;receptors, virus;respiratory mucosa;sars-cov-2;spike glycoprotein, coronavirus;virus attachment;virus internalization
33306721	adult;aged;aged, 80 and over;covid-19;female;hospitalization;humans;male;mental health;middle aged;new jersey;prospective studies;quality of life;sars-cov-2;time factors
33310765	brain;central nervous system diseases;covid-19;humans;inflammation mediators
33315061	contact tracing;covid-19;humans;incidence;reinfection;sars-cov-2
33322462	covid-19;emergencies;health policy;humans;italy;patient rights;public health administration;quarantine;sars-cov-2
33330343	cause of death;covid-19;global health;humans;life expectancy;pandemics;principal component analysis;prospective studies;sars-cov-2;vulnerable populations
33337295	covid-19;humans;mental health;obesity;periodicals as topic;pharmacy;public health;publishing;sars-cov-2
33341894	angiotensin-converting enzyme inhibitors;antiviral agents;covid-19;diet;humans;japan;sars-cov-2;seaweed
33347319	black or african american;covid-19;humans;information seeking behavior;public health;sars-cov-2
33350677	aerosols;air pressure;covid-19;endoscopy, gastrointestinal;enteral nutrition;filtration;gastrostomy;humans;infectious disease transmission, patient-to-professional;male;middle aged;minimally invasive surgical procedures;operating rooms;patient isolation;tracheostomy
33351828	algorithms;covid-19;humans;internet;metabolic networks and pathways;proteins;sars-cov-2
33352250	clostridioides;clostridioides difficile;clostridium infections;covid-19;cross infection;delivery of health care;hospitals;humans;sars-cov-2
33364344	anatomy;computer-assisted instruction;consumer behavior;covid-19;education, distance;education, medical, undergraduate;faculty, medical;humans;pandemics;sars-cov-2;students, medical;time factors
33373651	antiviral agents;carbamates;china;covid-19;humans;imidazoles;pyrrolidines;sars-cov-2;sofosbuvir;valine
33378607	covid-19;covid-19 vaccines;humans;rna, messenger;sars-cov-2;vaccines
33382861	covid-19;covid-19 nucleic acid testing;dna primers;humans;limit of detection;molecular diagnostic techniques;nasopharynx;nucleic acid amplification techniques;rna, viral;sars-cov-2
33388064	adaptation, psychological;adult;covid-19;factor analysis, statistical;female;health status;humans;male;middle aged;psychometrics;quality of life;reproducibility of results;self care;surveys and questionnaires
33393462	amino acid motifs;animals;cell fusion;cell line, tumor;chlorocebus aethiops;covid-19;humans;organoids;respiratory system;sars-cov-2;serine endopeptidases;severe acute respiratory syndrome-related coronavirus;spike glycoprotein, coronavirus;vero cells;virus internalization
33400475	clinical trials as topic;covid-19;dyspnea;humans;multiple organ failure;outcome assessment, health care;practice guidelines as topic;recovery of function;reproducibility of results;research design;respiratory insufficiency
33410294	adult;antibodies, viral;asymptomatic infections;automation;covid-19;covid-19 serological testing;croatia;electrochemistry;false positive reactions;female;health personnel;hospitals, university;humans;immunoglobulin g;luminescence;middle aged;pilot projects;reproducibility of results;sensitivity and specificity;seroepidemiologic studies
33430698	adult;attitude of health personnel;bioethics;covid-19;cross-sectional studies;decision making;female;humans;male;middle aged;norway;pandemics;psychological distress;sars-cov-2;surveys and questionnaires
33433382	coronavirus;coronavirus infections;covid-19;cross-sectional studies;disease outbreaks;humans;pandemics;prevalence;sars-cov-2;stress disorders, post-traumatic
33435808	adaptive immunity;animals;b-lymphocytes;biological evolution;immunity, innate;immunologic memory;t-lymphocytes
33439908	cities;covid-19;cross-sectional studies;disease susceptibility;female;humans;male;middle aged;prognosis;severity of illness index;sex distribution;united states
33444411	adult;aged;aged, 80 and over;cohort studies;covid-19;female;hospital mortality;hospitalization;humans;italy;male;middle aged;mobile applications;retrospective studies;risk assessment;risk factors;roc curve;sars-cov-2
33448086	australia;covid-19;health equity;humans;ill-housed persons;pandemics;persons with disabilities;public health administration;refugees;sars-cov-2;transients and migrants;vulnerable populations
33452734	covid-19 drug treatment;drugs, chinese herbal;humans;molecular docking simulation;network pharmacology;powders;sars-cov-2
33461214	antibodies, viral;covid-19;covid-19 serological testing;humans;immunoglobulin g;laboratory proficiency testing;reproducibility of results;sars-cov-2;united states
33461516	arabs;comprehension;consumer health information;covid-19;humans;internet;language
33461626	aerosols;aged;air microbiology;equipment contamination;female;humans;intensive care units;intubation, intratracheal;male;middle aged;sars-cov-2;tracheostomy;virus shedding
33461841	adult;covid-19;cross-sectional studies;health personnel;hospitals;humans;middle aged;seroepidemiologic studies;taiwan
33465165	animals;chlorocebus aethiops;covid-19;covid-19 drug treatment;humans;hydroxychloroquine;sars-cov-2;serine endopeptidases;spike glycoprotein, coronavirus;vero cells;virus internalization
33469977	binding sites;covid-19;fatty acids;humans;ligands;molecular docking simulation;molecular dynamics simulation;protein structure, quaternary;retinoids;sars-cov-2;spike glycoprotein, coronavirus;steroids;vitamins
33479805	counseling;covid-19;epidemics;fear;female;humans;internet;male;sars-cov-2;sexual behavior;sexuality
33481879	aged;aged, 80 and over;anxiety disorders;covid-19;depressive disorder;female;humans;japan;male;parkinson disease;risk factors;sleep initiation and maintenance disorders
33501506	brain;covid-19;fluorodeoxyglucose f18;humans;positron-emission tomography;post-acute covid-19 syndrome;retrospective studies;sars-cov-2
33503002	bayes theorem;clinical competence;covid-19;diagnostic imaging;disease outbreaks;humans;image processing, computer-assisted;internship and residency;italy;microscopy;pathology, clinical;surveys and questionnaires
33503627	aged;aged, 80 and over;asymptomatic diseases;covid-19;female;humans;male;middle aged;renal dialysis;renal insufficiency, chronic;retrospective studies
33505949	comorbidity;cough;covid-19;dyspnea;fatigue;fever;global health;humans;lymphopenia;sars-cov-2;tomography, x-ray computed
33507981	adult;asymptomatic infections;chile;covid-19;cross-sectional studies;female;health personnel;hospitals, university;humans;infection control;male;middle aged;sars-cov-2
33509849	adult;covid-19;cross-sectional studies;family characteristics;female;humans;male;middle aged;new zealand;residence characteristics;sars-cov-2;surveys and questionnaires;vulnerable populations;white people
33527783	audiovisual aids;biomedical research;computer graphics;covid-19;health communication;health personnel;humans;information dissemination;pandemics;social media
33528827	adult;aged;antiviral agents;cough;covid-19;covid-19 drug treatment;dementia;drug combinations;dyspnea;fatigue syndrome, chronic;female;fever;humans;hydroxychloroquine;lopinavir;male;middle aged;oseltamivir;research design;ritonavir;sars-cov-2;severity of illness index;stress disorders, post-traumatic;surveys and questionnaires;survivors
33536042	adult;belgium;convalescence;covid-19;cross-sectional studies;female;functional status;humans;male;middle aged;netherlands;quality of life;reproducibility of results;sars-cov-2;surveys and questionnaires
33541486	adult;aged;aged, 80 and over;antibodies, viral;covid-19;covid-19 serological testing;disease outbreaks;female;humans;london;male;middle aged;nursing homes;pandemics;reinfection;reverse transcriptase polymerase chain reaction;sars-cov-2;whole genome sequencing
33547335	age factors;aged;aged, 80 and over;body mass index;comorbidity;computer simulation;covid-19;critical care;female;hospitalization;humans;hypertension;intensive care units;machine learning;male;middle aged;prognosis;prospective studies;respiration, artificial;risk factors;roc curve;sex factors
33547814	adult;antibodies, viral;cohort studies;covid-19;covid-19 serological testing;egypt;female;humans;immunoglobulin g;immunoglobulin m;male;middle aged;occupational exposure;sars-cov-2;social class
33556317	covid-19;health personnel;humans;occupational stress;sars-cov-2;workload;workplace
33558097	breathing exercises;covid-19;humans;pulmonary atelectasis;respiratory therapy;sars-cov-2;severity of illness index;spirometry;ventilation-perfusion ratio
33560863	adenosine monophosphate;adult;alanine;antiviral agents;covid-19 drug treatment;humans;pneumonia, viral;sars-cov-2
33563638	adult;aged;athletes;canada;covid-19;disease outbreaks;female;humans;male;middle aged;physicians;risk factors;sars-cov-2;sports;travel
33581061	commerce;covid-19;humans;internationality;pandemics;public health;sars-cov-2
33586790	delivery of health care;health equity;health services accessibility;humans;patient acceptance of health care;patient safety;personal autonomy;physician-patient relations;standard of care;telemedicine
33587790	covid-19;humans;masks;psychological trauma
33588706	adult;aged;covid-19;female;humans;italy;loneliness;male;middle aged;oncologists;pandemics;psycho-oncology;sars-cov-2;stress disorders, post-traumatic;surveys and questionnaires
33590152	covid-19;empathy;humans;pandemics;sars-cov-2;virtues
33591938	adolescent;adult;aged;aged, 80 and over;case-control studies;child;child, preschool;covid-19;female;hospital mortality;humans;infant;male;middle aged;sars-cov-2;young adult
33595062	covid-19;defibrillators, implantable;humans;pacemaker, artificial;patient safety;practice patterns, physicians';prospective studies;prosthesis implantation;spain;time factors
33595076	covid-19;humans;pandemics;sars-cov-2
33619245	cell line;chromosomes, human, pair 3;covid-19;epigenome;gene editing;genetic loci;humans;membrane transport proteins;receptors, ccr;sars-cov-2;severity of illness index
33619888	animals;chlorocebus aethiops;covid-19;low-level light therapy;sars-cov-2;vero cells;viral load
33621654	covid-19;humans;sars-cov-2;transaminases;venous thromboembolism;venous thrombosis
33623608	cameroon;covid-19;covid-19 nucleic acid testing;humans;mass screening;sensitivity and specificity;tomography, x-ray computed
33626020	adult;aged;covid-19;covid-19 drug treatment;humans;immunosuppression therapy;male;middle aged;sars-cov-2;time factors;virus shedding;young adult
33626155	covid-19;decision making;disease outbreaks;electronics;humans;sars-cov-2;telemedicine
33626376	covid-19;europe;hope;humans;neoplasms;sars-cov-2
33627160	aged;cohort studies;covid-19;female;humans;italy;male;middle aged;pneumonia, viral;positive-pressure respiration;pulmonary alveoli;severity of illness index;tomography, x-ray computed;treatment outcome
33631857	australia;covid-19;delivery of health care;humans;inflammatory bowel diseases;pandemics
33636357	adult;aged;aged, 80 and over;antibodies, viral;betacoronavirus;biomarkers;coronavirus infections;coronavirus oc43, human;covid-19;female;humans;male;middle aged;retrospective studies;sars-cov-2;seasons;severity of illness index
33637290	attitude of health personnel;biomedical research;boston;covid-19;efficiency;female;general surgery;humans;internship and residency;male;publishing;surveys and questionnaires;teleworking
33641513	age factors;anxiety;chronic disease;covid-19;cross-sectional studies;employment;female;humans;loneliness;male;middle aged;pandemics;race factors;social support;spouses;surveys and questionnaires;united states
33644905	covid-19;cross-sectional studies;electronic health records;humans;inpatients;nursing care;sars-cov-2;turkey
33650676	adult;aged;bronchoscopy;covid-19;female;fiber optic technology;humans;intubation, intratracheal;male;middle aged;sars-cov-2
33651340	covid-19;female;humans;male;middle aged;pain;quality of life;self report;spinal curvatures
33659612	covid-19;education, distance;education, medical;germany;humans;peer group;surveys and questionnaires;teaching;universities
33660134	antibodies, viral;automation, laboratory;blotting, western;coronavirus nucleocapsid proteins;covid-19;cross reactions;enzyme-linked immunosorbent assay;humans;phosphoproteins;sars-cov-2;sensitivity and specificity;spike glycoprotein, coronavirus
33660320	clinical clerkship;covid-19;curriculum;humans;sars-cov-2;students, medical;teaching rounds
33666261	brazil;covid-19;gastroenteritis;humans;nasopharynx;rna, viral;sars-cov-2
33668405	animals;cell line;coronavirus infections;cytokines;epithelial cells;gene expression regulation;humans;interferons;intracellular signaling peptides and proteins;protein serine-threonine kinases;swine;swine diseases;transcriptome
33674591	aged;aged, 80 and over;case-control studies;cd8-positive t-lymphocytes;covid-19;cytokines;female;humans;male;middle aged;monocytes;myeloid cells;neutrophils;sars-cov-2;t-lymphocytes
33674708	adult;age factors;aged;aged, 80 and over;covid-19;data mining;electronic health records;female;hospitalization;humans;intensive care units;machine learning;male;middle aged;models, statistical;pandemics;prognosis;reproducibility of results;respiration, artificial;retrospective studies;risk assessment;risk factors;roc curve;sars-cov-2
33675696	covid-19;female;humans;immunomodulation;infant, newborn;pregnancy;prenatal exposure delayed effects;sars-cov-2;systemic inflammatory response syndrome;treatment outcome
33682315	aged;aged, 80 and over;computers;covid-19;female;home care services;humans;interpersonal relations;longitudinal studies;male;new south wales;pandemics;quality of life;smartphone;social networking;surveys and questionnaires;videoconferencing
33684592	covid-19;cytokine release syndrome;humans;macrophage activation syndrome;sars-cov-2
33686389	case-control studies;covid-19;humans;magnetic resonance imaging;magnetic resonance imaging, cine;myocardium;predictive value of tests;prospective studies;sars-cov-2
33704627	carcinoma, squamous cell;covid-19;delivery of health care;global health;head and neck neoplasms;humans;models, theoretical;risk factors;sars-cov-2;time-to-treatment
33706626	antiviral agents;biological products;phytotherapy;plant preparations;plants;sars-cov-2
33706836	anti-infective agents, local;covid-19;delivery of health care;humans;povidone-iodine;sars-cov-2;virus diseases
33713112	colorectal neoplasms;covid-19;endoscopic mucosal resection;humans;neoplasm invasiveness;pandemics;poland;time-to-treatment
33720028	computers, handheld;data collection;humans;machine learning;mobile applications;phenotype;research design;schizophrenia;smartphone;wearable electronic devices
33724560	autoimmune diseases;covid-19;cross-sectional studies;humans;pandemics;pemphigoid, bullous;pemphigus;sars-cov-2
33735264	adult;aged;covid-19;covid-19 nucleic acid testing;health personnel;humans;infectious disease transmission, patient-to-professional;inpatients;middle aged;outpatients;sars-cov-2;viral load
33735836	antibodies, viral;covid-19;covid-19 serotherapy;humans;immunization, passive;retrospective studies;sars-cov-2
33738882	adolescent;adolescent health services;adult;aged;anxiety;attitude of health personnel;child;child health services;communicable disease control;covid-19;female;health personnel;humans;male;mental health services;middle aged;patient care team;surveys and questionnaires;telemedicine;united kingdom;young adult
33742196	biological specimen banks;covid-19;humans;prospective studies;sars-cov-2;united kingdom;vitamin d
33749986	antiviral agents;coronavirus 3c proteases;covid-19;crystallography, x-ray;humans;mutation;protein conformation;sars-cov-2
33754150	aged;covid-19;humans;pandemics;social isolation;social networking;technology
33754459	adult;aged;caregivers;covid-19;cross-sectional studies;female;humans;male;middle aged;pandemics;patient care;prospective studies;quality of life;surveys and questionnaires;wounds and injuries
33765004	covid-19;humans;models, theoretical;pandemics;sars-cov-2;united states
33768363	animals;animals, wild;china;covid-19;environmental policy;humans;public health
33772419	aged;ambulatory care facilities;covid-19;hospitalization;humans;massachusetts;pandemics;risk factors
33773523	adult;anxiety disorders;arthritis, rheumatoid;covid-19;depressive disorder;female;humans;male;mental disorders;pandemics;quality of life;sars-cov-2;severity of illness index;spondylitis, ankylosing;stress, psychological
33779211	community-based participatory research;covid-19;hiv infections;humans;pandemics;sars-cov-2
33782759	bariatric surgery;covid-19;humans;obesity, morbid;prospective studies;retrospective studies;sars-cov-2
33785197	child;curriculum;emergency nursing;emergency service, hospital;humans;nurses;pediatric nursing;simulation training;telemedicine
33793460	adolescent;adult;bnt162 vaccine;covid-19;covid-19 nucleic acid testing;covid-19 vaccines;emergency responders;female;health personnel;humans;male;middle aged;mrna vaccines;occupational diseases;occupations;prospective studies;united states;vaccines, synthetic;young adult
33797339	angiotensin-converting enzyme 2;covid-19 drug treatment;humans;ligands;receptors, cell surface;rna, messenger;sars-cov-2;withania;withanolides
33814022	adult;asymptomatic infections;brazil;child;child, preschool;covid-19;disease outbreaks;family;humans;incidence;infant;models, theoretical;sars-cov-2;school teachers;schools;students;urban population
33822099	covid-19;gene frequency;humans;polymorphism, genetic;sars-cov-2
33824264	adolescent;adult;anxiety;china;communicable disease control;covid-19;cross-sectional studies;depression;female;financial support;health education;hotlines;humans;information dissemination;male;mental health;pandemics;prevalence;psychosocial support systems;schools;socioeconomic factors;students;surveys and questionnaires;young adult
33831079	american indian or alaska native;angiotensin-converting enzyme 2;covid-19;databases, nucleic acid;female;genome, human;humans;male;mexico;phylogeny;polymorphism, single nucleotide;sars-cov-2;whole genome sequencing
33833246	adult;blood specimen collection;covid-19;covid-19 serological testing;dried blood spot testing;enzyme-linked immunosorbent assay;female;humans;male;middle aged;sars-cov-2;young adult
33840053	adult;aged;aged, 80 and over;covid-19;diabetes mellitus;disease progression;female;humans;hypertension;male;middle aged;proton pump inhibitors;renal insufficiency, chronic;risk factors;sars-cov-2;severity of illness index
33844359	communicable disease control;covid-19;cross-sectional studies;health personnel;humans;pandemics;sars-cov-2;spain
33851272	covid-19;humans;mental health;mental health services;sars-cov-2;students, medical
33853700	covid-19;health personnel;humans;new york city;prevalence;sars-cov-2
33855698	adult;aged;aged, 80 and over;covid-19;female;humans;male;middle aged;retrospective studies;thrombocytopenia;young adult
33862667	adolescent;anxiety;communicable disease control;covid-19;depression;humans;medically unexplained symptoms;sars-cov-2
33864328	adult;child;covid-19;covid-19 vaccines;cross-sectional studies;humans;male;patient acceptance of health care;sars-cov-2;turkey;vaccination
33877966	clustered regularly interspaced short palindromic repeats;covid-19;covid-19 nucleic acid testing;humans;sars-cov-2;smartphone
33880597	child;communicable disease control;covid-19;covid-19 testing;female;general surgery;humans;male;pandemics;pediatrics;specialties, surgical
33882021	adolescent;anxiety;asthenopia;china;covid-19;education, distance;exercise;female;humans;male;pandemics;peer group;self report;students
33883315	adolescent;civil defense;covid-19;enzyme replacement therapy;female;genetic diseases, inborn;health services accessibility;health services needs and demand;humans;india;infection control;lysosomal storage diseases;male;medication therapy management;sars-cov-2;surveys and questionnaires
33902480	adult;aged;aged, 80 and over;amides;antiviral agents;chloroquine;covid-19;covid-19 drug treatment;darunavir;disease progression;drug combinations;female;hospitals;hospitals, university;humans;hydroxychloroquine;lopinavir;male;middle aged;pyrazines;referral and consultation;retrospective studies;ritonavir;thailand;treatment outcome;young adult
33908152	animals;cat diseases;cats;covid-19;humans;mutation;rna, viral;sars-cov-2;virus shedding
33908897	adaptive immunity;animals;antibodies, neutralizing;covid-19;covid-19 vaccines;humans;immunity, cellular;immunity, humoral;macaca mulatta;sars-cov-2;vaccines, subunit
33912196	covid-19;covid-19 vaccines;drug development;drug evaluation;humans;immunization;immunogenicity, vaccine;reference standards;sars-cov-2
33920976	covid-19;emotions;humans;pandemics;sars-cov-2;uncertainty
33922354	adult;china;communicable disease control;covid-19;humans;pandemics;sars-cov-2
33928065	adult;aged;covid-19;exercise;female;humans;longitudinal studies;male;middle aged;pandemics;sars-cov-2;united states
33928916	adult;covid-19;covid-19 vaccines;double-blind method;humans;sars-cov-2;vaccines, inactivated
33930189	adolescent;adult;china;covid-19;disease outbreaks;family;feces;female;humans;male;middle aged;sars-cov-2;virus shedding
33930636	covid-19;humans;humidity;sars-cov-2;temperature;united states;weather
33932458	covid-19;covid-19 vaccines;glomerulonephritis, iga;hematuria;humans;sars-cov-2;vaccination
33941488	covid-19;covid-19 vaccines;humans;immunization programs;immunosuppressive agents;italy;liver diseases;liver transplantation;patient safety;patient selection;risk adjustment;risk assessment;sars-cov-2;transplant recipients;treatment outcome
33941681	amino acids;cell survival;dna;drug delivery systems;endocytosis;endosomes;humans;nanostructures;nanotubes, peptide;rna, small interfering;rnai therapeutics
33955567	aged;bnt162 vaccine;cohort studies;covid-19;covid-19 vaccines;ethnicity;health personnel;humans;incidence;male;nursing homes;racial groups;united states
33956870	aged;cardiovascular diseases;comorbidity;covid-19;female;hospitalization;humans;male;middle aged;obesity;paris;retrospective studies;risk assessment;risk factors;sars-cov-2;severity of illness index
33963250	age factors;asia;covid-19;europe;female;humans;male;north america;pandemics;risk factors;sars-cov-2;sex factors
33963581	covid-19;humans;pandemics;research personnel
33963992	air pollutants;air pollution;china;covid-19;environmental pollutants;humans;particulate matter;sars-cov-2
33972631	animals;antibodies, neutralizing;antibodies, viral;coronavirus nucleocapsid proteins;covid-19;covid-19 serotherapy;enzyme-linked immunosorbent assay;horses;humans;immunization;immunization, passive;immunoglobulin g;recombinant proteins;sars-cov-2;spike glycoprotein, coronavirus
33983654	apoenzymes;binding sites;coronavirus 3c proteases;holoenzymes;models, molecular;protease inhibitors;protein multimerization;protein structure, quaternary;sars-cov-2;severe acute respiratory syndrome-related coronavirus
33988134	covid-19;humans;italy;language;otolaryngology;pandemics;sars-cov-2
33988145	covid-19;humans;male;particulate matter;sars-cov-2;smokers;smoking
33989322	commerce;covid-19;humans;italy;mortality;pandemics;quarantine;sars-cov-2
33999135	covid-19 drug treatment;humans;interleukin 1 receptor antagonist protein;receptors, interleukin-1;treatment outcome
34000814	adult;aged;asian;black or african american;cerebrovascular disorders;covid-19;female;health status disparities;heart diseases;hispanic or latino;hospital mortality;humans;male;middle aged;pandemics;risk;sars-cov-2;united states;white people
34008016	aged;covid-19;health personnel;humans;immunoglobulin g;retrospective studies;sars-cov-2;seroepidemiologic studies
34008930	aged;aged, 80 and over;cohort studies;comorbidity;covid-19;covid-19 drug treatment;critical care;female;hospital mortality;humans;length of stay;male;middle aged;respiration, artificial;spain;survival analysis;treatment outcome
34011221	covid-19;health policy;humans;ireland;pandemics;sars-cov-2
34012470	binomial distribution;covid-19;ghana;humans;interrupted time series analysis;models, statistical;mortality;poisson distribution;reproducibility of results;sars-cov-2
34029345	aged;aged, 80 and over;covid-19;female;health knowledge, attitudes, practice;humans;male;mass vaccination;patient participation;socioeconomic factors;united states;vaccination refusal
34031119	adult;covid-19;humans;incidence;meta-analysis as topic;prognosis;risk factors;sars-cov-2;systematic reviews as topic;ventricular dysfunction, right
34031483	aged;area under curve;biomarkers;covid-19;eosinophils;female;hematologic tests;humans;machine learning;male;prothrombin;roc curve;sars-cov-2;sensitivity and specificity;serum albumin;severity of illness index;thorax;tomography, x-ray computed
34052621	analgesics, opioid;covid-19;humans;pandemics;sars-cov-2;telemedicine
34053251	basic reproduction number;contact tracing;covid-19;disease outbreaks;humans;models, theoretical;pandemics;physical distancing;sars-cov-2;united kingdom
34058573	animals;antibodies, neutralizing;antibodies, viral;bnt162 vaccine;cesarean section;covid-19 vaccines;female;fertility;fetal development;lactation;pregnancy;rats;rats, wistar
34061905	animals;apobec deaminases;base sequence;covid-19;cytidine;dna damage;evolution, molecular;gene expression regulation, viral;genome, viral;host-pathogen interactions;humans;mammals;mutation;nucleic acid conformation;phylogeny;rna editing;rna viruses;rna, viral;sars-cov-2;sequence analysis, rna;transcription, genetic;uridine
34072087	angiotensin-converting enzyme 2;animals;antiviral agents;aurintricarboxylic acid;chlorocebus aethiops;covid-19;covid-19 drug treatment;drug discovery;ellagic acid;heparin;high-throughput screening assays;humans;inhibitory concentration 50;molecular docking simulation;protein domains;recombinant proteins;sars-cov-2;spike glycoprotein, coronavirus;vero cells;virus internalization
34073591	aged;aged, 80 and over;angiotensin-converting enzyme 2;bayes theorem;covid-19;female;humans;lung;male;real-time polymerase chain reaction;retrospective studies;risk factors;sars-cov-2;smokers
34075622	attitude of health personnel;covid-19;female;health equity;humans;male;pandemics;patient acceptance of health care;primary health care;sars-cov-2;surveys and questionnaires;telemedicine
34077572	covid-19;covid-19 vaccines;humans;purpura, thrombocytopenic, idiopathic;rna, messenger;sars-cov-2
34080223	covid-19;covid-19 vaccines;female;humans;melanoma;radiation dose hypofractionation;radiodermatitis;risk assessment;sars-cov-2
34091005	antibodies, neutralizing;antibodies, viral;covid-19;gold colloid;humans;immunoassay;sars-cov-2
34101084	child;covid-19;exercise;heart rate;humans;male;masks;physical exertion
34101494	covid-19;female;harm reduction;housing;humans;male;pilot projects;prisoners;racism;social support;substance-related disorders
34101903	covid-19;heart transplantation;humans;pandemics;sars-cov-2
34107113	chemokine cxcl10;covid-19;cytokines;female;humans;interleukin-10;interleukin-1beta;interleukin-4;interleukin-6;male;sars-cov-2;tumor necrosis factor-alpha
34107137	covid-19;humans;inflammation;methylprednisolone;retrospective studies;sars-cov-2
34108378	college admission test;covid-19;cultural diversity;education, medical, undergraduate;humans;minority groups;prejudice;school admission criteria;united states
34110314	covid-19;covid-19 testing;egypt;elective surgical procedures;health policy;humans;infection control;pandemics;plastic surgery procedures;sars-cov-2;surgery department, hospital;surgery, plastic;telemedicine;tertiary care centers;triage
34112877	antiviral agents;computational biology;covid-19;covid-19 drug treatment;drug repositioning;humans;sars-cov-2;transcriptome
34117772	covid-19;databases, factual;humans;india;research design
34126613	brain;covid-19;female;humans;infant;infant, newborn;infant, premature;leukomalacia, periventricular;pandemics;pregnancy;pregnancy complications, infectious;sars-cov-2
34127735	aged;androgen antagonists;attitude;cohort studies;exercise;feasibility studies;humans;life style;male;middle aged;outcome assessment, health care;prostatic neoplasms;resistance training
34129787	bayes theorem;covid-19;humans;pandemics;rna, viral;sars-cov-2;sensitivity and specificity
34132326	bias;covid-19;humans;pandemics;sars-cov-2
34139069	acute generalized exanthematous pustulosis;amides;covid-19 drug treatment;humans;hydroxychloroquine;pyrazines;sars-cov-2
34142877	anatomy;covid-19;education, distance;humans;physiology;saudi arabia;schools, medical;teaching;universities
34145087	animals;bronchoalveolar lavage;covid-19;covid-19 vaccines;genomics;humans;primates;rna;sars-cov-2
34145263	aged;antibodies, viral;antibody formation;covid-19;cross reactions;female;humans;male;sars-cov-2;spike glycoprotein, coronavirus
34149003	adult;aged;antibodies, viral;covid-19;female;humans;male;middle aged;organ transplantation;prospective studies;sars-cov-2;severity of illness index;transplant recipients;viral load;virus shedding
34161389	aged;attitude to health;bangladesh;covid-19;cross-sectional studies;fear;female;humans;male;middle aged;myanmar;refugees;socioeconomic factors;surveys and questionnaires;vulnerable populations
34174778	covid-19;global health;health communication;health knowledge, attitudes, practice;humans;intention;internet-based intervention;social media;video recording
34177254	covid-19;cross-sectional studies;humans;nursing staff, hospital;pandemics;quality of health care;sars-cov-2
34177926	adolescent;adult;antibodies, neutralizing;antibodies, viral;antibody formation;asymptomatic diseases;cohort studies;covid-19;disease outbreaks;disease progression;female;humans;male;military personnel;sars-cov-2;spike glycoprotein, coronavirus;united states;young adult
34184314	covid-19;echocardiography;humans;prognosis;sars-cov-2;troponin i
34193877	acute kidney injury;aged;angiotensin receptor antagonists;angiotensin-converting enzyme inhibitors;antihypertensive agents;covid-19;databases, factual;female;hospitalization;humans;male;middle aged;odds ratio;renin-angiotensin system;risk factors
34193982	child;covid-19;humans;myopia;pandemics;refraction, ocular;retrospective studies
34196793	covid-19;humans;pandemics;registries;rheumatic diseases;rheumatology;sars-cov-2
34200791	covid-19 drug treatment;cytokines;humans;lung;muscle, skeletal;sars-cov-2
34207721	china;covid-19;gardening;health services research;humans;pandemics;sars-cov-2
34215475	covid-19;humans;pandemics;policy;policy making;sars-cov-2;substance-related disorders
34219197	appendectomy;appendicitis;cohort studies;covid-19;humans;italy;laparoscopy;length of stay;pandemics;postoperative complications;retrospective studies;sars-cov-2
34228112	adult;aged;attitude;covid-19;effect modifier, epidemiologic;female;humans;intention;longitudinal studies;male;middle aged;physical distancing;psychological theory;united states;young adult
34230210	adult;aged;case-control studies;covid-19;cytokine release syndrome;cytokines;female;humans;kynurenic acid;logistic models;male;metabolic networks and pathways;metabolomics;middle aged;multivariate analysis;sars-cov-2;severity of illness index;sex factors;signal transduction;tryptophan
34237727	aged;aged, 80 and over;covid-19;female;hospitalization;humans;male;middle aged;pandemics;registries;retrospective studies;stroke
34251568	covid-19;gastroenterologists;humans;liver;liver transplantation;sars-cov-2
34252379	azithromycin;covid-19 drug treatment;humans;sars-cov-2
34253291	bacterial infections;bacterial vaccines;covid-19;global health;humans;models, biological;sars-cov-2
34256781	adult;aged;communicable disease control;comorbidity;covid-19;emergencies;emergency service, hospital;female;follow-up studies;hospitalization;humans;italy;male;middle aged;pandemics;retrospective studies;surgical procedures, operative;time-to-treatment
34262564	adenosine monophosphate;adult;aged;alanine;antibodies, viral;antiviral agents;becaplermin;brain-derived neurotrophic factor;case-control studies;covid-19;covid-19 drug treatment;cytokines;female;hospitalization;humans;immunoglobulin g;male;membrane proteins;middle aged;prospective studies;sars-cov-2;spike glycoprotein, coronavirus;treatment outcome
34267316	cryoelectron microscopy;deep learning;dna-directed rna polymerases;sars-cov-2;viral proteins
34268819	aerosols;covid-19;disease transmission, infectious;exhalation;humans;masks;pandemics;saliva;sars-cov-2;speech
34271868	adolescent;adult;aged;aged, 80 and over;brazil;child;child, preschool;cities;comorbidity;covid-19;cross-sectional studies;female;humans;infant;infant, newborn;male;middle aged;mortality;prognosis;risk assessment;risk factors;sars-cov-2;severity of illness index;socioeconomic factors;survival analysis;young adult
34273304	child;child, hospitalized;cohort studies;covid-19;female;hospitalization;humans;male;mental disorders;nervous system diseases;patient discharge;prospective studies;state medicine;united kingdom
34274212	adolescent;adult;covid-19;covid-19 vaccines;cross-sectional studies;humans;sars-cov-2;surveys and questionnaires;vaccination;young adult
34274539	autoimmune diseases;autoimmunity;covid-19;humans;sars-cov-2
34280038	bronchoalveolar lavage fluid;covid-19;high-throughput nucleotide sequencing;humans;leukocytes, mononuclear;pandemics;rna, viral;sars-cov-2
34280115	china;covid-19;covid-19 vaccines;cross-sectional studies;health belief model;humans;internet;sars-cov-2;vaccination;vaccines
34281002	covid-19;emergency service, hospital;humans;italy;pandemics;retrospective studies;sars-cov-2;trauma centers
34281535	covid-19;ethics committees, research;ethics, research;humans;pandemics;sars-cov-2
34281994	consumer behavior;contact tracing;covid-19;data mining;health information interoperability;humans;information technology;mobile applications;perception;retrospective studies;united kingdom;user-computer interface
34286685	animals;animals, wild;covid-19;disease susceptibility;humans;mammals;mice;sars-cov-2
34288285	adult;aged;bnt162 vaccine;covid-19;covid-19 vaccines;female;humans;israel;middle aged;multiple sclerosis;sars-cov-2
34289965	brain injuries, traumatic;child;covid-19;emergency service, hospital;head injuries, closed;head injuries, penetrating;health plan implementation;hospitals, pediatric;humans;nurses, pediatric;pandemics;patient discharge;professional role;triage
34316049	attitude to health;covid-19;culture;health policy;humans;infection control;masks;pandemics;paranoid disorders
34325612	adult;covid-19;covid-19 vaccines;health communication;humans;sars-cov-2;united states;vaccination;vaccination hesitancy;vaccines
34326985	covid-19;covid-19 vaccines;humans;vaccination
34342092	aerosols;air filters;covid-19;humans;particle size
34343468	aged;armed conflicts;covid-19;diabetes mellitus;humans;hypertension;pandemics;sars-cov-2;young adult
34350637	covid-19;covid-19 testing;health promotion;humans;nigeria;pandemics;sars-cov-2
34364311	bnt162 vaccine;cohort studies;covid-19;covid-19 vaccines;female;fertilization in vitro;humans;ovarian follicle;rna, messenger;sars-cov-2;vaccination
34370935	adult;age factors;compliance;covid-19;cross-sectional studies;female;health policy;humans;male;middle aged;physical distancing;republic of korea;sex factors;surveys and questionnaires;young adult
34371224	covid-19;humans;otolaryngology;pandemics;retrospective studies;sars-cov-2;taiwan;telemedicine
34383756	bayes theorem;covid-19;england;france;humans;pandemics;quarantine;sars-cov-2;smartphone;travel
34387911	chest pain;covid-19;dyspnea;female;hospitalization;humans;male;sars-cov-2
34394297	aged;aged, 80 and over;aging;covid-19;cytokines;exercise;humans;immune system;pandemics;sedentary behavior
34403943	adult;covid-19;humans;masks;phthalic acids;sars-cov-2
34405427	anti-bacterial agents;antimicrobial stewardship;covid-19;humans;inappropriate prescribing;pandemics;practice patterns, physicians';sars-cov-2
34407607	adenoviridae;blood coagulation;blood platelets;covid-19;covid-19 vaccines;female;humans;pandemics;sars-cov-2;thrombocytopenia;thrombosis;vaccines
34412446	contact tracing;covid-19;covid-19 vaccines;humans;immunity, herd;pandemics;quarantine;republic of korea;vaccination
34413324	aged;aged, 80 and over;biological specimen banks;cohort studies;comorbidity;covid-19;female;humans;machine learning;male;middle aged;models, statistical;pandemics;prognosis;risk factors;sars-cov-2;united kingdom
34415401	covid-19;female;humans;sars-cov-2;treatment outcome;urinary incontinence
34415553	covid-19;environmental monitoring;groundwater;humans;mexico;rna, viral;sars-cov-2;wastewater
34424156	animals;cell communication;cell physiological phenomena;dengue virus;disease management;disease susceptibility;endothelial cells;endothelium;hiv;host-pathogen interactions;humans;paracrine communication;pericytes;sars-cov-2;virus diseases;virus physiological phenomena
34427682	abortifacient agents;abortion, induced;adult;covid-19;female;humans;mifepristone;pandemics;patient safety;pregnancy;sars-cov-2;telemedicine;treatment outcome;united states;young adult
34431023	brain;covid-19;humans;nervous system diseases;sars-cov-2
34431693	adolescent;adult;aged;aged, 80 and over;antibodies, neutralizing;antibodies, viral;antibody formation;cohort studies;covid-19;female;humans;immunization, passive;male;middle aged;pandemics;sars-cov-2;spike glycoprotein, coronavirus;young adult
34432842	adult;aged;covid-19;exercise;female;health behavior;health status;humans;longitudinal studies;male;mental health;middle aged;pandemics;patient acceptance of health care;quality of life;sars-cov-2;social behavior;surveys and questionnaires;switzerland
34436248	animals;antiviral agents;aquatic organisms;covid-19 drug treatment;humans;polyphosphates;sars-cov-2
34444648	adolescent;affect;covid-19;diet, healthy;feeding behavior;female;food preferences;humans;male;motivation;poland;sars-cov-2;surveys and questionnaires;young adult
34452464	adolescent;child;child, preschool;cough;covid-19;covid-19 nucleic acid testing;fever;germany;humans;infant;mutation;nucleic acid amplification techniques;retrospective studies;sars-cov-2
34453317	antibodies, viral;covid-19;epitopes;humans;sars-cov-2;spike glycoprotein, coronavirus
34453842	covid-19;curriculum;humans;pain;sars-cov-2
34475334	covid-19;heart failure;heart-assist devices;humans;retrospective studies;sars-cov-2;treatment outcome
34487685	covid-19;global burden of disease;hiv infections;humans;life expectancy;sustainable development;tuberculosis
34491565	blood safety;covid-19;covid-19 serotherapy;humans;immunization, passive;patient safety;risk assessment;risk factors;treatment outcome
34492105	animals;bacteria;dysbiosis;gastrointestinal microbiome;host-pathogen interactions;humans;immunoglobulin a;immunomodulating agents;inflammatory bowel diseases;intestines;species specificity
34493506	antineoplastic combined chemotherapy protocols;cisplatin;covid-19;doxorubicin;humans;mitomycin;pandemics;prospective studies;sars-cov-2;scoping reviews as topic;substance-related disorders
34502799	calibration;covid-19;foot;humans;pedestrians;sars-cov-2
34515235	covid-19;humans;sars-cov-2
34519768	adult;age factors;covid-19;cross-sectional studies;demography;diabetes mellitus;female;gabon;humans;male;middle aged;pandemics;risk factors;sars-cov-2;severity of illness index
34522397	covid-19;humans;neoplasms;pandemics;sars-cov-2
34533285	covid-19;hospitals;humans;nurses;pandemics;sars-cov-2
34535859	covid-19;humans;oxygen;sars-cov-2
34536426	afghanistan;covid-19;humans;incidence;sars-cov-2
34541765	covid-19;hospitals;humans;morals;pandemics;sars-cov-2
34543580	covid-19;humans;pandemics;physicians;respiration, artificial;sars-cov-2;united states
34545952	adult;agammaglobulinaemia tyrosine kinase;aged;aged, 80 and over;bnt162 vaccine;case-control studies;chadox1 ncov-19;covid-19;humans;immunity;immunotherapy, adoptive;leukemia, lymphocytic, chronic, b-cell;logistic models;lymphocyte subsets;middle aged;sars-cov-2;spike glycoprotein, coronavirus;vaccination
34559248	covid-19;humans;platelet aggregation inhibitors;pulmonary embolism;sars-cov-2;thrombosis
34568249	communicable diseases;covid-19;disease outbreaks;humans;pandemics;sars-cov-2
34588946	covid-19;humans;pandemics
34591874	cost-benefit analysis;covid-19;covid-19 nucleic acid testing;humans;masks;sars-cov-2;united states;universities
34593052	adult;aged;cities;communicable disease control;covid-19;female;health knowledge, attitudes, practice;humans;male;middle aged;patient acceptance of health care;young adult;zambia
34597334	adolescent;adult;aged;aged, 80 and over;covid-19;disease outbreaks;female;government;health policy;humans;male;middle aged;risk;russia;sars-cov-2;social support;surveys and questionnaires;young adult
34608773	antibodies, viral;covid-19;heart transplantation;humans;immunity;male;middle aged;sars-cov-2;vaccination
34610907	covid-19;covid-19 vaccines;humans;sars-cov-2
34611034	adult;aged;covid-19;female;histamine;histamine antagonists;humans;male;middle aged;post-acute covid-19 syndrome;sars-cov-2;t-lymphocyte subsets;t-lymphocytes;young adult
34622966	adult;covid-19;deglutition disorders;dysarthria;dysphonia;hoarseness;humans;ireland;prospective studies
34623194	adolescent;adult;aged;aged, 80 and over;asthma;covid-19;databases, factual;female;hospitalization;humans;intensive care units;male;middle aged;pulmonary disease, chronic obstructive;registries;severity of illness index;sweden;young adult
34624245	brazil;covid-19;earth, planet;global health;humans;international cooperation;sustainable development
34627082	cd8-positive t-lymphocytes;computer simulation;covid-19;cross reactions;epitopes, t-lymphocyte;humans;immunotherapy;receptors, antigen, t-cell;sars-cov-2
34629857	covid-19;cross-sectional studies;family;grief;humans;pilot projects;prospective studies;sars-cov-2
34630838	antiviral agents;covid-19;covid-19 vaccines;ghana;humans;personal protective equipment;practice guidelines as topic;public health;quarantine
34634404	covid-19;disinfection;humans;pandemics;physical distancing;sars-cov-2
34641391	animals;antineoplastic agents;drug approval;humans;immunoconjugates;neoplasms;united states;united states food and drug administration
34648525	age factors;covid-19;cross-sectional studies;female;humans;male;models, theoretical;pandemics;prognosis;risk factors;united states
34649268	amino acid substitution;covid-19;england;epidemiological monitoring;genome, viral;genomics;humans;molecular epidemiology;mutation;quarantine;sars-cov-2;spatio-temporal analysis;spike glycoprotein, coronavirus
34665318	child;covid-19;humans;masks;retrospective studies;sars-cov-2;surgical wound infection
34670589	covid-19;humans;respiration, artificial;sars-cov-2;severity of illness index
34673261	aged;covid-19;covid-19 vaccines;humans;sars-cov-2;vaccines
34675256	attitude to health;black or african american;covid-19;covid-19 vaccines;female;health behavior;health policy;hispanic or latino;humans;intention;male;sars-cov-2;surveys and questionnaires;united states;vaccination
34678266	covid-19;cross-sectional studies;humans;nursing homes;personal protective equipment;sars-cov-2;workforce
34682492	africa south of the sahara;chronic disease;covid-19;hiv infections;humans;pandemics;sars-cov-2
34682574	aged;anxiety;covid-19;depression;female;humans;mental health;pandemics;pregnancy;sars-cov-2;stress, psychological
34696346	covid-19;exanthema;humans;sars-cov-2;skin;skin diseases;skin physiological phenomena;urticaria
34697001	bronchiolitis;child;covid-19;hospitalization;humans;infant;pandemics;sars-cov-2;spain
34705530	covid-19;cross-sectional studies;curriculum;education, medical, undergraduate;humans;ireland;pandemics;radiation oncology;sars-cov-2;schools, medical;surveys and questionnaires;united kingdom
34706272	aging;animals;antibodies, monoclonal;covid-19;diabetes complications;diabetes mellitus, experimental;female;humans;lymphocyte activation;macaca mulatta;male;neuritis;pre-exposure prophylaxis;sars-cov-2;t-lymphocytes;virus replication
34706299	covid-19;humans;inpatients;reunion;sars-cov-2
34713472	aged;covid-19;covid-19 vaccines;female;humans;vaccination;vasculitis, leukocytoclastic, cutaneous
34714362	angiotensin-converting enzyme 2;animals;antibody affinity;antiviral agents;cell fusion;cell line;chlorocebus aethiops;covid-19 drug treatment;cytopathogenic effect, viral;hek293 cells;humans;models, molecular;phospholipases a2;protein domains;sars-cov-2;spike glycoprotein, coronavirus;surface plasmon resonance;vero cells;viper venoms;virus attachment
34716614	covid-19;humans;male;rna, viral;sars-cov-2;semen;semen analysis
34717713	cohort studies;covid-19;emergencies;health personnel;humans;sars-cov-2;seroepidemiologic studies
34717886	covid-19;humans;risk assessment;risk factors;sars-cov-2
34724950	education, distance;education, medical;humans;pakistan;peer group;students, medical
34728719	adult;aged;aged, 80 and over;area under curve;covid-19;female;humans;influenza, human;lymphocytes;male;middle aged;neutrophils;prognosis;respiratory syncytial virus infections;retrospective studies;roc curve;sars-cov-2
34730436	adult;bangladesh;covid-19;covid-19 testing;diagnostic tests, routine;humans;male;mass screening;middle aged;nasopharynx;pandemics;real-time polymerase chain reaction;saliva;sars-cov-2;sensitivity and specificity;specimen handling
34730819	adult;aged;attitude;covid-19;covid-19 vaccines;cross-sectional studies;female;humans;intention;male;middle aged;pandemics;sars-cov-2;surveys and questionnaires;united states;vaccination;veterans
34735268	academic success;awards and prizes;career choice;covid-19;fathers;female;humans;male;minority groups;parents;research
34736354	alveolar epithelial cells;animals;antibodies, neutralizing;antibodies, viral;antibody-dependent enhancement;bronchioles;bronchoalveolar lavage fluid;covid-19;covid-19 vaccines;cytokines;humans;hyperplasia;immunogenicity, vaccine;immunoglobulin g;lung;macaca mulatta;male;mice;mucus;sars-cov-2;vaccines, inactivated
34736445	big data;china;covid-19;epidemics;humans;local government;sars-cov-2;technology
34747190	covid-19;covid-19 vaccines;host-pathogen interactions;humans;immune checkpoint inhibitors;immunocompromised host;mrna vaccines;neoplasms;risk assessment;risk factors;sars-cov-2;treatment outcome;vaccination;vaccine efficacy
34747367	aging;aminoglycosides;angiotensin-converting enzyme 2;cell line, tumor;chitinase-3-like protein 1;covid-19;covid-19 drug treatment;hek293 cells;humans;sars-cov-2
34748218	communicable disease control;covid-19;denmark;humans;pandemics;retrospective studies;sars-cov-2;trauma centers
34755180	anti-bacterial agents;communicable disease control;covid-19;covid-19 drug treatment;humans;pandemics;practice patterns, physicians';primary health care
34757734	biosensing techniques;covid-19;humans;pandemics;sars-cov-2;viruses
34758179	covid-19;female;humans;maternal health services;netherlands;organizational innovation;pandemics;pregnancy;pregnancy complications, infectious;sars-cov-2;state medicine;united kingdom
34758422	adult;anxiety;covid-19;depression;female;global burden of disease;humans;male;mental health;middle aged;pandemics;sars-cov-2;stress, psychological;suicidal ideation
34762561	antibodies, monoclonal;antibodies, neutralizing;antiviral agents;covid-19;covid-19 drug treatment;hospitals;humans;randomized controlled trials as topic;sars-cov-2
34767767	covid-19;humans;noninvasive ventilation;prospective studies;respiration, artificial;respiratory insufficiency;sars-cov-2
34769806	antipsychotic agents;clozapine;covid-19;humans;leukocyte count;neutrophils;sars-cov-2
34780978	antiviral agents;clinical trials as topic;covid-19;covid-19 drug treatment;humans;hydroxychloroquine;national institutes of health (u.s.);registries;sars-cov-2;united states
34782790	adult;aged;cell communication;chromatography, liquid;covid-19;covid-19 drug treatment;cytokines;dexamethasone;down-regulation;female;gene regulatory networks;glucocorticoids;humans;immunity, innate;interferons;male;middle aged;neutrophils;pneumonia, bacterial;prostaglandins;proteomics;respiratory distress syndrome;rna-seq;sars-cov-2;severity of illness index;sex factors;single-cell analysis;tandem mass spectrometry
34783127	aged;australia;covid-19;death;humans;pandemics;prospective studies;sars-cov-2
34790054	covid-19;cytidine;cytidine deaminase;deamination;humans;immunity;sars-cov-2;vaccination
34795818	adult;age factors;aged;covid-19;cross-sectional studies;democratic republic of the congo;diabetes mellitus;female;humans;hypertension;intensive care units;male;middle aged;polymerase chain reaction;proteinuria;retrospective studies;risk factors
34803106	antirheumatic agents;arthritis, psoriatic;certolizumab pegol;covid-19;humans;polyethylene glycols;treatment outcome
34804509	covid-19;humans;politics;sars-cov-2
34812845	adolescent;antibodies, viral;child;child, preschool;covid-19;covid-19 serological testing;cross-sectional studies;ethnicity;female;humans;male;prevalence;quebec;sars-cov-2;seroepidemiologic studies
34817406	covid-19;education, medical, undergraduate;health services needs and demand;humans;risk factors;sars-cov-2;social determinants of health;united states
34817746	aged;breast neoplasms;cancer survivors;covid-19;dietary supplements;documentation;female;humans;neoplasm recurrence, local;sars-cov-2
34819524	covid-19;databases, factual;deep learning;humans;image processing, computer-assisted;machine learning;sars-cov-2;sensitivity and specificity;tomography, x-ray computed
34822228	covid-19;humans;pandemics;sars-cov-2;vaccination
34824162	covid-19;ethnicity;hospitals;humans;minority groups;pandemics;socioeconomic factors;state medicine
34824194	adult;aged;aged, 80 and over;covid-19;covid-19 vaccines;female;fusion proteins, bcr-abl;humans;male;middle aged;myeloproliferative disorders;sars-cov-2
34824253	angiotensin-converting enzyme 2;animals;caco-2 cells;cloning, molecular;covid-19;covid-19 vaccines;hek293 cells;humans;molecular dynamics simulation;mutation;protein binding;replicon;sars-cov-2;species specificity;spike glycoprotein, coronavirus;stem cells;zoonoses
34831965	covid-19;diabetes mellitus;diabetic retinopathy;humans;patient compliance;sars-cov-2;south africa
34836825	covid-19;covid-19 serotherapy;humans;immunization, passive;prospective studies;sars-cov-2
34844968	adaptive immunity;covid-19;covid-19 serotherapy;covid-19 vaccines;humans;immunization, passive;immunosuppressive agents;sars-cov-2;vaccination
34845183	aged;aged, 80 and over;blood platelets;covid-19;female;humans;male;middle aged;myeloproliferative disorders;prognosis;sars-cov-2;thrombocytosis;venous thromboembolism
34846280	adult;aged;aged, 80 and over;covid-19;covid-19 vaccines;female;genome, viral;humans;male;middle aged;pakistan;pandemics;phylogeny;sars-cov-2;young adult
34857753	covid-19;cytidine;humans;hydroxylamines;mutation;rna;sars-cov-2
34864190	covid-19;cross-sectional studies;humans;internship and residency;neurosurgery;pandemics
34873885	adult;anxiety disorders;covid-19;depression;epidemics;factor analysis, statistical;female;health personnel;humans;male;middle aged;occupational stress;patient health questionnaire;reproducibility of results;republic of korea;roc curve;sars-cov-2;surveys and questionnaires
34882720	adult;comorbidity;covid-19;depression;dyspnea;female;health personnel;humans;male;middle aged;pandemics;risk;sars-cov-2;sick leave;sweden
34886558	covid-19;humans;pandemics;public health;sars-cov-2;search engine
34888708	curriculum;germany;humans;ophthalmology;pandemics;students, medical
34888903	acute-on-chronic liver failure;adult;antiviral agents;covid-19;dna, viral;fatal outcome;hepatitis b virus;hepatitis b, chronic;humans;liver cirrhosis;male;sars-cov-2;tenofovir;treatment outcome
34890441	adolescent;adult;covid-19;covid-19 testing;female;humans;male;middle aged;outpatients;rna, viral;sars-cov-2;young adult
34894119	caregivers;child;covid-19;humans;india;sars-cov-2
34897635	covid-19;humans;kidney;kidney diseases;pandemics;post-acute covid-19 syndrome
34903197	child;communicable disease control;covid-19;exercise;humans;ontario;pandemics;parents;sars-cov-2
34904908	covid-19;covid-19 testing;covid-19 vaccines;humans;sars-cov-2
34906234	covid-19;delivery of health care;global health;health policy;humans;israel
34906660	acceptance and commitment therapy;arthroplasty, replacement, hip;cell phone;covid-19;humans;osteoarthritis, knee;pandemics;sars-cov-2
34910338	adult;antibodies, viral;covid-19;covid-19 vaccines;female;health personnel;hospitals;humans;male;middle aged;sars-cov-2;spike glycoprotein, coronavirus;time factors;vaccination;young adult
34926314	covid-19;dysbiosis;humans;metagenome;metagenomics;sars-cov-2
34935594	adult;antibodies, neutralizing;antibodies, viral;covid-19;covid-19 vaccines;female;humans;immune sera;immunization, secondary;immunogenicity, vaccine;middle aged;sars-cov-2;vaccination
34958181	animals;china;covid-19;sars-cov-2
34958284	anticoagulants;covid-19;hiv infections;humans;pandemics;pharmacogenetics;polymorphism, single nucleotide;precision medicine;sars-cov-2;warfarin
34958526	antibodies, viral;covid-19;humans;immunoglobulin g;liver transplantation;transplant recipients;vaccination
34962356	covid-19;gastrointestinal diseases;gastrointestinal microbiome;humans;probiotics;sars-cov-2
34966387	animals;antibodies, monoclonal;antibodies, neutralizing;antibodies, viral;covid-19 drug treatment;hek293 cells;humans;immunization, passive;mice;sars-cov-2
34976906	brazil;covid-19;education, distance;health education;humans;infodemic;pandemics;primary health care;sars-cov-2
34976910	china;female;health care reform;hospitals;humans;male;patient care team
34986676	adult;antibodies, viral;covid-19;female;fluorescent antibody technique;humans;immunoglobulin g;pandemics;sars-cov-2
34988861	breast;covid-19;hospitals, university;humans;pandemics;referral and consultation
34991778	covid-19;covid-19 vaccines;france;humans;immunization, secondary;sars-cov-2;seasons;vaccination
35002970	aged;covid-19;diabetes mellitus, type 2;dipeptidyl-peptidase iv inhibitors;female;hospitalization;humans;israel;linagliptin;male;prospective studies;sars-cov-2;standard of care;treatment outcome
35006537	bnt162 vaccine;covid-19;covid-19 vaccines;follow-up studies;health personnel;humans;italy;rna, messenger;sars-cov-2
35008505	aged;antiviral agents;cell line;cell survival;chemical and drug induced liver injury;correlation of data;covid-19;covid-19 drug treatment;drug-related side effects and adverse reactions;fatty acids;fatty liver;female;humans;hydroxychloroquine;linear models;male;metabolic networks and pathways;middle aged;obesity;risk factors
35008724	biocatalysis;biomechanical phenomena;methylation;methyltransferases;molecular dynamics simulation;quantum theory;rna caps;rna processing, post-transcriptional;sars-cov-2;viral nonstructural proteins;viral regulatory and accessory proteins
35010471	attitude of health personnel;covid-19;cross-sectional studies;dentists;health knowledge, attitudes, practice;humans;sars-cov-2;surveys and questionnaires
35011641	algorithms;covid-19;epistasis, genetic;gene expression regulation;genome, viral;genome-wide association study;genomics;humans;models, genetic;pandemics;sars-cov-2;virulence
35013191	antibodies, neutralizing;antibodies, viral;bnt162 vaccine;convalescence;covid-19;cytokines;flow cytometry;follow-up studies;humans;immunoglobulin g;interleukin-2;kinetics;nucleocapsid;sars-cov-2;spike glycoprotein, coronavirus;t-lymphocytes;time factors;vaccination
35015739	aging;anti-hiv agents;antiretroviral therapy, highly active;continuity of patient care;covid-19;disease management;health services accessibility;hiv infections;hiv-1;humans;inflammation;sars-cov-2;survivors
35015782	adolescent;adult;age factors;aged;aged, 80 and over;anticoagulants;azithromycin;comorbidity;covid-19;egypt;female;hospital mortality;hospitalization;humans;logistic models;male;middle aged;odds ratio;retrospective studies;sars-cov-2;sex factors;young adult
35030101	antibodies, viral;covid-19 vaccines;humans;multiple sclerosis;sars-cov-2;t-lymphocytes
35030205	adult;aged;aged, 80 and over;covid-19;female;hospital mortality;humans;intubation, intratracheal;length of stay;male;middle aged;noninvasive ventilation;respiration, artificial;treatment outcome;young adult
35032051	burnout, professional;covid-19;cross-sectional studies;humans;oral hygiene;pandemics;surveys and questionnaires;united states
35046607	altitude;atmosphere;communicable disease control;covid-19;environmental indicators;humans;nitrogen dioxide;ozone;quarantine;satellite imagery;time factors
35051130	california;colorado;humans;new york city;sars-cov-2;texas;wastewater;wastewater-based epidemiological monitoring
35051664	covid-19;cross-sectional studies;fluorescein angiography;humans;optic disk;photochemotherapy;retinal vessels;sars-cov-2;tomography, optical coherence
35055602	burnout, professional;burnout, psychological;covid-19;humans;pandemics;public sector;sars-cov-2
35063714	adult;aged;child;covid-19;developmental disabilities;humans;intellectual disability;ontario;sars-cov-2
35066705	angiotensin-converting enzyme 2;covid-19;cytokines;eye infections, viral;humans;inflammation;sars-cov-2;tears
35073855	bronchiolitis;child;covid-19;humans;infant;male;middle aged;pandemics;prospective studies;respiratory syncytial virus infections;respiratory syncytial virus, human;sars-cov-2
35078495	cannula;covid-19;humans;oxygen inhalation therapy;prone position;respiratory insufficiency;sars-cov-2
35079784	adult;aged;antibodies, viral;antibody formation;covid-19;covid-19 vaccines;humans;immunogenicity, vaccine;sars-cov-2;vaccination;vaccines, dna
35086121	adolescent;child;covid-19;humans;light;myopia;refractive errors;sars-cov-2;sleep;visual perception;wearable electronic devices
35087975	adult;antifungal agents;covid-19;eye infections, fungal;humans;male;mucormycosis;orbital diseases;sars-cov-2;tertiary care centers
35096642	angiotensin-converting enzyme 2;cell line;covid-19 drug treatment;humans;peptidyl-dipeptidase a;sars-cov-2
35114577	cystic fibrosis;humans;lung transplantation;propensity score
35122732	covid-19;humans;invasive pulmonary aspergillosis;pulmonary aspergillosis;sars-cov-2
35123395	aged;brazil;covid-19;covid-19 testing;humans;intergenerational relations;middle aged;sars-cov-2
35124470	covid-19;humans;intestinal diseases;malaysia;pandemics;parenteral nutrition, home;sars-cov-2;tertiary care centers
35126030	covid-19;domestic violence;humans;mental health;mental health services;sars-cov-2
35128648	adrenomedullin;biomarkers;covid-19;humans;prognosis;prospective studies;protein precursors;retrospective studies;sepsis
35134561	aged;covid-19;humans;olfaction disorders;prevalence;sars-cov-2;taste disorders
35135773	covid-19;humans;london;pandemics;rna, viral;sars-cov-2;severity of illness index
35142233	adult;aged;covid-19;humans;influenza vaccines;influenza, human;pandemics;primary health care;sars-cov-2;seasons;vaccination;young adult
35146922	child;child, preschool;covid-19;disease outbreaks;humans;physical distancing;sars-cov-2;schools
35149232	covid-19;covid-19 vaccines;female;humans;lactation;male;pandemics;pregnancy;sars-cov-2;sex characteristics;vaccines
35151081	covid-19;gene amplification;humans;nucleic acid amplification techniques;rna, viral;sars-cov-2;sensitivity and specificity;spectrometry, mass, matrix-assisted laser desorption-ionization
35151823	bacteriophages;covid-19;covid-19 vaccines;humans;pneumonia, viral;sars-cov-2
35151856	animals;covid-19;horse diseases;horses;humans;motivation;pandemics;population groups;surveys and questionnaires
35165771	antigen-antibody complex;autoimmune diseases;covid-19;hiv infections;humans;vasculitis
35169259	covid-19;humans;post-acute covid-19 syndrome;sars-cov-2
35170714	covid-19;dengue;diagnosis, differential;hemorrhage;humans;sars-cov-2;syndrome
35175442	cohort studies;covid-19;delivery of health care;humans;pandemics;sars-cov-2
35177037	covid-19;diabetes mellitus;humans;pandemics;primary health care;qualitative research;sars-cov-2;tuberculosis
35178468	anesthesiology;covid-19;humans;middle aged;pandemics;sars-cov-2;simulation training
35184735	covid-19;government;humans;internet;pandemics;sars-cov-2;travel;united states
35195025	covid-19;habits;humans;pandemics;sars-cov-2;surveys and questionnaires
35197179	acquired immunodeficiency syndrome;bayes theorem;china;communicable disease control;covid-19;disease notification;forecasting;humans;incidence;interrupted time series analysis;sars-cov-2
35199310	covid-19;humans;psychiatry
35206163	child;covid-19;ethnicity;female;humans;infant, newborn;london;mental health;minority groups;pandemics;perinatal care;pregnancy;qualitative research;sars-cov-2
35206434	adolescent;adult;aged;aged, 80 and over;child;child, preschool;covid-19;exercise;humans;middle aged;pandemics;sars-cov-2;self report;young adult
35216301	animals;binding sites;chlorocebus aethiops;covid-19 vaccines;dextrans;female;hek293 cells;humans;immunity, humoral;mice;mice, inbred balb c;protein domains;recombinant proteins;spermidine;spike glycoprotein, coronavirus;vaccines, dna;vero cells
35220656	biomedical research;covid-19;humans;pandemics;sars-cov-2
35222989	covid-19;education, distance;humans;pandemics;perception;sars-cov-2;schools;students
35233780	australia;communicable disease control;covid-19;humans;occupational therapy;pandemics;students
35236317	communicable diseases;covid-19;cross-sectional studies;hospitalization;humans;infant, newborn;pandemics;sars-cov-2;tertiary care centers
35246082	adolescent;adult;choice behavior;covid-19;covid-19 vaccines;humans;sars-cov-2;united kingdom;vaccination;young adult
35247550	aged, 80 and over;covid-19;humans;male;mutation;rna, viral;sars-cov-2
35252081	covid-19;covid-19 vaccines;cross-sectional studies;ethnicity;ghana;humans;netherlands;sars-cov-2;self report;vaccination
35255100	angiotensin-converting enzyme 2;animals;covid-19;cricetinae;lung;mesocricetus;sars-cov-2
35259642	adult;covid-19;covid-19 vaccines;cross-sectional studies;female;humans;intention;ireland;pandemics;sars-cov-2;united kingdom;vaccination hesitancy
35260957	covid-19;covid-19 vaccines;delivery of health care;health personnel;humans;united states;united states department of veterans affairs;vaccination;vaccines
35263375	adult;attitude;community health centers;covid-19;covid-19 vaccines;cross-sectional studies;ethiopia;female;health personnel;humans;knowledge;male;multivariate analysis;private facilities;sars-cov-2;surveys and questionnaires;vaccination
35265332	animals;antibodies;antiviral agents;chickens;covid-19;female;humans;immunoglobulins;pandemics;sars-cov-2
35267053	adult;covid-19;ethnicity;female;humans;male;mental health;minority groups;pandemics;qualitative research;sars-cov-2
35270760	body mass index;child;covid-19;czech republic;exercise;humans;pandemics;sars-cov-2;schools
35272613	covid-19;gastrointestinal diseases;hospitalization;humans;odds ratio;sars-cov-2
35282893	angiotensin-converting enzyme 2;animals;covid-19;humans;mice;protein engineering;sars-cov-2;spike glycoprotein, coronavirus
35287838	covid-19;heparin;humans
35289365	aged;covid-19;female;hospitals;humans;male;middle aged;time management
35291048	anatomy;cadaver;covid-19;educational measurement;humans;pandemics;students, medical;teaching
35294728	anxiety;covid-19;humans;post-acute covid-19 syndrome;sars-cov-2;saudi arabia
35304067	covid-19;female;humans;midwifery;nurse midwives;pregnancy;sars-cov-2
35305625	covid-19;delivery of health care;health facilities;humans;pandemics;workforce
35312380	cohort studies;covid-19;humans;prospective studies;thrombophilia;venous thromboembolism
35313091	cohort studies;covid-19;covid-19 testing;deep learning;humans;lung injury;rheumatic diseases;sars-cov-2
35317712	covid-19;curriculum;developing countries;education, medical;humans;pandemics
35320487	alopecia;androgens;covid-19;humans;hypertension;male;receptors, androgen;sars-cov-2
35332047	cohort studies;covid-19;humans;neoplasms;pandemics;primary health care;waiting lists
35332270	angiotensin-converting enzyme 2;covid-19;humans;sars-cov-2;spike glycoprotein, coronavirus;virus internalization
35344118	covid-19;humans;japan;pandemics;retrospective studies;sars-cov-2;stomach neoplasms
35352012	child;covid-19;disease progression;humans;myopia;pandemics;refraction, ocular
35353955	adult;canada;covid-19;fear;humans;psychometrics;quebec;reproducibility of results;sars-cov-2
35355988	antibodies, viral;covid-19;covid-19 serotherapy;humans;immunity;immunization, passive;immunoglobulin a;immunoglobulin a, secretory;immunoglobulin g;sars-cov-2;spike glycoprotein, coronavirus
35356264	communicable disease control;covid-19;depression;female;humans;longitudinal studies;pandemics;pregnancy;social support
35358238	cohort studies;covid-19;hospital mortality;hospitals;humans;intensive care units;latin america;pandemics;prospective studies
35358722	covid-19;hospital mortality;humans;intensive care units;procalcitonin;prognosis;retrospective studies
35366438	analgesics, opioid;covid-19;humans;pandemics;respiration, artificial;sars-cov-2
35370005	angiotensin-converting enzyme 2;antibodies, monoclonal;antibodies, neutralizing;covid-19;covid-19 vaccines;humans;molecular dynamics simulation;mutation;sars-cov-2;spike glycoprotein, coronavirus;vaccine efficacy
35380101	antibodies, monoclonal;antibodies, neutralizing;antibodies, viral;covid-19;humans;immunity, humoral;sars-cov-2;spike glycoprotein, coronavirus
35380165	attitude of health personnel;covid-19;health personnel;humans;iran;pandemics;perception;qualitative research
35383994	covid-19;humans;liver;retrospective studies;sars-cov-2
35384599	covid-19;humans;lamin type a;lipodystrophy;mutation;sars-cov-2
35397002	child;covid-19;cross-sectional studies;humans;indonesia;male;sars-cov-2;systemic inflammatory response syndrome
35411692	covid-19 drug treatment;cross-over studies;humans;pandemics;pharmaceutical preparations;therapeutic equivalency
35421155	covid-19;fear;health personnel;hospitals, university;humans;japan;sars-cov-2
35437697	anxiety;child;covid-19;covid-19 testing;cross-sectional studies;depression;humans;quebec;sars-cov-2;self report;surveys and questionnaires;young adult
35439249	covid-19;humans;pandemics;personal protective equipment;plastics;ventilators, mechanical
35440094	adult;covid-19;female;humans;iran;pandemics;pregnancy;pregnancy, twin;sars-cov-2;young adult
35441801	covid-19;diabetes mellitus;female;hospitals;humans;male;middle aged;prospective studies;respiration, artificial;retrospective studies;sars-cov-2
35441967	carbohydrates;covid-19;glycosylation;humans;polysaccharides;rna, viral;sars-cov-2;schools
35444637	antibodies, monoclonal, humanized;covid-19 drug treatment;humans;monocytes
35448162	antibodies, monoclonal;antibodies, monoclonal, humanized;antibodies, neutralizing;antibodies, viral;covid-19;hematologic neoplasms;humans;retrospective studies;sars-cov-2
35458549	alkaloids;antiviral agents;covid-19 drug treatment;dextran sulfate;ebolavirus;glycoproteins;hemorrhagic fever, ebola;heparin;humans;sars-cov-2;virus internalization
35464749	china;covid-19;humans;laboratories;pandemics;sars-cov-2
35465974	antibodies, neutralizing;antibodies, viral;covid-19;humans;sars-cov-2
35482656	covid-19;delivery of health care;humans;pandemics;unmanned aerial devices
35487371	asthma;child;covid-19;humans;sars-cov-2
35503234	covid-19;covid-19 vaccines;cross-sectional studies;dietary supplements;health personnel;humans;jordan;nonprescription drugs;pandemics
35507290	covid-19;humans;male;middle aged;pericarditis;peritoneal dialysis;renal dialysis;sars-cov-2
35512712	covid-19;covid-19 vaccines;humans;outpatients;risk factors;sars-cov-2;vaccination
35538060	covid-19;covid-19 vaccines;female;humans;infant, newborn;intensive care units, neonatal;placenta;pregnancy;premature birth;rna, messenger;sars-cov-2;stillbirth;vaccination
35564648	covid-19;humans;lactoferrin;molecular docking simulation;pelargonium;plant extracts;sars-cov-2
35565040	contact tracing;covid-19;humans;mobile applications;pandemics;risk assessment;thailand
35568022	covid-19;hemodynamics;humans;patient positioning;prone position
35578330	communicable disease control;covid-19;covid-19 testing;covid-19 vaccines;egypt;humans;kazakhstan;pandemics;poland;public health;sars-cov-2;turkey;ukraine
35583298	covid-19;humans;internship and residency;orthopedics;pandemics;training support
35584232	covid-19;humans;pandemics;public health;rna, viral;sars-cov-2;sensitivity and specificity;sewage
35588736	bnt162 vaccine;humans;immunity, cellular;multiple myeloma;vaccination
35592326	antibodies, viral;covid-19;ebolavirus;hemorrhagic fever, ebola;humans;pandemics;respiratory syncytial virus, human;sars-cov-2
35597776	adult;antibodies, viral;antibody formation;covid-19;covid-19 vaccines;humans;sars-cov-2;vaccination
