33644905	[obsolete] covid-19;cough;fever;infections;pain;respiratory distress syndrome
35358238	[obsolete] covid-19;acquired immunodeficiency syndrome;acute kidney injury;anemia;arrhythmias, cardiac;arthralgia;cardiovascular diseases;coma;cough;creatinine;critical illness;death;dexamethasone;diabetes mellitus;dyspnea;fever;headache;heart diseases;hiv infections;hypertension;immunologic deficiency syndromes;infections;lactic acid;leukocytosis;lung diseases;metabolism, inborn errors;multiple organ failure;myalgia;myocardial infarction;neoplasms;nervous system diseases;nitrogen;obesity;oxygen;pain;pulmonary embolism;renal insufficiency, chronic;respiratory distress syndrome;respiratory tract infections;sepsis;signs and symptoms, respiratory;thrombosis;urea;venous thromboembolism;venous thrombosis
34846280	[obsolete] covid-19;death;infections;pneumonia
33713112	[obsolete] covid-19;colorectal neoplasms
34762561	[obsolete] covid-19;antiviral agents;death
32389999	[obsolete] covid-19;adjustment disorders;anxiety;cardiovascular diseases;chest pain;communicable diseases;coronavirus infections;death;drug hypersensitivity;fatigue;fever;headache disorders, secondary;hydrocortisone;hypesthesia;infections;inflammation;intellectual disability;kidney diseases;lactic acid;mental disorders;obsessive-compulsive disorder;pain;paranoid disorders;pneumonia, viral;psychological distress;psychoses, substance-induced;psychotic disorders;sleep deprivation;sleep initiation and maintenance disorders;sleep wake disorders;stress disorders, post-traumatic;stress disorders, traumatic;wounds and injuries
34867122	[obsolete] covid-19;adjustment disorders;anxiety;chronic disease;communicable diseases;coronavirus infections;death;epilepsy;infections;mental disorders;ocular motility disorders;psychological trauma;schizophrenia;severe acute respiratory syndrome;sleep wake disorders;stress disorders, post-traumatic
34161389	[obsolete] covid-19;adjustment disorders;aicardi syndrome;anxiety;arbovirus infections;arthritis;bipolar disorder;chronic disease;cognition disorders;communicable diseases;coronavirus infections;death;diabetes mellitus;hearing loss;heart diseases;hypertension;infections;neoplasms;oculocerebrorenal syndrome;psychological distress;renal insufficiency, chronic;respiratory tract diseases;schizophrenia;stroke;water
35584232	[obsolete] covid-19;water
32476305	[obsolete] covid-19;anxiety;bronchitis;coinfection;communicable diseases;coronavirus infections;death;diarrhea;hepatitis b;infections;meningitis;pneumococcal infections;pneumonia;pneumonia, viral;pregnancy complications, infectious;respiratory tract diseases;respiratory tract infections;severe acute respiratory syndrome
34371224	[obsolete] covid-19;apnea;colorectal neoplasms;communicable diseases;dizziness;head and neck neoplasms;hearing loss;infections;malocclusion;mouth diseases;mucositis;neoplasms;pharyngeal diseases;rhinitis
33167115	[obsolete] covid-19;anxiety;death;infections;substance-related disorders
34903197	[obsolete] covid-19;adjustment disorders;anxiety;mental disorders;seizures
35283488	[obsolete] covid-19
34145087	[obsolete] covid-19;ocular hypertension;respiratory tract infections
34465068	[obsolete] covid-19;adjustment disorders;aneurysm;anxiety;cerebral infarction;chlorhexidine;coronavirus infections;death;ethanol;fever;hypertension;infections;pneumonia;respiratory tract diseases;signs and symptoms, respiratory;sleep initiation and maintenance disorders;sodium hypochlorite;stroke
32294667	[obsolete] covid-19;acetaminophen;cognition disorders;coronavirus infections;cough;infections;pneumonia, viral;signs and symptoms, respiratory
35267053	[obsolete] covid-19;adjustment disorders;anxiety;coronavirus infections;death;diabetes mellitus;feeding and eating disorders;heart diseases;infections;mental disorders;mood disorders;myoclonus;pain;paranoid disorders;psychological distress;psychoses, substance-induced;psychotic disorders;respiratory distress syndrome;schizophrenia;stress disorders, post-traumatic
33814022	[obsolete] covid-19;asymptomatic infections;coinfection;death;infections
34545952	[obsolete] covid-19;leukemia, lymphocytic, chronic, b-cell;neoplasms
33692744	[obsolete] covid-19;ageusia;alcohols;aspirin;brain edema;brain injuries;brain ischemia;cerebral infarction;cerebrovascular disorders;coronavirus infections;death;diabetes mellitus;enoxaparin;hemorrhage;hypertension;hypoxia;infarction;infections;metformin;myocardial infarction;myotonic dystrophy;nervous system diseases;pneumonia;stroke;thromboembolism;thrombosis;venous thromboembolism
32499903	[obsolete] covid-19;infections;pain
33864328	[obsolete] covid-19;anxiety
34890441	[obsolete] covid-19;abdominal pain;ageusia;cardiovascular diseases;coronavirus infections;cough;critical illness;death;diabetes mellitus;diarrhea;dyspnea;end stage liver disease;fatigue;fever;headache;headache disorders, secondary;hypertension;hypotension;immunologic deficiency syndromes;infections;lung diseases;lung injury;myalgia;nausea;nervous system diseases;nylons;obesity;olfaction disorders;pharyngeal diseases;renal insufficiency, chronic;respiratory tract diseases;respiratory tract infections;signs and symptoms, digestive;taste disorders;vomiting
34196793	[obsolete] covid-19;arbovirus infections;arthritis, rheumatoid;coronavirus infections;death;emanuel syndrome;kidney diseases;methotrexate;musculoskeletal diseases;rheumatic diseases;rheumatic fever;von hippel-lindau disease
32467792	[obsolete] covid-19;acidosis;acute kidney injury;aspirin;atrioventricular block;azithromycin;bradycardia;calcium;catecholamines;coronavirus infections;cough;creatinine;critical illness;death;dopamine;drug-related side effects and adverse reactions;dyspnea;epinephrine;fatigue;fever;glucose;headache;heart diseases;hydroxychloroquine;hyperglycemia;hypertension;hypotension;infections;ischemia;kidney diseases;lung diseases;multiple organ failure;nitrogen;oxygen;pharyngeal diseases;pneumonia;potassium;renal insufficiency;renal insufficiency, chronic;respiratory distress syndrome;respiratory insufficiency;sepsis;syncope;urea
32246972	[obsolete] covid-19;coronavirus infections;methylene blue;pneumonia, viral;polymers;skin diseases
32376401	[obsolete] covid-19;arbovirus infections;arthritis, juvenile;arthritis, rheumatoid;autoimmune diseases;cognitive dysfunction;coronavirus infections;death;drug-related side effects and adverse reactions;graft vs host disease;hereditary breast and ovarian cancer syndrome;hypoxia;infections;lupus erythematosus, systemic;lymphohistiocytosis, hemophagocytic;macrophage activation syndrome;mental disorders;mucocutaneous lymph node syndrome;pneumonia, viral;respiration disorders;respiratory insufficiency;tocilizumab
33954065	[obsolete] covid-19;acetaminophen;arbovirus infections;chest pain;communicable diseases;coronavirus infections;cough;cryopyrin-associated periodic syndromes;drug hypersensitivity;dyspnea;edema;erythema;exanthema;fever;histamine;infections;oxygen;respiratory tract diseases;skin diseases;sleep wake disorders;urticaria;vomiting;weight loss
32327321	[obsolete] covid-19;adjustment disorders;coronavirus infections;death;drug-related side effects and adverse reactions;fatigue;infections;muscle weakness;neoplasms;pneumonia, viral
34444648	[obsolete] covid-19;death;obesity;ocular motility disorders;signs and symptoms, digestive;sleep initiation and maintenance disorders
34101084	[obsolete] covid-19;carbon dioxide;emanuel syndrome;von hippel-lindau disease
34803247	[obsolete] covid-19;alzheimer disease;anxiety;arbovirus infections;carbon;communicable diseases;death;flavonoids;huntington disease;hydrogen;hydroxychloroquine;neoplasms;oxygen;psychological distress;ritonavir;water
33738882	[obsolete] covid-19;adjustment disorders;anxiety;chronic disease;death;infections;psychological distress
32493494	[obsolete] covid-19;anophthalmos;antiviral agents;coronavirus infections;drug hypersensitivity;heart failure;hydroxychloroquine;infections;liver diseases;macular degeneration;mental disorders;neoplasms;pneumonia;pneumonia, viral
33469977	cholesterol;dexamethasone;fatty acids;steroids;vitamin a;vitamin d
32463093	[obsolete] covid-19;coronavirus infections;pneumonia, viral
34515235	[obsolete] covid-19;adjustment disorders;anxiety;asthenia;carbon monoxide;chest pain;dyspnea;fatigue;heparin;kidney diseases;mental disorders;pneumonia;thromboembolism
32449224	[obsolete] covid-19;abnormalities, drug-induced;anorexia;antiviral agents;anxiety;autoimmune diseases;biomarkers;cardiomyopathies;cardiovascular diseases;cerebrovascular disorders;chemical and drug induced liver injury;chest pain;chronic disease;communicable diseases;coronavirus infections;cough;creatinine;critical illness;death;diabetes mellitus;diarrhea;dizziness;drug hypersensitivity;dyspnea;end stage liver disease;fatigue;fever;headache disorders, secondary;heparin;heparin, low-molecular-weight;hypertension;immunologic deficiency syndromes;infections;inflammation;kidney diseases;liver failure;lopinavir;lopinavir-ritonavir drug combination;methylprednisolone;moxifloxacin;multiple organ failure;myocarditis;oxygen;pneumonia;pneumonia, viral;pulmonary embolism;renal insufficiency, chronic;respiratory distress syndrome;respiratory insufficiency;respiratory tract infections;sepsis;signs and symptoms, respiratory;sleep initiation and maintenance disorders;ulcer;urea;vascular system injuries
35030205	[obsolete] covid-19;arbovirus infections;arrhythmias, cardiac;critical illness;cross infection;death;dexamethasone;diabetes mellitus;heart failure;hydrocortisone;hypertension;hypoxia;infections;lung diseases;lung injury;oxygen;pneumonia;pulmonary edema;renal insufficiency;respiration disorders;respiratory distress syndrome;respiratory insufficiency;sepsis;sodium dodecyl sulfate;steroids
34608773	[obsolete] covid-19;fever;heart arrest;infections;mycophenolic acid;myocardial infarction;oxygen;shock, cardiogenic;tacrolimus
33306721	[obsolete] covid-19;adjustment disorders;anophthalmos;anxiety;arrhythmias, cardiac;arthralgia;arthritis, rheumatoid;asthma;carbon monoxide;cardiomyopathies;cardiovascular diseases;chest pain;coronary artery disease;coronavirus infections;cough;death;delirium;diabetes mellitus;diarrhea;dysgeusia;dyspnea;fatigue;fatigue syndrome, chronic;fever;headache;heart diseases;heart failure;hyperlipidemias;hypertension;hypothyroidism;immunologic deficiency syndromes;infections;mental disorders;metabolic syndrome;myalgia;myocardial infarction;neoplasms;obesity;oxygen;pain;pulmonary disease, chronic obstructive;respiration disorders;respiratory distress syndrome;respiratory tract diseases;schizophrenia;severe acute respiratory syndrome;sleep apnea syndromes;steroids;stress disorders, traumatic;stroke;tachypnea;thromboembolism;thrombosis;venous thrombosis
35206434	[obsolete] covid-19;adjustment disorders;adrenal insufficiency;alzheimer disease;anxiety;cadmium;cardiac output, low;cardiovascular diseases;chronic disease;coronary artery disease;coronavirus infections;death;dementia;diabetes mellitus;diabetes mellitus, type 2;fatigue;fractures, bone;heart diseases;hepatolenticular degeneration;infections;mental disorders;musculoskeletal diseases;neoplasms;obesity;ossification of posterior longitudinal ligament;osteoporosis;pneumonia;psychological distress;seizures;von hippel-lindau disease;water;xk aprosencephaly
34679466	[obsolete] covid-19;adjustment disorders;asthma;atrial fibrillation;cardiovascular diseases;chronic disease;coinfection;communicable diseases;cough;death;dexamethasone;diabetes mellitus;dyspnea;fever;headache disorders, secondary;heart arrest;hiv infections;hypertension;infections;inflammation;lung diseases;malaria;muscle weakness;neoplasms;norepinephrine;oxygen;paraffin;pulmonary disease, chronic obstructive;renal insufficiency;renal insufficiency, chronic;respiratory insufficiency;streptomycin;tachypnea;tuberculosis
32599201	[obsolete] covid-19;aneurysm;basal ganglia diseases;brain injuries, traumatic;brain neoplasms;cerebral infarction;coronavirus infections;epilepsy;gaucher disease;infections;intracranial hemorrhages;ischemia;neoplasms;nervous system diseases;pain;parkinson disease;pneumonia;pneumonia, viral;rupture;stroke;wounds and injuries
33999135	[obsolete] covid-19;death;liver failure;respiratory distress syndrome
34108378	[obsolete] covid-19
34224607	[obsolete] covid-19
32450108	[obsolete] covid-19;communicable diseases;coronavirus infections;death;infections;pneumonia, viral;water
33341894	[obsolete] covid-19;angiotensin-converting enzyme inhibitors;antiviral agents;iodine
35122732	[obsolete] covid-19;critical illness;death;mycoses;neoplasms;respiratory distress syndrome
33581061	[obsolete] covid-19;adjustment disorders;alcohols;chronic disease;death;diabetes mellitus;hypertension;infections;obesity;respiratory tract infections;water
33882021	[obsolete] covid-19;adjustment disorders;anxiety;attention deficit disorder with hyperactivity;autistic disorder;bipolar disorder;obesity;obsessive-compulsive disorder;panic disorder;phobic disorders;psychological distress;schizophrenia;sleep wake disorders;stress disorders, post-traumatic;talaromycosis
33928916	[obsolete] covid-19;aluminum;arbovirus infections;blood coagulation disorders;chronic disease;communicable diseases;cough;death;diarrhea;drug hypersensitivity;dyspnea;edema;erythema;fatigue;fever;fractures, bone;glomerulonephritis;headache;hepatitis b;hiv infections;immunologic deficiency syndromes;infections;inflammation;mastocytosis, systemic;myalgia;pain;pneumonia;pruritus
32680626	[obsolete] covid-19;abnormalities, drug-induced;anxiety;carbon;coronavirus infections;cough;cryopyrin-associated periodic syndromes;fatigue;fever;infections;kidney diseases;lymphopenia;mucocutaneous lymph node syndrome;neoplasms;neurocognitive disorders;pain;pneumonia, viral;psychological distress;renal insufficiency;urinary tract infections;wounds and injuries
35175442	[obsolete] covid-19;arbovirus infections;brain diseases;cerebral hemorrhage;cerebrovascular disorders;communicable diseases;death;delirium;dexamethasone;encephalitis;enfermedades del sistema nervioso central;headache;heparin;heredodegenerative disorders, nervous system;hydroxychloroquine;infections;ischemia;lopinavir;lung diseases;methylprednisolone;nervous system diseases;oxygen;remdesivir;respiratory tract diseases;seizures;steroids;stroke;subarachnoid hemorrhage
35397002	[obsolete] covid-19;cryopyrin-associated periodic syndromes;inflammation
34597334	[obsolete] covid-19;anxiety;communicable diseases;death;deuterium;favipiravir;fractures, bone;hypertension;infections;respiratory tract diseases;weight gain
32474574	[obsolete] covid-19
34584327	[obsolete] covid-19;adjustment disorders;anxiety;cognition disorders;communicable diseases;coronavirus infections;death;disruptive, impulse control, and conduct disorders;fatigue;mental disorders;obesity;obsessive-compulsive disorder;psychological distress;respiratory tract infections;sexual dysfunctions, psychological;shock;stress disorders, post-traumatic;water;weight gain;xk aprosencephaly
34370935	[obsolete] covid-19;anxiety;cough;death;infections;tight skin contracture syndrome, lethal;water
34777029	[obsolete] covid-19;adjustment disorders;adrenal insufficiency;alcohols;alzheimer disease;anxiety;chronic disease;compassion fatigue;death;dystonia;fatigue;headache disorders, secondary;hypertension;infections;mood disorders;pain;psychological distress;rupture;seizures;stress disorders, post-traumatic;stress disorders, traumatic;wounds and injuries
33347319	[obsolete] covid-19
35345704	[obsolete] covid-19;acute kidney injury;acute lung injury;critical illness;genetic diseases, inborn;hypertension;lung injury;obesity;oxygen;pneumonia;respiratory distress syndrome
35146922	[obsolete] covid-19;aicardi syndrome;coinfection;communicable diseases;death;infections;severe acute respiratory syndrome
35565040	[obsolete] covid-19;heart failure;infections;learning disabilities;weight loss
35220656	[obsolete] covid-19
35008724	[obsolete] covid-19;adenine;adenosine;alanine;amines;arbovirus infections;carbon;drug-related side effects and adverse reactions;glycine;guanine;hydrogen;metals;neural tube defects;nitrogen;oxygen;phosphates;pneumonia;sleep apnea syndromes;sulfur;water;weight loss
35344118	[obsolete] covid-19;airway obstruction;anemia;death;digestive system neoplasms;drug-related side effects and adverse reactions;gastrointestinal diseases;gaucher disease;headache disorders, secondary;infections;neoplasms;stomach neoplasms
33595062	[obsolete] covid-19;heart diseases
32673494	[obsolete] covid-19;cardiomyopathies;cardiotoxicity;cardiovascular diseases;catecholamines;corneal endothelial dystrophy type 2;coronary artery disease;coronavirus infections;cough;death;drug-related side effects and adverse reactions;fatigue;fever;heart diseases;infections;inflammation;mastocytosis, systemic;microvascular angina;myalgia;myocarditis;norepinephrine;obesity;oxygen;pneumonia, viral;psychological distress;sarilumab;takotsubo cardiomyopathy;ventricular dysfunction, left
33264497	[obsolete] covid-19;antiviral agents
35142233	[obsolete] covid-19;coinfection;cold injury;communicable diseases;congenital disorder of glycosylation type 1d;cough;death;diabetes mellitus;fever;heart diseases;infections;influenza, human;pneumococcal infections;pneumonia;respiratory tract diseases
33920976	[obsolete] covid-19;adjustment disorders;anxiety;cognition disorders;coronavirus infections;death;genetic diseases, inborn;lung neoplasms;obsessive-compulsive disorder;papillomavirus infections;refractive errors;respiratory tract diseases;sleep initiation and maintenance disorders
32873261	[obsolete] covid-19
34670589	[obsolete] covid-19;cerebrovascular disorders;critical illness;death;lung injury;respiratory distress syndrome
34052621	[obsolete] covid-19;adjustment disorders;anxiety;death;drug overdose
34673261	[obsolete] covid-19;blindness;vaccines
34904908	[obsolete] covid-19
35411692	[obsolete] covid-19;coronavirus infections
32729279	[obsolete] covid-19;communicable diseases;coronavirus infections;cross infection;hydrogen peroxide;infections;pneumonia, viral;sodium hypochlorite
33680350	[obsolete] covid-19;arbovirus infections;arrhythmias, cardiac;azithromycin;cadmium;calcium;cardiotoxicity;cardiovascular diseases;chemical and drug induced liver injury;chloroquine;coinfection;colonic neoplasms;communicable diseases;copper;coronavirus infections;critical illness;death;dexamethasone;diabetes mellitus;diabetes mellitus, type 2;diarrhea;digestive system neoplasms;doxycycline;drug-related side effects and adverse reactions;dyspnea;fatigue;feeding and eating disorders;fever;folic acid;headache;heart failure;hepatitis c;hepatitis c, chronic;hydroxychloroquine;hypertension;hypotension;immunologic deficiency syndromes;infections;inflammation;inflammatory bowel diseases;iron;lethargy;liver cirrhosis;long qt syndrome;magnesium;malaria;mental disorders;metabolic diseases;metals;mouth diseases;nausea;neoplasms;nerve degeneration;neurodegenerative diseases;oxygen;pneumonia;polyethylene glycols;quercetin;respiratory tract infections;ribavirin;severe acute respiratory syndrome;vitamin a;vomiting
35568022	[obsolete] covid-19;brain diseases;brain injuries;carbon dioxide;critical illness;death;delirium;enfermedades del sistema nervioso central;hypercapnia;hypoxia;ischemia;lactic acid;oxygen;respiratory distress syndrome;respiratory insufficiency;stroke
34202707	[obsolete] covid-19;colorectal neoplasms;williams syndrome
34453842	[obsolete] covid-19;pain
32524792	[obsolete] covid-19;ascorbic acid;asymptomatic infections;cardiovascular abnormalities;chemical and drug induced liver injury;coinfection;communicable diseases;coronavirus infections;disease progression;infections;liver diseases;lymphatic diseases;lymphopenia;pleural effusion;pneumonia;pneumonia, viral;respiratory distress syndrome;respiratory tract infections;umifenovir
32582382	[obsolete] covid-19;arthralgia;fever;fractures, bone;infections;musculoskeletal diseases;neoplasms;nervous system diseases;neurologic manifestations;pain;pulmonary embolism;rheumatic fever;venous thrombosis;wounds and injuries
35583298	[obsolete] covid-19;adenomatous polyposis coli;anxiety;coronavirus infections;psychological distress
32298273	[obsolete] covid-19;adrenal insufficiency;arbovirus infections;coronavirus infections;death;heart diseases;hypertension;infections;kidney diseases;liver failure;peptidyl-dipeptidase a;pneumonia;pneumonia, viral;severe acute respiratory syndrome
32718042	[obsolete] covid-19;chronic disease;coinfection;coronavirus infections;death;drug hypersensitivity;infections;inflammation;lipids;respiration disorders;respiratory tract diseases
33547814	infections
35250772	[obsolete] covid-19;adjustment disorders;anxiety;bradycardia;fractures, open;mental disorders;seizures;weight loss
33542501	infections;seizures
35493814	[obsolete] covid-19;adenosine triphosphate;anxiety;arbovirus infections;arthralgia;ascorbic acid;brain injuries, traumatic;cardiovascular diseases;chest pain;chronic disease;cognition disorders;colorectal neoplasms;cough;death;deuterium;diabetes mellitus;drug hypersensitivity;dyspnea;dystonia;fatigue;fatigue syndrome, chronic;fatty acids;fever;glucose;glutathione;headache;heart arrest;heredodegenerative disorders, nervous system;hydrogen;hydrogen peroxide;hypotension;infarction;infections;inflammation;lactic acid;lipids;lipopolysaccharides;lung diseases;memory disorders;metabolic diseases;metabolic syndrome;metals;mitochondrial diseases;muscle weakness;muscular diseases;myalgia;neoplasms;nervous system diseases;neuralgia;nitric oxide;nitrogen;oxygen;parkinson disease;prostatic neoplasms;reactive oxygen species;respiratory tract diseases;rituximab;signs and symptoms, digestive;sleep wake disorders;sodium chloride;urea;uric acid;ventricular fibrillation;ventricular remodeling;water
34898715	[obsolete] covid-19
34906234	[obsolete] covid-19
33704627	[obsolete] covid-19;alcohols;carcinoma, squamous cell;communicable diseases;coronavirus infections;death;head and neck neoplasms;infections;myocardial infarction;neoplasms;oculocerebrorenal syndrome;respiratory insufficiency;stroke
34230210	[obsolete] covid-19;acetone;acetonitrile;acute kidney injury;adenomatous polyposis coli;adjustment disorders;amides;arbovirus infections;arginine;autoimmune diseases;coronavirus infections;cytokines;death;diabetes mellitus;diabetes mellitus, type 2;drug-related side effects and adverse reactions;fatty acids;folic acid;glucose;glutamic acid;glutamine;hematologic diseases;hydroxychloroquine;immune system diseases;infections;inflammation;lactic acid;lipids;malnutrition;methanol;myalgia;neoplasms;neurotoxicity syndromes;nitric oxide;nitrogen;obesity;olfaction disorders;oxygen;proline;prostatic neoplasms;remdesivir;respiratory distress syndrome;sepsis;testosterone;tocilizumab;urea;vitamin b 12;water;xerostomia
34559248	[obsolete] covid-19;aspirin;basal ganglia cerebrovascular disease;blood coagulation disorders, inherited;cerebral infarction;coronavirus infections;death;diabetes mellitus;emanuel syndrome;heparin;heparin, low-molecular-weight;hypoxia;lung diseases;pulmonary embolism;respiratory distress syndrome;thrombocytopenia;thrombosis;vascular system injuries;venous thromboembolism;von hippel-lindau disease
32302740	[obsolete] covid-19;death;johnson neuroectodermal syndrome;severe acute respiratory syndrome;wounds and injuries
34452464	[obsolete] covid-19;chronic disease;coronavirus infections;cough;death;dysgeusia;dyspnea;fatigue;fever;headache;infections;kidney diseases;myalgia;olfaction disorders;pain;pharyngeal diseases;rhinitis;signs and symptoms, digestive;von hippel-lindau disease
34627082	[obsolete] covid-19;adenomatous polyposis coli;adenosine triphosphate;arbovirus infections;arginine;biotin;carbon dioxide;coronavirus infections;critical illness;dapi;death;dimethyl sulfoxide;edetic acid;infections;lead;lymphoma;neoplasms;nitrogen;peptides;pneumonia;remdesivir
35441127	[obsolete] covid-19;anorexia;cardiovascular diseases;cognition disorders;communicable diseases;cough;death;dementia;diabetes mellitus;diarrhea;dysgeusia;end stage liver disease;fever;hypertension;hypoxia;immune system diseases;infections;inflammation;kidney failure, chronic;mental disorders;myalgia;neoplasms;obesity;olfaction disorders;oxygen;pharyngeal diseases;pulmonary disease, chronic obstructive;signs and symptoms, respiratory;sleep initiation and maintenance disorders;tachypnea;urea;vomiting
33674591	[obsolete] covid-19;adenomatous polyposis coli;agar;alexa fluor 647;arbovirus infections;bacterial infections;baricitinib;carbon dioxide;cardiovascular diseases;chronobiology disorders;coinfection;coronavirus infections;critical illness;cross infection;cytokines;death;dexamethasone;diabetes mellitus;dithiothreitol;drug-related side effects and adverse reactions;edetic acid;heart failure;hiv infections;hypertension;immune system diseases;infections;inflammation;kidney diseases;lead;leukemia, lymphocytic, chronic, b-cell;leukemia, myeloid;lung injury;lymphopenia;memory disorders;multiple organ failure;necrosis;neonatal herpes;neoplasms;neurologic manifestations;neutrophilia, hereditary;nitrogen;nylons;oxygen;pancreatic neoplasms;paralysis;pneumonia;psychomotor disorders;pulmonary disease, chronic obstructive;remdesivir;renal insufficiency, chronic;respiration disorders;respiratory distress syndrome;respiratory insufficiency;respiratory tract infections;sepsis;serine;shock, septic;steroids
34629857	[obsolete] covid-19;carcinoma;critical illness;death;distal myopathies;gerstmann syndrome;wounds and injuries
32634111	[obsolete] covid-19;adjustment disorders;anxiety;attention deficit disorder with hyperactivity;coronavirus infections;death;gaucher disease;infections;mental disorders;obesity;pneumonia, viral;psychological distress;respiration disorders;sleep wake disorders
35011641	[obsolete] covid-19;arbovirus infections;coinfection;communicable diseases;coronavirus infections;cytosine;dyspnea;fever;hiv infections;infections;lung injury;neuroblastoma;pneumonia;seizures
35566787	[obsolete] covid-19;asthma;communicable diseases;congenital abnormalities;coronavirus infections;death;diabetes mellitus;heart defects, congenital;hemolysis;hemorrhage;hereditary breast and ovarian cancer syndrome;hypertension;infections;liver diseases;lung diseases;obesity;oxygen;pneumonia;pulmonary embolism;respiratory distress syndrome;stillbirth;venous thromboembolism;venous thrombosis
33590152	[obsolete] covid-19
34053251	[obsolete] covid-19;communicable diseases;coronavirus infections;death;infections;pneumonia;respiratory distress syndrome
35308830	[obsolete] covid-19;abnormalities, drug-induced;angina pectoris;arbovirus infections;coinfection;coronary artery disease;critical illness;crohn disease;death;drug-related side effects and adverse reactions;graft vs host disease;heart diseases;heart failure;hematologic diseases;hypoxia;infarction;infections;inflammation;ischemia;joint diseases;leukemia;leukemia, myeloid, acute;lymphoma, b-cell;necrosis;neoplasms;neurodegenerative diseases;nitric oxide;osteoarthritis;parkinson disease;pneumonia;polymers;respiratory distress syndrome;sleep initiation and maintenance disorders
32569772	[obsolete] covid-19;abdominal pain;acute disease;aneurysm;aspirin;blood coagulation disorders;colonic neoplasms;coronavirus infections;death;diabetes mellitus;diarrhea;dyspnea;edema;fever;heparin;hypertension;infections;ischemia;myocardial infarction;oculocerebrorenal syndrome;pain;pneumonia;pneumonia, viral;pneumoperitoneum;pulmonary embolism;renal insufficiency;signs and symptoms, digestive;thromboembolism;thrombophilia;thrombosis;vomiting
32673509	[obsolete] covid-19;angiotensin-converting enzyme inhibitors;coronavirus infections;losartan;peptidyl-dipeptidase a;pneumonia, viral
32988978	[obsolete] covid-19;airway obstruction;arbovirus infections;aspirin;basal cell carcinoma;cardiomyopathies;catecholamines;coronary artery disease;coronavirus infections;enoxaparin;heart diseases;hypertension;hypokinesia;inflammation;lymphopenia;myocardial infarction;neutrophilia, hereditary;oxygen;pneumonia;pneumonia, viral;pregnancy complications, infectious;respiratory insufficiency;takotsubo cardiomyopathy;ventricular dysfunction
32405517	[obsolete] covid-19;arrhythmias, cardiac;attention deficit disorder with hyperactivity;chest pain;coronavirus infections;death, sudden;dyspnea;heart defects, congenital;heart diseases;hypertension;pneumonia, viral;tachycardia
33409040	[obsolete] covid-19;anxiety;death;gaucher disease;ocular motility disorders;psychological distress
34682574	[obsolete] covid-19;adjustment disorders;anxiety;autoimmune diseases;bipolar disorder;blindness;chronic disease;compassion fatigue;cystic fibrosis;death;diabetes mellitus;dystonia;headache disorders, secondary;hypertension, pulmonary;infections;mental disorders;neoplasms;nephrotic syndrome;obsessive-compulsive disorder;panic disorder;parkinson disease;psychological distress;psychotic disorders;respiration disorders;severe acute respiratory syndrome;sleep initiation and maintenance disorders;sleep wake disorders;stress disorders, post-traumatic;strudwick syndrome;xk aprosencephaly
35195025	[obsolete] covid-19;congenital disorder of glycosylation type 1d;hepatolenticular degeneration;idiopathic pulmonary fibrosis;infections;lung diseases;pulmonary disease, chronic obstructive
35380165	[obsolete] covid-19
32361284	[obsolete] covid-19;adjustment disorders;anxiety;chronic pain;coronavirus infections;death;mental disorders;pain;pneumonia;pneumonia, viral;psychological distress
32338809	[obsolete] covid-19;coronavirus infections;head and neck neoplasms;neoplasms;pneumonia, viral
32563690	[obsolete] covid-19;ageusia;airway obstruction;coronavirus infections;cough;death;fever;infections;neurologic manifestations;pneumonia, viral;taste disorders
35411295	[obsolete] covid-19;adjustment disorders;arbovirus infections;arthritis;arthritis, rheumatoid;colitis;critical illness;death;dyspnea;epilepsy;headache;infections;inflammation;inflammatory bowel diseases;myotonic dystrophy;nicotine;norepinephrine;pneumonia;respiratory distress syndrome;respiratory tract infections;seizures;sepsis;tocilizumab
34188432	[obsolete] covid-19;arbovirus infections;coronavirus infections;death;infections;johnson neuroectodermal syndrome;kidney diseases;phenylalanine
35165771	[obsolete] covid-19;anemia;aneurysm;arbovirus infections;asthma;atherosclerosis;autoimmune diseases;azathioprine;bacterial infections;basal ganglia cerebrovascular disease;cardiomyopathies;cerebral hemorrhage;chemical and drug induced liver injury;communicable diseases;corneal endothelial dystrophy type 2;coronary artery disease;creatinine;cryopyrin-associated periodic syndromes;cyclophosphamide;cyclosporine;cystic fibrosis;death;drug hypersensitivity;glomerulonephritis;hematologic diseases;hemorrhage;hepatitis b;hepatitis c;hereditary breast and ovarian cancer syndrome;hiv infections;hypoalbuminemia;hypotension;infections;inflammation;kidney diseases;lymphopenia;methotrexate;mucocutaneous lymph node syndrome;musculoskeletal diseases;mycophenolic acid;myocarditis;necrosis;opitz trigonocephaly syndrome;opportunistic infections;parasitic diseases;pharyngeal diseases;pneumonia;pneumonia, pneumocystis;prednisolone;reactive oxygen species;respiratory tract diseases;respiratory tract infections;rheumatic diseases;rituximab;shock;staphylococcal infections;steroids;tacrolimus;tuberculosis;urticaria;vascular system injuries;vasculitis;ventricular dysfunction
32945597	[obsolete] covid-19;alcohols
34536426	[obsolete] covid-19;communicable diseases;death;infections
34682492	[obsolete] covid-19;acquired immunodeficiency syndrome;acute disease;adjustment disorders;anemia;breast neoplasms;cardiovascular diseases;chronic disease;communicable diseases;death;diabetes mellitus;diarrhea;hiv infections;hypertension;infections;malaria;malnutrition;mental disorders;neoplasms;pneumococcal infections;respiratory insufficiency;respiratory tract diseases;respiratory tract infections;tuberculosis
32270314	[obsolete] covid-19;chlorine;cross infection;death;ethanol;infections;pneumonia;zoonoses
33191649	[obsolete] covid-19;infections
34432842	[obsolete] covid-19;adjustment disorders;alcohols;breast neoplasms;chronic disease;death;diabetes mellitus;epilepsy;infections;multiple sclerosis;neoplasms;prostatic neoplasms
34868831	[obsolete] covid-19;arthralgia;coronavirus infections;cough;death;dyspnea;fever;headache;infections;pharyngeal diseases;taste disorders
34824194	[obsolete] covid-19;coronavirus infections;critical illness;death;disseminated intravascular coagulation;fever;hematologic diseases;hematologic neoplasms;hemorrhage;infections;leukemia, myeloid;lymphoma, b-cell;mental disorders;multiple myeloma;neoplasms;pain;pneumonia;respiratory insufficiency;ruxolitinib;thrombosis
33505949	[obsolete] covid-19;abdominal pain;acute kidney injury;anorexia;arbovirus infections;arthralgia;asthma;blood coagulation disorders;cardiovascular diseases;cerebrovascular disorders;chest pain;coinfection;communicable diseases;coronavirus infections;cough;creatinine;critical illness;death;diabetes mellitus;diarrhea;disease progression;dizziness;drug hypersensitivity;dyspnea;end stage liver disease;fatigue;fever;glucose;headache;hemoptysis;hiv infections;hyperlipidemias;hypertension;infections;inflammation;kidney failure, chronic;liver diseases;lung injury;lymphopenia;multiple organ failure;myalgia;nausea;necrosis;neoplasms;neurologic manifestations;nitrogen;obesity;oxygen;pain;pericardial effusion;pharyngeal diseases;pleural effusion;pneumonia;pulmonary disease, chronic obstructive;pulmonary edema;renal insufficiency, chronic;respiration disorders;respiratory distress syndrome;respiratory insufficiency;respiratory tract diseases;rhinitis;sepsis;severe acute respiratory syndrome;shock, septic;urea;vomiting
33439908	[obsolete] covid-19;acquired immunodeficiency syndrome;acute kidney injury;alanine;alcohols;aneurysm;aspartic acid;asthma;autoimmune diseases;bilirubin;bronchitis;cardiovascular diseases;cerebral infarction;cerebrovascular disorders;chemical and drug induced liver injury;cognition disorders;coronavirus infections;creatinine;death;dementia;dexamethasone;diabetes mellitus;epilepsy;fever;heart failure;hiv infections;hydroxychloroquine;hyperlipidemias;hypertension;hypotension;hypoxia;infections;kidney diseases;lactic acid;liver diseases;lopinavir-ritonavir drug combination;lung diseases;lung injury;lymphopenia;myocardial infarction;neoplasms;nervous system diseases;obesity;parkinson disease;pneumonia;remdesivir;respiratory distress syndrome;respiratory insufficiency;respiratory tract infections;rheumatic diseases;serine;stroke;tachypnea;thrombocytopenia
32644258	[obsolete] covid-19;coronavirus infections;pneumonia, viral
34888903	antiviral agents;liver cirrhosis
34926314	[obsolete] covid-19;alcohols;anorexia;arbovirus infections;ascorbic acid;calcium;carbohydrates;cardiovascular diseases;chemical and drug induced liver injury;chlorine;coinfection;cough;creatinine;crohn disease;death;diabetes mellitus;diarrhea;digestive system neoplasms;dyspnea;fatigue;fever;gastrointestinal diseases;glucose;head and neck neoplasms;hepatitis b;hiv infections;hypertension;infections;inflammation;inflammatory bowel diseases;irritable bowel syndrome;lipids;myalgia;nausea;neoplasms;phenylalanine;pneumonia;potassium;respiratory tract diseases;sepharose;signs and symptoms, digestive;signs and symptoms, respiratory;sodium;sugars;thrombocytopenia;vomiting
35151823	[obsolete] covid-19;arbovirus infections;bacterial infections;chemical and drug induced liver injury;chlorine;coinfection;cold injury;colitis;communicable diseases;copper;coronavirus infections;cough;critical illness;cystic fibrosis;death;dyspnea;epstein-barr virus infections;hemorrhage;hepatitis e;hydrogen peroxide;infections;inflammation;leukoencephalopathies;lipids;lipopolysaccharides;lung diseases;necrosis;neoplasms;oxygen;ozone;phosphates;phospholipids;pneumococcal infections;pneumonia;pneumonia, viral;prostatic neoplasms;pulmonary disease, chronic obstructive;reactive oxygen species;respiratory distress syndrome;respiratory insufficiency;respiratory tract diseases;respiratory tract infections;sepsis;silver;water;zoonoses
32379015	[obsolete] covid-19;death;infections;pneumonia;respiratory tract diseases
33963250	[obsolete] covid-19;abdominal pain;alcohols;aldosterone;anorexia;arbovirus infections;bilirubin;blood coagulation disorders;cardiomyopathies;cardiovascular diseases;cerebrovascular disorders;chemical and drug induced liver injury;chest pain;coinfection;coronavirus infections;cough;creatinine;critical illness;death;dexamethasone;diabetes mellitus;diarrhea;dizziness;dyspnea;fatigue;fever;headache;heart diseases;heart failure;hematologic diseases;hypertension;hypoalbuminemia;infections;inflammation;kidney diseases;liver cirrhosis;liver diseases;multiple organ failure;myalgia;nausea;neoplasms;nitrogen;obesity;pharyngeal diseases;pneumococcal infections;pneumonia;pulmonary disease, chronic obstructive;remdesivir;renal insufficiency, chronic;respiratory insufficiency;respiratory tract diseases;shock, septic;signs and symptoms, respiratory;strudwick syndrome;tight skin contracture syndrome, lethal;tocilizumab;urea;vomiting;weight loss
35542312	[obsolete] covid-19;abnormalities, drug-induced;coronavirus infections;death;diabetes mellitus;fatty acids;hemorrhage;hepatitis b;hypertension;infections;inflammation;memory disorders;obesity;pneumoperitoneum;respiratory distress syndrome;respiratory insufficiency;respiratory tract diseases;rupture;vomiting
33660320	[obsolete] covid-19
34543580	[obsolete] covid-19;azithromycin;coronavirus infections;death;dexamethasone;hydrocortisone;hydroxychloroquine;lopinavir-ritonavir drug combination;macrolides;neoplasms;refractive errors;respiratory distress syndrome;seizures
32776354	[obsolete] covid-19;coronavirus infections;death;diabetes mellitus;disease progression;inflammation;obesity;pneumonia, viral;respiration disorders
35095628	[obsolete] covid-19;adjustment disorders;alcohols;anxiety;communicable diseases;coronavirus infections;cough;death;diabetes mellitus;diabetes mellitus, type 1;diabetes mellitus, type 2;fever;folic acid;infections;multiple sclerosis;neoplasms;respiratory tract infections;seizures;signs and symptoms, respiratory;skin neoplasms;terbium;tight skin contracture syndrome, lethal
33152182	[obsolete] covid-19;atelosteogenesis type 2;carcinoma;coronavirus infections;gerstmann syndrome;pneumonia, viral
34394024	[obsolete] covid-19;ageusia;arbovirus infections;bacterial infections;biotin;cardiovascular diseases;coinfection;communicable diseases;coronavirus infections;critical illness;death;diabetes mellitus;encephalitis;gastrointestinal diseases;headache disorders, secondary;heart diseases;hydroxychloroquine;hypertension;infections;infertility, female;inflammation;lung diseases;lung diseases, interstitial;neoplasms;nerve degeneration;olfaction disorders;oxygen;papillary renal cell carcinoma, sporadic;paralysis;pneumonia;sepharose
35310793	[obsolete] covid-19;anxiety;cough;critical illness;death;diabetes mellitus;diarrhea;drug hypersensitivity;dyspnea;emergencies;fever;hypertension;hypoxia;lung injury;myotonic dystrophy;obesity;oxygen;pain;pulmonary disease, chronic obstructive;respiratory distress syndrome;respiratory insufficiency;ulcer
35578330	[obsolete] covid-19;chronic disease;communicable diseases;coronavirus infections;death;infections;learning disabilities;neoplasms;occupational diseases;oils
33558097	[obsolete] covid-19;cough;death;infections;lung diseases;lung injury;pneumonia;pulmonary disease, chronic obstructive;respiratory distress syndrome;respiratory tract diseases
32657272	[obsolete] covid-19;coronavirus infections;infections;pneumonia;pneumonia, viral;respiration disorders;severe acute respiratory syndrome
34568249	[obsolete] covid-19;arbovirus infections;communicable diseases;coronavirus infections;death;diarrhea;fever;hemorrhagic fever with renal syndrome;infections;myalgia;nausea;vomiting
34720746	[obsolete] covid-19;death;job syndrome;seizures;talaromycosis;water
34289965	[obsolete] covid-19;basal ganglia diseases;brain injuries, traumatic;death;fractures, bone;headache;infarction;infections;intracranial hemorrhages;seizures;sinus thrombosis, intracranial;vomiting;wounds and injuries
34056576	[obsolete] covid-19;acquired immunodeficiency syndrome;adjustment disorders;anxiety;arbovirus infections;attention deficit disorder with hyperactivity;autistic disorder;bipolar disorder;cerebrovascular disorders;chest pain;chronic disease;communicable diseases;coronavirus infections;death;delirium;disruptive, impulse control, and conduct disorders;dyspnea;fatigue;fever;headache disorders, secondary;hereditary breast and ovarian cancer syndrome;hiv infections;hypoxia;infections;inflammation;mental disorders;mood disorders;neurocognitive disorders;obsessive-compulsive disorder;panic disorder;paranoid disorders;psychological distress;psychomotor agitation;psychoses, substance-induced;psychotic disorders;respiratory distress syndrome;respiratory tract diseases;schizophrenia;severe acute respiratory syndrome;sleep initiation and maintenance disorders;stress disorders, post-traumatic;wounds and injuries
34906660	[obsolete] covid-19;adjustment disorders;anxiety;arthralgia;arthritis;cardiovascular diseases;chronic pain;coronary artery disease;death;diabetes mellitus;dyspnea;fractures, bone;infections;osteoarthritis;pain;psychological distress;wounds and injuries
33091331	[obsolete] covid-19;cough;death;fever;infections;pharyngeal diseases;respiratory tract diseases
33489409	[obsolete] covid-19;abdominal pain;anemia;arbovirus infections;blood coagulation disorders;communicable diseases;creatinine;diabetes mellitus;diabetes mellitus, type 2;fatigue;fever;hematuria;hemorrhage;infections;liver cirrhosis;mental disorders;necrosis;neoplasms;pneumoperitoneum;respiratory tract infections;signs and symptoms, respiratory;tuberculosis;urinary tract infections
34251568	[obsolete] covid-19;blood coagulation disorders;chemical and drug induced liver injury;communicable diseases;death;diabetes mellitus;end stage liver disease;fibrosis;heart diseases;infections;inflammation;ischemia;liver cirrhosis;liver diseases;liver failure;obesity;remdesivir;respiratory insufficiency;thrombosis;tocilizumab;venous thromboembolism
34523132	[obsolete] covid-19
32333026	[obsolete] covid-19;acute kidney injury;arbovirus infections;arrhythmias, cardiac;arthritis, rheumatoid;azithromycin;cardiomyopathies;cardiotoxicity;cardiovascular diseases;chloroquine;coronavirus infections;cough;death;drug overdose;dyspnea;fever;heart failure;hydroxychloroquine;hypokalemia;hypoxia;infections;long qt syndrome;lupus erythematosus, systemic;myocardial infarction;myocarditis;pneumonia, viral;renal insufficiency;respiration disorders;respiratory distress syndrome;shock, cardiogenic;syncope;ventricular dysfunction, left;ventricular fibrillation;viremia
32847744	[obsolete] covid-19;anxiety;coronavirus infections;delirium;infections;pneumonia, viral;sepsis;shock, septic;sleep initiation and maintenance disorders;sleep wake disorders
34237727	[obsolete] covid-19;death;ischemia;stroke
32618967	[obsolete] covid-19;coronavirus infections;pneumonia, viral;wounds and injuries
32145217	[obsolete] covid-19;coronavirus infections;cough;death;diarrhea;dyspnea;fever;infections;pneumonia;pneumonia, viral;respiratory distress syndrome;respiratory tract diseases;severe acute respiratory syndrome;signs and symptoms, digestive;stomach neoplasms;vomiting
34864190	[obsolete] covid-19
32343996	[obsolete] covid-19;coinfection;coronavirus infections;heart diseases;infections;pneumonia, viral;respiratory insufficiency;severe acute respiratory syndrome;testosterone
32503857	[obsolete] covid-19;arthritis;arthritis, rheumatoid;baricitinib;cesium;coronavirus infections;death;diabetes mellitus;hydroxychloroquine;hypertension;infections;inflammatory bowel diseases;lupus erythematosus, systemic;methotrexate;musculoskeletal diseases;pneumonia, viral;prednisone;rheumatic diseases;rituximab;vasculitis
35268531	[obsolete] covid-19;arrhythmias, cardiac;asthma;atherosclerosis;bilirubin;cardiovascular diseases;chemical and drug induced liver injury;chest pain;chronic kidney disease-mineral and bone disorder;coronary artery disease;coronavirus infections;cough;creatinine;death;diabetes mellitus;diarrhea;dyslipidemias;dyspnea;fever;genetic diseases, inborn;headache;heart failure;heart valve diseases;hiv infections;hyperlipidemias;hypertension;infections;leukemia, lymphocytic, chronic, b-cell;lipids;lymphopenia;metabolic diseases;myalgia;myotonic dystrophy;nausea;neoplasms;neutropenia;nitrogen;olfaction disorders;pharyngeal diseases;pneumonia;pulmonary disease, chronic obstructive;renal insufficiency, chronic;respiratory insufficiency;respiratory tract infections;signs and symptoms, respiratory;stroke;tight skin contracture syndrome, lethal;urea;urticaria;vomiting
32429681	[obsolete] covid-19;communicable diseases;congenital disorder of glycosylation type 1d;coronavirus infections;death;dystonia;pneumonia, viral
35055602	[obsolete] covid-19;adjustment disorders;anxiety;atelosteogenesis type 2;cholesterol;coronary artery disease;death;dopamine;fatigue;mental disorders;psychological distress;sleep initiation and maintenance disorders;triglycerides
33363440	[obsolete] covid-19;abnormalities, drug-induced;acquired immunodeficiency syndrome;alcohols;arbovirus infections;atrial fibrillation;carbon;chemical and drug induced liver injury;communicable diseases;coronavirus infections;death;flavivirus infections;glucose;heart diseases;heparin;hepatitis b;infections;lipids;malaria;metals;methylene blue;neoplasms;oligonucleotides;pneumonia;polymers;polysaccharides;polystyrenes;polyvinylidene fluoride;protein s deficiency;silicon dioxide;silver;water
33224626	[obsolete] covid-19;blood coagulation disorders, inherited;communicable diseases;death;infections;oxygen;pneumonia;thrombophilia
35063714	[obsolete] covid-19;autistic disorder;cognition disorders;death;genetic diseases, inborn;hemorrhage;intellectual disability;mental disorders
32360231	[obsolete] covid-19;antiviral agents;arbovirus infections;arginine;coronavirus infections;death;fever;glutamic acid;hydrogen;infections;leucine;lopinavir-ritonavir drug combination;lysine;oseltamivir;pneumonia, viral;polysaccharides;remdesivir;ribavirin;umifenovir
35134561	[obsolete] covid-19;ageusia;cognition disorders;coronavirus infections;cough;critical illness;death;drug hypersensitivity;dysgeusia;dyspnea;fatigue;fever;genetic diseases, inborn;headache disorders, secondary;infections;myalgia;neurologic manifestations;olfaction disorders;seizures;sensation disorders;signs and symptoms, respiratory;steroids;strudwick syndrome;taste disorders;vitamin d
32991794	[obsolete] covid-19;chronic disease;communicable diseases;coronavirus infections;death;diabetes mellitus;drug hypersensitivity;drug-related side effects and adverse reactions;erythema;exanthema;fatigue;fever;glucose;glycine;headache;headache disorders, secondary;hepatitis b;infections;lipids;myalgia;pain;proline;respiratory tract diseases
32096566	coronavirus infections;infections;pneumonia, viral
33824264	[obsolete] covid-19;adjustment disorders;anxiety;autistic disorder;coronavirus infections;cough;death;fever;infections;mental disorders;psychological distress
32583423	[obsolete] covid-19;anxiety;arbovirus infections;coronavirus infections;death;diabetes mellitus;hepatolenticular degeneration;pneumonia, viral;psychological distress;severe acute respiratory syndrome
34790435	[obsolete] covid-19;psychological distress
32897869	[obsolete] covid-19;coronavirus infections;pneumonia, viral
35437697	[obsolete] covid-19;adjustment disorders;anxiety;bronchitis;chronic disease;cognition disorders;diabetes mellitus;dyspnea;dystonia;emphysema;fatigue;headache disorders, secondary;heart diseases;infections;inflammation;memory disorders;mental disorders;neurocognitive disorders;psychological distress;psychological trauma;psychomotor disorders;sleep initiation and maintenance disorders
35173661	[obsolete] covid-19;adjustment disorders;anxiety;arbovirus infections;asthma;cognition disorders;communicable diseases;coronavirus infections;deuterium;diabetes mellitus;infections;irritable bowel syndrome;psychological distress;severe acute respiratory syndrome;sodium dodecyl sulfate
35597776	[obsolete] covid-19;breakthrough pain;chronic disease;communicable diseases;infections;neoplasms;obesity
33956870	[obsolete] covid-19;acute kidney injury;ageusia;aicardi syndrome;angina pectoris;arbovirus infections;cardiomyopathies;cardiovascular diseases;chest pain;communicable diseases;corneal endothelial dystrophy type 2;coronary artery disease;coronavirus infections;cough;creatinine;critical illness;death;deuterium;diabetes mellitus;diarrhea;dyslipidemias;dyspnea;fatigue;fever;gastrointestinal diseases;heart defects, congenital;heart failure;heart valve diseases;hyperferritinemia, hereditary, with congenital cataracts;hypertension;hypoalbuminemia;hyponatremia;infections;inflammation;kidney diseases;lithium;liver diseases;liver failure;lung diseases;lung injury;myalgia;myocardial infarction;neoplasms;obesity;oxygen;peripheral arterial disease;pharyngeal diseases;potassium;respiratory distress syndrome;respiratory insufficiency;respiratory tract diseases;respiratory tract infections;rheumatic diseases;sodium;stroke;thromboembolism;urea;venous thrombosis
34011221	[obsolete] covid-19;chloroquine;communicable diseases;congenital disorder of glycosylation type 1d;critical illness;death;fever;hydroxychloroquine;infections;respiratory tract infections;signs and symptoms, respiratory
34758179	[obsolete] covid-19;abnormalities, drug-induced;adjustment disorders;anxiety;fatigue;hepatolenticular degeneration;infections;pregnancy complications, infectious;psychological distress
33225308	[obsolete] covid-19;azithromycin;camostat;chloroquine;chronic disease;coronavirus infections;cough;critical illness;cystic fibrosis;death;diabetes mellitus;dyspnea;fever;hydroxychloroquine;hypercapnia;hyperlipidemias;hypertension;infections;inflammation;lipopolysaccharides;lung injury;lupus erythematosus, systemic;multiple organ failure;obesity;oxygen;pancreatitis;pleural effusion;pneumonia;pulmonary fibrosis;respiratory distress syndrome;sepsis;serine;steroids;tocilizumab
35572180	[obsolete] covid-19
33754459	[obsolete] covid-19;chronic disease;death;dementia;diabetes mellitus;hypertension;infections;mental disorders;neoplasms;psychological distress;sepsis;skin diseases;wounds and injuries
34139069	[obsolete] covid-19;amides;favipiravir;hydroxychloroquine
35013191	[obsolete] covid-19;amines;arbovirus infections;blood coagulation disorders;breakthrough pain;carbon dioxide;coronavirus infections;cytokines;death;death, sudden;ethanol;fallopian tube diseases;headache;infections;inflammation;lead;lung diseases;memory disorders;necrosis;nitrogen;paraform;penicillins;pneumonia;polypropylenes;polystyrenes;sodium citrate;streptomycin;wounds and injuries
35114577	[obsolete] covid-19;acute kidney injury;coronary artery disease;cystic fibrosis;death;diabetes mellitus;fibrosis;heart failure;hypertension;infections;lung diseases;nicotine;renal insufficiency, chronic
33669805	[obsolete] covid-19;arbovirus infections;communicable diseases;cough;death;dyspnea;fever;hypertension;infections;lethargy;malaria;pneumonia;poliomyelitis;tremor;tuberculosis;vomiting;water;zoonoses
32315756	[obsolete] covid-19;coronavirus infections;cough;death;diarrhea;dyspnea;fever;infections;lymphopenia;multiple organ failure;pneumonia;pneumonia, viral;zoonoses
33435808	[obsolete] covid-19;arbovirus infections;atherosclerosis;bacterial infections;chemical and drug induced liver injury;coinfection;colorectal neoplasms;death;fever;infections;leukemia, myeloid;lipopolysaccharides;lymphoma;malaria;melanoma;neoplasms;respiratory tract infections;rotavirus infections;sepsis;tuberculosis;urinary bladder neoplasms;viremia
32319129	[obsolete] covid-19;asthma;chronic disease;coronavirus infections;drug hypersensitivity;immunologic deficiency syndromes;pneumonia, viral
33666261	[obsolete] covid-19;gastroenteritis
33169260	[obsolete] covid-19;critical illness;death;infections;muscle weakness;rupture
35270760	[obsolete] covid-19;cholesterol;disruptive, impulse control, and conduct disorders;dyslipidemias;glucose;lipids;mental disorders;movement disorders;musculoskeletal diseases;myalgia;neoplasms;obesity;seizures
33410294	[obsolete] covid-19;arbovirus infections;asymptomatic infections;autoimmune diseases;infections;multiple myeloma;ossification of posterior longitudinal ligament
32666316	[obsolete] covid-19;blood coagulation disorders;coronavirus infections;death;dyspnea;infections;lung diseases;lymphopenia;oxygen;pleural effusion;pneumonia;pneumonia, viral;respiratory insufficiency;signs and symptoms, respiratory
33378607	[obsolete] covid-19;coronavirus infections;death;infections;lipids;vaccines
35592326	[obsolete] covid-19;acute disease;arbovirus infections;bacterial infections;coronavirus infections;cytosine;death;disseminated intravascular coagulation;fever;hemorrhagic fever, ebola;hiv infections;infections;leukemia, lymphocytic, chronic, b-cell;multiple sclerosis;neoplasms;pneumococcal infections;respiratory tract infections;seizures;zoonoses
33223732	[obsolete] covid-19;aneurysm;anxiety;coronavirus infections;death;disseminated intravascular coagulation;fractures, bone;heart failure;hip fractures;hypertension;hypoxia;infections;inflammation;obesity;oculocerebrorenal syndrome;oxygen;pulmonary disease, chronic obstructive;pulmonary embolism;respiratory distress syndrome;status epilepticus;thromboembolism;wounds and injuries
33724560	[obsolete] covid-19;autoimmune diseases
33591938	[obsolete] covid-19;acquired immunodeficiency syndrome;acute kidney injury;asthma;blood coagulation disorders;blood coagulation disorders, inherited;cardiovascular diseases;chemical and drug induced liver injury;chronic disease;chronic kidney disease-mineral and bone disorder;cough;creatinine;critical illness;death;diabetes mellitus;disseminated intravascular coagulation;dyspnea;end stage liver disease;fever;hematologic diseases;hiv infections;hypertension;hypotension;hypoxia;immunologic deficiency syndromes;infections;kidney diseases;learning disabilities;liver failure;lung diseases;lung injury;multiple organ failure;myalgia;neoplasms;nervous system diseases;nitrogen;pneumonia;renal insufficiency;renal insufficiency, chronic;respiratory distress syndrome;severe acute respiratory syndrome;signs and symptoms, respiratory;thrombocytopenia;urea;venous thromboembolism
34072500	[obsolete] covid-19;communicable diseases;death;hepatitis b;infections;neoplasms;papillomavirus infections;tetany
34548976	[obsolete] covid-19;acidosis;acute kidney injury;coronary artery disease;coronavirus infections;cough;creatinine;critical illness;death;diabetes mellitus;dyspnea;edetic acid;fever;hemolysis;heparin;hypertension;hypoalbuminemia;hypoxia;infections;inflammation;kidney diseases;kidney failure, chronic;lymphopenia;myotonic dystrophy;oxygen;pulmonary disease, chronic obstructive;renal insufficiency;renal insufficiency, chronic;respiratory distress syndrome;thrombosis
32495372	[obsolete] covid-19;coronavirus infections;hemolysis;inflammation;pneumonia, viral
33735264	[obsolete] covid-19;cardiomyopathies;communicable diseases;coronary artery disease;coronavirus infections;cough;critical illness;dementia;diabetes mellitus;diarrhea;dysgeusia;dyspnea;fatigue;fever;headache;heart failure;hypoxia;infections;myalgia;neoplasms;obesity;olfaction disorders;pulmonary disease, chronic obstructive;renal insufficiency, chronic
35538681	[obsolete] covid-19;adenomatous polyposis coli;adenosine;anemia;arbovirus infections;arthritis, rheumatoid;asthenia;asthma;autoimmune diseases;azithromycin;cardiovascular diseases;chemical and drug induced liver injury;chloroquine;chloroquine diphosphate;communicable diseases;coronavirus infections;cough;critical illness;cytosine;death;death, sudden;dexamethasone;diabetes mellitus;diarrhea;drug-related side effects and adverse reactions;favipiravir;fever;hemolysis;hemorrhagic fever with renal syndrome;hepatitis b;hepatitis c;hiv infections;hydroxychloroquine;hypertension;hypotension;hypoxia;infections;johnson neuroectodermal syndrome;lipids;liver failure;lopinavir;lopinavir-ritonavir drug combination;lung diseases;lung injury;lymphopenia;multiple organ failure;nausea;necrosis;neoplasms;nucleosides;obesity;oils;oxygen;pneumonia;pulmonary fibrosis;remdesivir;respiratory distress syndrome;respiratory insufficiency;respiratory syncytial virus infections;respiratory tract diseases;ribavirin;ritonavir;rotavirus infections;sepsis;shock, septic;steroids;tocilizumab;umifenovir;vomiting;zoonoses
35086121	[obsolete] covid-19;airway obstruction;cataract;glaucoma;macular degeneration;mental disorders;refractive errors;retinal detachment
32404126	[obsolete] covid-19;adjustment disorders;anxiety;bipolar disorder;coronavirus infections;mental disorders;pneumonia, viral;psychoses, substance-induced
33509849	[obsolete] covid-19;asthma;chronic disease;death;infections;myotonic dystrophy;nephrotic syndrome;respiratory tract diseases
34453317	[obsolete] covid-19;amines;arbovirus infections;arthritis, rheumatoid;autoimmune diseases;basal ganglia diseases;carbohydrates;cold injury;communicable diseases;cough;death;diabetes mellitus;diarrhea;drug hypersensitivity;fatigue;fever;hepatitis b;hypertension;infections;inflammation;myalgia;neoplasms;nitrogen;olfaction disorders;oxygen;peptides;phosphates;pneumonia;polysorbates;respiratory tract diseases;signs and symptoms, respiratory;tetany
35356264	[obsolete] covid-19;adjustment disorders;aicardi syndrome;anxiety;chronic disease;coronavirus infections;depression, postpartum;fatigue;infections;pain;psychological distress;respiratory distress syndrome;severe acute respiratory syndrome;sexual dysfunctions, psychological;terbium
34256928	[obsolete] covid-19;cerebrovascular disorders;stroke
32578210	[obsolete] covid-19;coronavirus infections;pneumonia, viral
34262564	[obsolete] covid-19;alexa fluor 647;antiviral agents;baricitinib;chronic disease;cytokines;death;dexamethasone;diabetes mellitus;glomerulonephritis;hepatolenticular degeneration;hydroxychloroquine;hypertension;hypoxia;infections;inflammation;lopinavir-ritonavir drug combination;lung diseases;lung injury;memory disorders;octoxynol;oxygen;pulmonary disease, chronic obstructive;remdesivir;respiratory distress syndrome;respiratory insufficiency;tocilizumab
33112948	[obsolete] covid-19
33619888	[obsolete] covid-19;infections
34783127	[obsolete] covid-19;death
33858931	[obsolete] covid-19;communicable diseases;cough;death;fever;infections;muscle weakness
33706836	[obsolete] covid-19;alcohols;drug hypersensitivity;drug-related side effects and adverse reactions;ethanol;hydrogen peroxide;infections;iodine;lipids;polymers;respiratory tract infections;virus diseases;water
34184314	[obsolete] covid-19;death;ventricular dysfunction;ventricular dysfunction, left;ventricular fibrillation
35321490	[obsolete] covid-19;acquired immunodeficiency syndrome;communicable diseases;congenital disorder of glycosylation type 1d;diabetes mellitus;drug hypersensitivity;johnson neuroectodermal syndrome;papillary renal cell carcinoma, sporadic
35352012	[obsolete] covid-19;anophthalmos;disease progression;refractive errors
33528827	[obsolete] covid-19;adjustment disorders;anorexia;antiviral agents;anxiety;arbovirus infections;asthenia;cardiovascular diseases;central nervous system infections;chloroquine diphosphate;cognition disorders;communicable diseases;cough;death;dementia;diabetes mellitus;dyspnea;end stage liver disease;fatigue;fatigue syndrome, chronic;fever;headache;headache disorders, secondary;hepatitis b;hydrocortisone;hydroxychloroquine;hypertension;hypothalamic neoplasms;immune system diseases;infections;inflammation;lopinavir;lopinavir-ritonavir drug combination;mastocytosis, systemic;meningitis;mental disorders;myalgia;oseltamivir;oxygen;pain;psychological distress;pulmonary disease, chronic obstructive;ritonavir;sepsis;severe acute respiratory syndrome;sleep wake disorders;stress disorders, post-traumatic;stress disorders, traumatic;wounds and injuries
33352250	[obsolete] covid-19;communicable diseases;cross infection;diabetes mellitus;hypertension;infections;lupus erythematosus, systemic;neoplasms;obesity;sodium hypochlorite;tocilizumab;vancomycin
34228112	[obsolete] covid-19
34325612	[obsolete] covid-19;atherosclerosis;cardiovascular diseases;communicable diseases;coronavirus infections;death;diabetes mellitus;infections;neoplasms;obesity;respiratory tract diseases;sleep initiation and maintenance disorders;vaccines
34127735	[obsolete] covid-19;breast neoplasms;fatigue;mental disorders;muscular diseases;neoplasm metastasis;neoplasms;osteoarthritis;pain;prostatic neoplasms;seizures
33054263	[obsolete] covid-19;communicable diseases;coronavirus infections;death;hiv infections;malaria;oculocerebral hypopigmentation syndrome type preus;pneumonia, viral
33119257	[obsolete] covid-19;antiviral agents;death;drug-related side effects and adverse reactions;hydrogen;lopinavir;multiple myeloma;neural tube defects;oseltamivir;respiratory distress syndrome;ritonavir;sulfur;water
33461516	[obsolete] covid-19;autistic disorder;breast neoplasms;coronavirus infections;death;epilepsy;heart failure;neoplasms;prostatic neoplasms
34717713	[obsolete] covid-19;arbovirus infections;communicable diseases;coronavirus infections;critical illness;emergencies;heart failure;infections;oils;severe acute respiratory syndrome
35265332	[obsolete] covid-19;antiviral agents;arbovirus infections;arthritis, juvenile;atrial fibrillation;cold injury;communicable diseases;death;hepatolenticular degeneration;hydrochloric acid;mental disorders;rhinitis;salts;sodium chloride;sodium dodecyl sulfate;sodium hypochlorite;water
32357545	[obsolete] covid-19;aspartic acid;chloroquine;death;deuterium;glycine;infections;lopinavir;lopinavir-ritonavir drug combination;remdesivir;respiratory distress syndrome;seizures
32442894	[obsolete] covid-19;anxiety;arbovirus infections;chronic disease;communicable diseases;coronavirus infections;death;hiv infections;infections;mental disorders;pneumonia, viral;psychological distress;psychoses, substance-induced;psychotic disorders;schizophrenia;wounds and injuries
33768363	[obsolete] covid-19;adjustment disorders;pneumonia;zoonoses
34215475	[obsolete] covid-19;alcohols;death;doxycycline;drug overdose;heart arrest;hypotension;methadone;substance-related disorders
34879393	[obsolete] covid-19
34533285	[obsolete] covid-19;adjustment disorders;anxiety;communicable diseases;coronavirus infections;death;fractures, open;infections;mental disorders;psychological distress;respiration disorders;severe acute respiratory syndrome;sleep initiation and maintenance disorders
32381441	[obsolete] covid-19;coronavirus infections;fractures, bone;hip fractures;infections;pneumonia, viral
33536042	[obsolete] covid-19;adjustment disorders;anxiety;chronic disease;cognitive dysfunction;critical illness;death;deglutition disorders;dyspnea;fatigue;fever;heart arrest;infections;mental disorders;muscle weakness;nausea;neoplasms;pain;renal insufficiency;respiration disorders;severe acute respiratory syndrome;thrombosis;venous thromboembolism
35073855	[obsolete] covid-19;arbovirus infections;coinfection;communicable diseases;death;fever;infections;nervous system diseases;oxygen;respiratory syncytial virus infections;respiratory tract diseases;signs and symptoms, respiratory
32787601	[obsolete] covid-19;adjustment disorders;alcohols;anxiety;basal cell carcinoma;chest pain;chronic disease;coronavirus infections;death;dyspnea;infarction;infections;mental disorders;myocardial infarction;neoplasm metastasis;neoplasms;pneumonia, viral;skin neoplasms
32799739	[obsolete] covid-19;acetaminophen;cardiac output, low;congenital disorder of glycosylation type 1d;coronavirus infections;death;dyspnea;dystonia;epilepsy;headache;ibuprofen;infections;neoplasms;pain;pneumonia, viral
32322046	[obsolete] covid-19;abdominal pain;adjustment disorders;anxiety;cardiovascular diseases;cerebrovascular disorders;coronavirus infections;diabetes mellitus;diabetes mellitus, type 2;diarrhea;fever;hydrocortisone;hypertension;hypoalbuminemia;hypotension;infections;inflammation;kidney diseases;liver diseases;lung diseases;lung injury;malnutrition;mental disorders;nausea;neurologic manifestations;pneumonia, viral;respiratory tract infections;signs and symptoms, digestive;signs and symptoms, respiratory;vomiting
32436576	[obsolete] covid-19
32632359	[obsolete] covid-19;arbovirus infections;chronic disease;cognitive dysfunction;coronavirus infections;critical illness;death;diarrhea;hydrogen peroxide;infections;inflammation;intestinal diseases;lipids;liver failure;lung diseases;lung injury;mitochondrial diseases;oxygen;phospholipids;pneumonia;polyphenols;reactive oxygen species;respiratory distress syndrome;respiratory tract infections;severe acute respiratory syndrome;viremia
34705530	[obsolete] covid-19;drug-related side effects and adverse reactions;long qt syndrome;movement disorders;neoplasms
35177037	[obsolete] covid-19;bronchitis;chronic disease;cough;creatinine;death;diabetes mellitus;diabetes mellitus, type 2;diarrhea;hypertension;hypotension;immunologic deficiency syndromes;lipids;lung diseases;myotonic dystrophy;pleural effusion;terbium;tuberculosis;urea
35178468	[obsolete] covid-19;anxiety;communicable diseases;coronavirus infections;cross infection;hypotension;psychomotor disorders;respiration disorders;respiratory distress syndrome;respiratory insufficiency;respiratory tract infections;severe acute respiratory syndrome
35332270	[obsolete] covid-19;infections;serine
34790054	[obsolete] covid-19;arbovirus infections;breast neoplasms;coronavirus infections;cytosine;guanine;hiv infections;immunologic deficiency syndromes;infections;inflammation;lung injury;neoplasms;seizures
35186672	[obsolete] covid-19;ceftriaxone;chemical and drug induced liver injury;coinfection;death;encephalitis;encephalomyelitis, acute disseminated;exanthema;fever;folic acid;glucose;head and neck neoplasms;headache;heredodegenerative disorders, nervous system;hiv infections;infections;leukocytosis;meningitis;myocarditis;nausea;neuralgia;neurologic manifestations;rheumatic fever;vancomycin;vitamin b 12;vomiting;wounds and injuries
34866771	[obsolete] covid-19;alcohols;anxiety;deuterium;drug hypersensitivity
32412909	[obsolete] covid-19;adjustment disorders;anxiety;arbovirus infections;arthritis;communicable diseases;coronavirus infections;critical illness;death;dehydration;dementia;erythema;headache disorders, secondary;hearing loss;heart failure;hypertension;infections;malnutrition;mouth diseases;myoclonus;psychological distress;respiratory tract diseases;stress disorders, post-traumatic;ulcer;urinary tract infections
32530889	[obsolete] covid-19;chronic disease;coronavirus infections;cough;death;fatigue;headache;infections;pharyngeal diseases;pneumonia, viral;signs and symptoms, respiratory
32446801	[obsolete] covid-19;acidosis;aldosterone;arbovirus infections;arthritis, rheumatoid;ascorbic acid;atherosclerosis;azithromycin;calcium;camostat;cardiovascular diseases;chemical and drug induced liver injury;chloroquine;coinfection;communicable diseases;coronavirus infections;death;dehydration;diabetes mellitus;diabetes mellitus, type 1;diabetes mellitus, type 2;edema;fibrosis;glucose;heart diseases;heart failure;hydroxychloroquine;hyperglycemia;hypertension;hypoxia;ibuprofen;infections;leucine;lopinavir;lopinavir-ritonavir drug combination;losartan;lung diseases;lung injury;malaria;metabolic diseases;metformin;myotonic dystrophy;nausea;neoplasms;obesity;oseltamivir;pancreatic neoplasms;pancreatitis;peptides;phenylalanine;pneumonia;pneumonia, viral;remdesivir;renal insufficiency;respiratory distress syndrome;respiratory syncytial virus infections;respiratory tract infections;ritonavir;severe acute respiratory syndrome;sleep apnea syndromes;stroke;thrombocytopenia;vomiting
33373651	[obsolete] covid-19;antiviral agents;coronavirus infections;death;favipiravir;hydroxychloroquine;infections;lopinavir-ritonavir drug combination;oseltamivir;remdesivir;ribavirin;umifenovir
33641513	[obsolete] covid-19;adjustment disorders;alcoholism;alzheimer disease;anxiety;arrhythmias, cardiac;arthritis;bipolar disorder;cerebrovascular disorders;chemical and drug induced liver injury;chronic disease;chronic pain;coronary artery disease;death;diabetes mellitus;dystonia;fatigue;headache disorders, secondary;heart failure;hepatitis b;hyperlipidemias;hypertension;infections;ischemia;melanoma;mental disorders;methadone;neoplasms;phobic disorders;psychological distress;pulmonary disease, chronic obstructive;renal insufficiency, chronic;schizophrenia;stroke;wounds and injuries
34112877	[obsolete] covid-19;alzheimer disease;antiviral agents;arbovirus infections;arthritis, rheumatoid;asthma;bacterial infections;bipolar disorder;brain neoplasms;carbon dioxide;carcinoma, hepatocellular;cholesterol;coinfection;coronavirus infections;cyclosporine;dapi;death;dementia;dexamethasone;diabetes mellitus;dimethyl sulfoxide;dopamine;drug-related side effects and adverse reactions;formaldehyde;infections;inflammation;inflammatory bowel diseases;lipids;mental disorders;metabolism, inborn errors;methotrexate;neoplasms;paraform;parkinson disease, secondary;penicillins;psychological distress;psychoses, substance-induced;psychotic disorders;pulmonary disease, chronic obstructive;remdesivir;respiratory tract infections;schizophrenia;seizures;steroids;streptomycin;stroke;vitamin a
35128537	[obsolete] covid-19;appendicitis;coronavirus infections;death;diabetes mellitus;fractures, bone;gastrointestinal diseases;hemorrhage;kidney diseases;lithium;mucositis;necrosis;water;wounds and injuries
33507981	[obsolete] covid-19;abdominal pain;ageusia;asymptomatic infections;chest pain;coronavirus infections;cough;cross infection;death;diarrhea;fever;headache;headache disorders, secondary;infections;myalgia;olfaction disorders;pneumonia;respiratory distress syndrome;rheumatic diseases
34706299	[obsolete] covid-19
35465974	[obsolete] covid-19;immunologic deficiency syndromes;infections;metabolism, inborn errors;severe acute respiratory syndrome;sodium dodecyl sulfate
32304928	[obsolete] covid-19;chronic disease;coronavirus infections;malnutrition;mental disorders;nylons;pain;pneumonia, viral;substance-related disorders
35287384	[obsolete] covid-19;acute pain;adenosine;adenosine triphosphate;adjustment disorders;arrhythmias, cardiac;ascorbic acid;carbon;cardiomyopathies;cardiovascular diseases;chemical and drug induced liver injury;cognition disorders;communicable diseases;congenital disorder of glycosylation type 1d;death;deuterium;fatigue;fatty liver;fractures, bone;heart failure;infections;inflammation;lipids;lung injury;myocarditis;nucleosides;obesity;osteoporosis;parkinson disease;quercetin;shock, cardiogenic;thrombosis;water
35079784	[obsolete] covid-19
34724950	[obsolete] covid-19;critical illness;neoplasms
35046607	[obsolete] covid-19;asthma;death;formaldehyde;lung neoplasms;neoplasms;nitrogen;oils;ozone;respiratory tract diseases;respiratory tract infections
32762346	[obsolete] covid-19;congenital disorder of glycosylation type 1d;death;diabetes mellitus;glucose;heart diseases;neoplasms;neurologic manifestations;psychological distress
33851272	[obsolete] covid-19;adjustment disorders;alcoholism;alcohols;anxiety;chronic disease;cough;death;infections;mental disorders;muscle weakness
33259882	[obsolete] covid-19;aerosols;agar;chlorine;communicable diseases;cough;cross infection;death;infections;nylons;oxygen;respiratory insufficiency;respiratory tract infections;signs and symptoms, respiratory;sleep initiation and maintenance disorders
33503627	[obsolete] covid-19;aldosterone;cardiomyopathies;cardiovascular diseases;coronary artery disease;cough;death;diabetes mellitus;diarrhea;doxycycline;dyspnea;fever;gerstmann syndrome;heart diseases;hepatitis b;hydroxychloroquine;hypertension;hypoxia;infections;inflammation;kidney diseases;kidney failure, chronic;lopinavir-ritonavir drug combination;lymphopenia;methylprednisolone;myocardial infarction;oxygen;pneumonia;prednisone;renal insufficiency, chronic;respiration disorders;respiratory distress syndrome;respiratory insufficiency;respiratory tract infections;stroke;tocilizumab;vitamin d
34812845	[obsolete] covid-19;death;diabetes mellitus;infections;kidney diseases;neoplasms;obesity;pulmonary disease, chronic obstructive;sodium dodecyl sulfate
35015782	[obsolete] covid-19;acute pain;alcohols;arbovirus infections;asthma;azithromycin;bilirubin;bradycardia;cardiovascular diseases;cerebrovascular disorders;coma;corneal endothelial dystrophy type 2;coronary artery disease;cough;creatinine;critical illness;death;dementia;diabetes mellitus;dyspnea;end stage liver disease;enoxaparin;estradiol;fatigue;fever;fibrosis;glucose;heart diseases;hepatitis, viral, human;hyperglycemia;hypertension;hypoxia;infections;inflammation;leukopenia;liver cirrhosis;liver diseases;lung diseases;lymphopenia;multiple organ failure;myotonic dystrophy;neoplasms;obesity;oxygen;pneumonia;remdesivir;renal insufficiency;renal insufficiency, chronic;respiratory distress syndrome;respiratory insufficiency;respiratory tract infections;sepsis;serine;shock, septic;steroids;tachycardia;testosterone;thromboembolism;thrombophilia;tocilizumab;wounds and injuries
33614055	[obsolete] covid-19;aneurysm;congenital disorder of glycosylation type 1d;edetic acid;fatigue;glomerulonephritis;huntington disease;hypertension;infections;kidney diseases;ossification of posterior longitudinal ligament;parkinson disease;renal insufficiency, chronic;thrombotic microangiopathies
35440094	[obsolete] covid-19;acetaminophen;brain edema;brain ischemia;cardiovascular diseases;cerebral hemorrhage;cerebrovascular disorders;chemical and drug induced liver injury;creatinine;critical illness;death;dexamethasone;dyspnea;dystonia;edema;enoxaparin;fever;headache;headache disorders, secondary;hematoma;hepatitis, viral, human;infections;inflammation;influenza, human;intracranial hemorrhages;ischemia;lung diseases;lymphatic diseases;nausea;neurologic manifestations;nitrogen;oxygen;pain;pharyngeal diseases;potassium;pulmonary embolism;remdesivir;seizures;signs and symptoms, respiratory;sinus thrombosis, intracranial;sodium;stillbirth;stroke;thrombocytopenia;thromboembolism;thrombophilia;thrombosis;urea;venous thrombosis;vomiting
35588736	[obsolete] covid-19;infections;multiple myeloma;neoplasms
32396251	[obsolete] covid-19;coronavirus infections;pneumonia, viral;skin diseases
32562278	[obsolete] covid-19;chloroquine;coronavirus infections;hydroxychloroquine;pneumonia, viral
32583171	[obsolete] covid-19;asthenia;bilirubin;biomarkers;ceftriaxone;coronavirus infections;cough;creatinine;critical illness;death;dyslipidemias;dyspnea;fever;headache;hypertension;infections;lymphopenia;myoclonus;oxygen;pneumonia;respiratory distress syndrome
34431023	[obsolete] covid-19;alzheimer disease;arbovirus infections;atrioventricular block;blood coagulation disorders;brain diseases;cerebral infarction;cerebrovascular disorders;communicable diseases;consciousness disorders;coronavirus infections;death;delirium;dementia;demyelinating diseases;dizziness;encephalitis;encephalomyelitis, acute disseminated;enfermedades del sistema nervioso central;fibrosis;headache;headache disorders, secondary;huntington disease;hypoxia;infections;inflammation;lung injury;multiple myeloma;muscle rigidity;myocardial infarction;nervous system diseases;neuralgia;neurodegenerative diseases;parkinson disease;psychoses, substance-induced;respiratory distress syndrome;seizures;talaromycosis;taste disorders;water
33256204	[obsolete] covid-19;arthralgia;cardiovascular diseases;cerebral infarction;cerebrovascular disorders;coronavirus infections;cough;critical illness;death;diarrhea;dyspnea;fever;heart arrest;hemorrhage;infections;oxygen;pain;pneumonia;respiration disorders;signs and symptoms, respiratory;stroke;wounds and injuries
34730819	[obsolete] covid-19;death;drug hypersensitivity;infections;lung neoplasms;migraine disorders
33877966	[obsolete] covid-19;cold injury;communicable diseases;infections
32222253	[obsolete] covid-19;alcohols;chlorine;coronavirus infections;cough;death;dyspnea;fever;infections;oculocerebrorenal syndrome;pneumonia;pneumonia, viral;respiratory tract diseases;respiratory tract infections;signs and symptoms, respiratory
32887260	[obsolete] covid-19;acute lung injury;adrenal insufficiency;arbovirus infections;atherosclerosis;blood coagulation disorders;bone marrow diseases;breast neoplasms;calcium;carbon;colonic neoplasms;colorectal neoplasms;coronavirus infections;critical illness;death;diabetes mellitus;diabetes mellitus, type 2;disseminated intravascular coagulation;edema;fibrosis;graft vs host disease;heart arrest;hypoxia;infections;inflammation;inflammatory bowel diseases;ischemia;lipopolysaccharides;lung diseases;lung injury;microvascular angina;multiple organ failure;myocardial infarction;necrosis;neoplasm metastasis;neoplasms;pain;pneumococcal infections;pneumonia;pneumonia, viral;prostatic neoplasms;psychological distress;pulmonary edema;pulmonary fibrosis;respiratory distress syndrome;respiratory insufficiency;respiratory tract diseases;sepsis;shock, septic;silicon dioxide;skin neoplasms;sleep initiation and maintenance disorders;thromboembolism;thrombosis;urinary bladder neoplasms;venous thromboembolism;wounds and injuries
35355988	[obsolete] covid-19;aneurysm;arbovirus infections;back pain;cold injury;communicable diseases;coronary artery disease;coronavirus infections;death;diabetes mellitus;flavivirus infections;histidine;hydrocortisone;hypertension;infections;lung diseases;memory disorders;multiple organ failure;neoplasms;pneumonia;respiratory distress syndrome;respiratory insufficiency
35184735	[obsolete] covid-19;adjustment disorders;anxiety;death;mental disorders;psychological distress;wounds and injuries
35317212	[obsolete] covid-19;abnormalities, drug-induced;anemia;arbovirus infections;bacterial infections;bone marrow diseases;cardiovascular abnormalities;cardiovascular diseases;coronavirus infections;cough;cryopyrin-associated periodic syndromes;death;diabetes mellitus, type 2;drug hypersensitivity;dyspnea;fatigue;fever;hematologic diseases;hypertension;hypotension;hypothyroidism;hypoxia;infections;inflammation;leukemia;leukemia, myeloid;leukocytosis;lopinavir;lymphopenia;multiple organ failure;muscle weakness;neoplasms;neutrophilia, hereditary;psychological distress;renal insufficiency, chronic;respiratory distress syndrome;respiratory insufficiency;sepsis;signs and symptoms, respiratory;thrombocytopenia
33636357	[obsolete] covid-19;biomarkers;coronavirus infections;critical illness;infections
33430698	[obsolete] covid-19;anxiety;congenital disorder of glycosylation type 1d;death;infections;psychological distress;stress disorders, post-traumatic
32532625	[obsolete] covid-19;cognition disorders;coronavirus infections;deglutition disorders;dementia;infections;parkinson disease;parkinson disease, secondary;pneumonia, viral;tremor;vision disorders
34958181	[obsolete] covid-19;communicable diseases;death;infections;pneumonia;signs and symptoms, digestive;zoonoses
34769806	[obsolete] covid-19;anemia;arthritis, rheumatoid;ascorbic acid;communicable diseases;critical illness;death;delirium;diabetes mellitus;drug-related side effects and adverse reactions;fever;glutathione;heart arrest;hydrogen peroxide;hypertension;hyponatremia;hypoxia;infections;inflammation;lithium;lymphopenia;mental disorders;myocardial infarction;myoclonus;nausea;neoplasms;neutropenia;neutrophilia, hereditary;psychoses, substance-induced;psychotic disorders;respiratory distress syndrome;schizophrenia;signs and symptoms, respiratory;tachycardia;tocilizumab;tremor;vomiting
35006537	[obsolete] covid-19;infections;nicotine;respiratory tract diseases
32834192	[obsolete] covid-19;anxiety;arbovirus infections;bone marrow diseases;coronavirus infections;cough;cyclic neutropenia;death;diarrhea;dyspnea;fatigue;fever;headache;heart failure;hemoptysis;hypercapnia;infections;lymphopenia;multiple organ failure;myalgia;oxygen;pneumonia;respiration disorders;respiratory distress syndrome;respiratory insufficiency;respiratory tract infections;sepsis;serine;severe acute respiratory syndrome;shock, septic;thrombocytopenia;vomiting
32635695	[obsolete] covid-19;blood coagulation disorders;cerebral infarction;chest pain;coronavirus infections;death;hemorrhage;heredodegenerative disorders, nervous system;infections;ischemia;pneumonia;sinus thrombosis, intracranial;stroke
33765004	[obsolete] covid-19;coinfection;communicable diseases;death;infections
32068012	[obsolete] covid-19;anxiety;coronavirus infections;fever;infections;pneumonia, viral;water
34926837	[obsolete] covid-19;arbovirus infections;arthralgia;cesium;chemical and drug induced liver injury;communicable diseases;coronavirus infections;cough;death;drug hypersensitivity;epinephrine;fatigue;fever;headache;hepatitis b;infections;lipids;myalgia;pain;pharyngeal diseases;pleural effusion;pneumonia;polysaccharides;psychological distress;respiratory tract diseases;respiratory tract infections;rubella;seizures;severe acute respiratory syndrome;tetany;water;zoonoses
32708803	[obsolete] covid-19;arbovirus infections;arrhythmias, cardiac;atrial fibrillation;breast neoplasms;cardiovascular diseases;chronic disease;cold injury;communicable diseases;coronavirus infections;cough;death;diabetes mellitus;dyspnea;fever;infections;lung injury;myocardial infarction;neoplasms;oculocerebral hypopigmentation syndrome type preus;pneumonia;pneumonia, viral;respiratory distress syndrome;respiratory tract infections;severe acute respiratory syndrome;signs and symptoms, respiratory;vision disorders;zoonoses
34720778	[obsolete] covid-19;hydrogen;infections;iron;myotonic dystrophy;respiration disorders
32285949	[obsolete] covid-19;hiv infections;pneumonia, viral
33631857	[obsolete] covid-19;inflammatory bowel diseases
35320955	[obsolete] covid-19;aluminum;carbon;carbon dioxide;copper;death;flushing;heart failure;helium;hydrogen;lung diseases, interstitial;nitrogen;oils;oxygen;respiratory distress syndrome;respiratory insufficiency;silicon dioxide
32710774	[obsolete] covid-19;coronavirus infections;pneumonia, viral
32050635	[obsolete] covid-19;abdominal pain;anorexia;arbovirus infections;cardiovascular diseases;chemical and drug induced liver injury;cold injury;communicable diseases;coronavirus infections;cough;death;dexamethasone;diabetes mellitus;diarrhea;disseminated intravascular coagulation;dyspnea;fatigue;fever;flushing;glucose;headache;hypertension;hypoalbuminemia;hypotension;hypoxia;infections;inflammation;kidney failure, chronic;lung diseases;meningitis, bacterial;multiple organ failure;muscle weakness;myalgia;pneumonia;pneumonia, viral;pregnancy complications, infectious;renal insufficiency;respiration disorders;respiratory distress syndrome;respiratory insufficiency;respiratory tract diseases;respiratory tract infections;ribavirin;rupture;sepsis;severe acute respiratory syndrome;shock, septic;signs and symptoms, digestive;signs and symptoms, respiratory;steroids;stillbirth;thrombosis;zoonoses
33114654	[obsolete] covid-19;arbovirus infections;back pain;cold injury;communicable diseases;coronavirus infections;death;diabetes mellitus;hepatitis b;infections;pneumonia;respiratory distress syndrome;rubella;tetany
34803106	[obsolete] covid-19;arthralgia;arthritis;arthritis, rheumatoid;autoimmune diseases;back pain;coronavirus infections;cough;creatinine;death;diabetes mellitus;dysgeusia;dyspnea;edema;erythema;fatigue;fever;infections;inflammation;irritable bowel syndrome;lymphohistiocytosis, hemophagocytic;macrophage activation syndrome;methotrexate;mucocutaneous lymph node syndrome;multiple organ failure;oxygen;pain;phospholipids;polyethylene glycols;prednisolone;respiratory insufficiency;rheumatic diseases;skin diseases;uric acid
34031483	[obsolete] covid-19;acute kidney injury;arbovirus infections;asthma;atrial fibrillation;bacterial infections;bilirubin;biomarkers;blood coagulation disorders;brain neoplasms;coinfection;communicable diseases;coronary artery disease;coronavirus infections;cough;creatinine;death;diabetes mellitus;disseminated intravascular coagulation;fever;glucose;heart failure;hematologic diseases;hyperlipidemias;hypertension;hypoalbuminemia;hypothyroidism;infections;inflammation;johnson neuroectodermal syndrome;kidney failure, chronic;lung diseases;lung injury;lymphopenia;magnesium;myalgia;myelodysplastic syndromes;pneumonia;pulmonary disease, chronic obstructive;respiration disorders;respiratory insufficiency;urea;venous thromboembolism
33586790	[obsolete] covid-19;anxiety;asthma;chronic disease;death;diabetes mellitus;glucose;heart failure;hiv infections;immunologic deficiency syndromes;lung diseases;pulmonary disease, chronic obstructive
32387494	[obsolete] covid-19;severe acute respiratory syndrome
33675696	[obsolete] covid-19;acidosis;aneurysm;ascorbic acid;aspirin;blood coagulation disorders;calcium;cardiomyopathies;coronary artery disease;coronavirus infections;creatinine;epinephrine;erythema;exanthema;fatigue;fever;heart diseases;heart failure;heparin;hereditary breast and ovarian cancer syndrome;hypertension, pulmonary;hypokinesia;hypotension;infections;inflammation;lactic acid;lethargy;methylprednisolone;mouth diseases;mucocutaneous lymph node syndrome;multiple organ failure;musculoskeletal diseases;myocarditis;necrosis;oxygen;prednisolone;seizures;shock;shock, cardiogenic;ulcer;urea;ventricular dysfunction;vitamin d
34502799	[obsolete] covid-19;infections
33310765	[obsolete] covid-19;acidosis;adrenal insufficiency;arbovirus infections;ataxia;basal ganglia cerebrovascular disease;blood coagulation disorders;brain diseases;brain injuries;brain ischemia;cerebral hemorrhage;cerebral infarction;cerebrovascular disorders;cognition disorders;cognitive dysfunction;coma;consciousness disorders;corneal endothelial dystrophy type 2;coronary artery disease;coronavirus infections;critical illness;death;delirium;demyelinating diseases;dizziness;dopamine;dysgeusia;edema;encephalitis;encephalomyelitis, acute disseminated;enfermedades del sistema nervioso central;fever;headache;hematologic diseases;hematoma;hemorrhage;hereditary breast and ovarian cancer syndrome;hiv infections;hypertension;hypoxia;infarction;infections;inflammation;ischemia;leukocytosis;leukoencephalopathies;liver failure;liver failure, acute;lymphohistiocytosis, hemophagocytic;lymphopenia;macrophage activation syndrome;methylprednisolone;multiple organ failure;multiple sclerosis;muscle rigidity;myelitis;myocarditis;myoclonus;necrosis;neurocognitive disorders;olfaction disorders;paralysis;pneumonia;psychomotor agitation;psychoses, substance-induced;respiration disorders;respiratory distress syndrome;respiratory tract infections;seizures;sepsis;severe acute respiratory syndrome;signs and symptoms, respiratory;stroke;subarachnoid hemorrhage;thrombocytopenia;thromboembolism;thrombosis;thrombotic microangiopathies;tocilizumab;vasculitis;venous thromboembolism;wounds and injuries
32511752	[obsolete] covid-19;acute kidney injury;coronavirus infections;kidney failure, chronic;pneumonia, viral
34888708	[obsolete] covid-19;death;emanuel syndrome;long qt syndrome;pain;von hippel-lindau disease
33418280	[obsolete] covid-19;creatine;creatinine;delirium;muscular diseases
35312380	[obsolete] covid-19;thrombophilia;venous thromboembolism
33626020	[obsolete] covid-19;abdominal pain;asthma;chemical and drug induced liver injury;chest pain;coronary artery disease;cough;creatinine;critical illness;death;diabetes mellitus;diabetes mellitus, type 2;diarrhea;dyslipidemias;dyspnea;fever;headache;headache disorders, secondary;heart failure;huntington disease;hypertension;infections;kidney failure, chronic;leukemia;lopinavir-ritonavir drug combination;lymphoma;multiple organ failure;myotonic dystrophy;nausea;neoplasms;oxygen;pharyngeal diseases;pleural effusion;pneumonia;respiratory distress syndrome;respiratory tract infections;sepsis;steroids;tachycardia;tocilizumab;tuberculosis;vomiting
34858231	[obsolete] covid-19;adjustment disorders;anxiety;arbovirus infections;cardiovascular diseases;communicable diseases;compassion fatigue;coronavirus infections;death;fatigue;infections;neural tube defects;psychological distress;severe acute respiratory syndrome;stress disorders, post-traumatic;wounds and injuries
34533996	[obsolete] covid-19;[obsolete] polyacrylamide;arbovirus infections;arthritis, rheumatoid;autoimmune diseases;carbon;cholesterol;colitis;coronavirus infections;critical illness;dapi;dithiothreitol;edetic acid;eosine yellowish-(ys);ethanol;fibrosis;flushing;formaldehyde;gentian violet;glutamine;glutathione;hematoxylin;hepatitis c;hepatitis c, chronic;hepes;histidine;hiv infections;idiopathic pulmonary fibrosis;immunologic deficiency syndromes;infections;inflammation;infliximab;kidney diseases;lipids;lung injury;lupus erythematosus, systemic;multiple sclerosis;neonatal herpes;neoplasms;neurologic manifestations;paraffin;paraform;penicillins;pulmonary fibrosis;salts;sepharose;sodium chloride;sodium dodecyl sulfate;streptomycin;thrombosis;trizol;vascular system injuries;wounds and injuries
33833246	[obsolete] covid-19;alcohols;arbovirus infections;communicable diseases;edetic acid;heparin;infections;lithium;ossification of posterior longitudinal ligament;silicon dioxide;sodium citrate;water;zoonoses
34522397	[obsolete] covid-19;anxiety;breast neoplasms;chronic disease;cough;death;infections;lung neoplasms;neoplasms;prostatic neoplasms
34696346	[obsolete] covid-19;abdominal pain;adrenal insufficiency;ageusia;aneurysm;anorexia;arbovirus infections;arrhythmias, cardiac;arthralgia;asthenia;bacterial infections;basal ganglia cerebrovascular disease;blood coagulation disorders;bone marrow diseases;cardiomyopathies;chloroquine;coinfection;coronavirus infections;cough;death;dexamethasone;diabetes mellitus;diarrhea;disseminated intravascular coagulation;dizziness;drug hypersensitivity;dysgeusia;dyspnea;edema;encephalitis;erythema;exanthema;fatigue;fever;headache;headache disorders, secondary;heart failure;hematoma;hematuria;hemorrhage;histamine;hydroxychloroquine;hyperkinesis;hypertension;infections;inflammation;intestinal diseases;ischemia;kidney diseases;liver failure;lopinavir-ritonavir drug combination;macrophage activation syndrome;mastocytosis, systemic;meningitis;microvascular angina;mouth diseases;mucositis;multiple organ failure;muscle weakness;myalgia;myocardial infarction;myocarditis;nausea;necrosis;neuralgia;obesity;olfaction disorders;opitz trigonocephaly syndrome;oxygen;pain;pharyngeal diseases;pneumonia;proteinuria;pruritus;psychological distress;pulmonary embolism;respiratory distress syndrome;respiratory insufficiency;severe acute respiratory syndrome;shock;shock, septic;signs and symptoms, digestive;signs and symptoms, respiratory;skin diseases;stroke;thrombocytopenia;thrombophilia;thrombosis;urticaria;vascular system injuries;vasculitis;vomiting;zoonoses
35233780	[obsolete] covid-19
32346493	[obsolete] covid-19;abdominal pain;anemia;anorexia;arbovirus infections;chronic disease;coronavirus infections;cough;death;dyspnea;exanthema;fatigue;fever;hypoxia;infections;leukopenia;lupus erythematosus, systemic;lymphopenia;myalgia;oxygen;pneumonia;respiratory tract diseases;respiratory tract infections;severe acute respiratory syndrome;signs and symptoms, respiratory
35008505	[obsolete] covid-19;acetaminophen;acetonitrile;acute kidney injury;antiviral agents;arthritis, rheumatoid;azithromycin;carcinoma, hepatocellular;chemical and drug induced liver injury;chloroquine;communicable diseases;coronavirus infections;cough;creatinine;dapi;death;diabetes mellitus;dimethyl sulfoxide;drug-related side effects and adverse reactions;dyspnea;ethanol;fatty acids;fatty liver;fever;fibrosis;glutamine;heparin;hydrocortisone;hydroxychloroquine;hypoxia;infections;inflammation;kidney diseases;lipids;liver failure;malaria;metabolic diseases;metabolic syndrome;methanol;mitochondrial diseases;obesity;octoxynol;oxygen;paraform;penicillins;phospholipids;polysorbates;psychological distress;renal insufficiency;renal insufficiency, chronic;respiratory distress syndrome;respiratory tract infections;retinal diseases;rheumatic diseases;rheumatic fever;streptomycin;triglycerides;urea;water
33461214	[obsolete] covid-19;acute disease;communicable diseases;death;infections
33452734	[obsolete] covid-19;quercetin
32311790	[obsolete] covid-19;cerebrovascular disorders;coronavirus infections;critical illness;death;lung diseases;oxygen;pneumonia, viral
33177848	[obsolete] covid-19;acute kidney injury;arbovirus infections;brain diseases;chloroquine;cognition disorders;coronavirus infections;cough;creatinine;critical illness;death;drug-related side effects and adverse reactions;fatigue;fever;fibrosis;headache disorders, secondary;infarction;infections;inflammation;kidney diseases;multiple organ failure;necrosis;neoplasms;pneumonia;proteinuria;pulmonary arterial hypertension;renal insufficiency, chronic;respiratory distress syndrome;severe acute respiratory syndrome;stroke;vascular system injuries;water;zoonoses
34882720	[obsolete] covid-19;adjustment disorders;anxiety;arthralgia;chest pain;chronic disease;communicable diseases;coronavirus infections;death;diabetes mellitus;diarrhea;dyspnea;fatigue;fever;headache;heart diseases;hypertension;infections;lung diseases;lung injury;malocclusion;mental disorders;migraine disorders;nausea;neoplasms;obesity;pain;pharyngeal diseases;vomiting
33505730	[obsolete] covid-19;asthma;azithromycin;bacterial infections;blood coagulation disorders, inherited;cerebral hemorrhage;coronary artery disease;cough;critical illness;cystic fibrosis;death;dyspnea;emphysema;fallopian tube diseases;fever;hemoptysis;heparin;hydroxychloroquine;hypertension;hypotension;hypoxia;infections;leukocytosis;lung diseases;lung diseases, interstitial;lung injury;meningitis, bacterial;obesity;oxygen;pneumonia;pneumonia, pneumocystis;pneumoperitoneum;pneumothorax;pulmonary embolism;remdesivir;respiratory distress syndrome;respiratory insufficiency;respiratory tract infections;rupture;sepsis;staphylococcal infections;steroids;tocilizumab;wounds and injuries
33239765	[obsolete] covid-19;anophthalmos;coronavirus infections;death;fibrosis;infections;macular degeneration;vision disorders
34790680	[obsolete] covid-19;abdominal pain;adjustment disorders;anorexia;anxiety;arbovirus infections;arthralgia;cardiovascular diseases;chest pain;cognition disorders;conjunctivitis;constipation;cough;deglutition disorders;dementia;diarrhea;dysgeusia;dyspnea;fatigue;fatigue syndrome, chronic;fever;headache;headache disorders, secondary;heart diseases;hypertension;hypertension, pulmonary;hypotension;infections;kidney diseases;liver failure;lung diseases;memory disorders;mental disorders;migraine disorders;muscle weakness;myalgia;myocarditis;nausea;neuralgia;neurocognitive disorders;neurologic manifestations;obsessive-compulsive disorder;olfaction disorders;pain;pericardial effusion;pharyngeal diseases;pneumonia;psychological trauma;pulmonary disease, chronic obstructive;pulmonary fibrosis;renal insufficiency;respiratory insufficiency;seizures;sensation disorders;signs and symptoms, digestive;signs and symptoms, respiratory;sleep initiation and maintenance disorders;stress disorders, post-traumatic;stress disorders, traumatic;stroke;taste disorders;vision disorders;vomiting;weight loss;xerostomia
34904088	[obsolete] covid-19;abdominal pain;alcoholism;alcohols;azithromycin;coinfection;colitis;communicable diseases;cross infection;death;diabetes mellitus;diarrhea;hypoalbuminemia;infections;inflammation;inflammatory bowel diseases;intestinal diseases;irritable bowel syndrome;liver cirrhosis;liver diseases;moxifloxacin;myotonic dystrophy;neoplasms;pneumonia;renal insufficiency;renal insufficiency, chronic;signs and symptoms, digestive;vancomycin
35495877	[obsolete] covid-19;coronavirus infections;death;infections;pneumococcal infections;pneumonia;polysaccharides;protein s deficiency
35578593	[obsolete] covid-19;coronavirus infections;infections;joint diseases;vision disorders;wounds and injuries
34129787	[obsolete] covid-19;arbovirus infections;communicable diseases;infections;respiratory tract diseases
32245835	[obsolete] covid-19;coronavirus infections;death;infections;nylons;pharyngeal diseases;pneumonia;pneumonia, viral;respiration disorders;respiratory distress syndrome;respiratory tract diseases;respiratory tract infections
32613934	[obsolete] covid-19;acetaminophen;acute kidney injury;acute lung injury;alcohols;apnea;aspirin;atrioventricular block;azithromycin;blood coagulation disorders;cardiomyopathies;cardiovascular diseases;chlorhexidine;chlorine;chloroquine;communicable diseases;coronavirus infections;cough;critical illness;cross infection;cryopyrin-associated periodic syndromes;death;depression, postpartum;dyspnea;enoxaparin;ethanol;fever;genetic diseases, inborn;heart defects, congenital;heart diseases;heart failure;heart valve diseases;heparin;hydroxychloroquine;hypertension;hypertension, pulmonary;hypotension;hypoxia;ibuprofen;immune system diseases;infections;inflammation;ketamine;lipids;long qt syndrome;lung diseases;lung diseases, interstitial;lung injury;malnutrition;mucocutaneous lymph node syndrome;myocarditis;nitric oxide;oxygen;pneumonia;pneumonia, viral;pulmonary edema;renal insufficiency;respiratory distress syndrome;respiratory insufficiency;respiratory tract diseases;respiratory tract infections;sepsis;shock;signs and symptoms, respiratory;stenosis, pulmonary artery;steroids;takotsubo cardiomyopathy;water;wounds and injuries
32240633	[obsolete] covid-19;cardiovascular diseases;communicable diseases;coronavirus infections;death;diabetes mellitus;hypertension;infections;neoplasms;pneumonia, viral;respiratory tract diseases;severe acute respiratory syndrome
32675000	[obsolete] covid-19;coronavirus infections;fever;infections;olfaction disorders;pneumonia, viral
32580924	[obsolete] covid-19;coronavirus infections;critical illness;infections;pneumonia, viral;psychological distress
33556317	[obsolete] covid-19;adjustment disorders;anxiety;communicable diseases;critical illness;death;diabetes mellitus;fatigue;infections;pain;psychological distress;severe acute respiratory syndrome;sleep initiation and maintenance disorders;stress disorders, post-traumatic;stress disorders, traumatic;wounds and injuries
35035205	[obsolete] covid-19;blindness;cognition disorders;drug hypersensitivity;fractures, open
32926122	[obsolete] covid-19;anemia;anti-bacterial agents;bilirubin;communicable diseases;coronavirus infections;cough;critical illness;cyclophosphamide;death;dexamethasone;fever;huntington disease;hypotension;hypoxia;infections;inflammation;leukemia;leukemia, myeloid, acute;lymphohistiocytosis, hemophagocytic;lymphopenia;macrophage activation syndrome;methylprednisolone;neoplasms;oxygen;pneumonia;pneumonia, viral;polyethylene glycols;respiratory distress syndrome;respiratory insufficiency;ruxolitinib;sepsis;shock;shock, septic;steroids;thrombocytopenia;tocilizumab
35222989	[obsolete] covid-19;anxiety;cognition disorders;infections;learning disabilities;long qt syndrome
33989322	[obsolete] covid-19;abnormalities, drug-induced;arbovirus infections;death;infections;myocardial infarction;seizures
34690401	[obsolete] covid-19;blood coagulation disorders;critical illness;hypotension;hypoxia;infections;oxygen;seizures;tremor;water
32823922	[obsolete] covid-19;atelosteogenesis type 2;chronic disease;death;distal myopathies;gerstmann syndrome;hepatolenticular degeneration;occupational diseases
32791524	[obsolete] covid-19;coronavirus infections;obesity;pneumonia, viral
33619245	[obsolete] covid-19;arbovirus infections;death;infections;leukemia, myeloid;lung injury;respiratory distress syndrome;respiratory insufficiency
32382516	[obsolete] covid-19;bilirubin;chloroquine;chloroquine diphosphate;communicable diseases;cough;creatine;death;dyspnea;enoxaparin;heart arrest;huntington disease;hydroxychloroquine;hypercapnia;hyperlipidemias;hypothyroidism;hypoxia;infections;myalgia;obesity;oxygen;pneumonia;prednisone;remdesivir;respiratory distress syndrome;respiratory tract diseases;tachycardia, ventricular;thrombosis;triglycerides;venous thromboembolism
32132521	[obsolete] covid-19;adjustment disorders;anxiety;arbovirus infections;communicable diseases;coronary artery disease;coronavirus infections;critical illness;death;depression, postpartum;diabetes mellitus, type 2;fatigue;fever;hydrocortisone;infections;lung neoplasms;mental disorders;multiple sclerosis;pneumonia;pneumonia, viral;prostatic neoplasms;psychological distress;respiratory insufficiency;severe acute respiratory syndrome;sleep initiation and maintenance disorders;sleep wake disorders;stress disorders, post-traumatic
34747367	[obsolete] covid-19;abdominal pain;acquired immunodeficiency syndrome;acute lung injury;alzheimer disease;arbovirus infections;arthritis;arthritis, rheumatoid;aspartic acid;asthma;autoimmune diseases;bacterial infections;basal ganglia cerebrovascular disease;blood coagulation disorders;cardiovascular diseases;chest pain;chronic disease;coronary artery disease;coronavirus infections;cough;dapi;death;dehydration;diabetes complications;diabetes mellitus;diarrhea;dimethyl sulfoxide;doxycycline;drug hypersensitivity;drug-related side effects and adverse reactions;dyspnea;emphysema;exanthema;fatigue;fever;fibrosis;glucose;glutamine;heart diseases;heredodegenerative disorders, nervous system;histidine;hiv infections;hypertension;infections;infertility, female;inflammation;joint diseases;ketamine;lead;leukemia, lymphocytic, chronic, b-cell;lipopolysaccharides;liver cirrhosis;lung diseases;lung diseases, interstitial;lung injury;mastocytosis, systemic;metabolic syndrome;neoplasm metastasis;neoplasms;nervous system diseases;obesity;oxygen;parkinson disease, secondary;penicillins;pharyngeal diseases;pneumonia;psychomotor disorders;pulmonary disease, chronic obstructive;pulmonary fibrosis;renal insufficiency, chronic;respiratory insufficiency;respiratory tract diseases;respiratory tract infections;serine;signs and symptoms, digestive;sodium dodecyl sulfate;stomach neoplasms;streptomycin;stroke;thrombosis;trizol;vascular system injuries;vasculitis;viremia;vomiting;wounds and injuries
33461841	[obsolete] covid-19;autoimmune diseases;coronavirus infections;cough;diabetes mellitus;fever;hypertension;infections;kidney diseases;neoplasms;oculocerebrorenal syndrome;signs and symptoms, respiratory
33435378	[obsolete] covid-19;arbovirus infections;bradycardia;cardiomyopathies;cardiovascular diseases;death;diabetes mellitus;hypertension;infections;nervous system diseases;pneumonia;sleep apnea syndromes;syncope
34013051	[obsolete] covid-19;death;hepatitis c, chronic;inflammatory bowel diseases
32591496	[obsolete] covid-19;coronavirus infections;death;hydrogen;infections;peptidyl-dipeptidase a;pneumonia, viral
33674708	[obsolete] covid-19;acetaminophen;cardiac output, low;cardiovascular diseases;ceftriaxone;chronic disease;communicable diseases;critical illness;death;delirium;diabetes mellitus;heart failure;heredodegenerative disorders, nervous system;hyperlipidemias;hypertension;hypotension;infections;learning disabilities;lung diseases;lung diseases, interstitial;lung injury;malocclusion;myalgia;neoplasms;nervous system diseases;obesity;oxygen;proteinuria;renal insufficiency, chronic
34568576	[obsolete] covid-19;acute coronary syndrome;arrhythmias, cardiac;atrial fibrillation;blood coagulation disorders;cardiomyopathies;cardiovascular abnormalities;cardiovascular diseases;cerebrovascular disorders;communicable diseases;corneal endothelial dystrophy type 2;coronary artery disease;death;diabetes mellitus;dyslipidemias;dyspnea;edema;heart diseases;heart failure;hemorrhage;hypertension;infections;inflammation;ischemia;lopinavir-ritonavir drug combination;myocardial infarction;myocarditis;necrosis;peripheral arterial disease;pneumonia;pulmonary disease, chronic obstructive;pulmonary embolism;renal insufficiency, chronic;respiratory distress syndrome;respiratory insufficiency;stroke;takotsubo cardiomyopathy;thromboembolism;thrombosis;vascular system injuries;venous thrombosis;ventricular dysfunction, left;ventricular fibrillation;wounds and injuries
33840053	[obsolete] covid-19;acute kidney injury;arbovirus infections;coinfection;colitis;cross infection;death;diabetes mellitus;disease progression;headache disorders, secondary;heart failure;hypertension;infections;inflammation;kidney diseases;kidney failure, chronic;metformin;pain;pneumonia;renal insufficiency, chronic;respiration disorders;respiratory distress syndrome;ulcer
35048011	[obsolete] covid-19;alcohols;asthma;cardiovascular diseases;chlorhexidine;communicable diseases;cough;cross infection;death;diabetes mellitus;diarrhea;dyspnea;edema;emanuel syndrome;exanthema;fatigue;fever;fractures, bone;heart diseases;hydrogen peroxide;infections;inflammation;myalgia;neoplasms;obesity;pain;pharyngeal diseases;pneumonia;respiratory distress syndrome;respiratory insufficiency;respiratory tract diseases;respiratory tract infections;signs and symptoms, respiratory;sodium hypochlorite;taste disorders;vomiting;water
33322462	[obsolete] covid-19;anxiety;arbovirus infections;blindness;cardiovascular diseases;critical illness;cross infection;death;diabetes mellitus;emergencies;fatigue;favipiravir;fever;heart diseases;infections;lopinavir-ritonavir drug combination;mental disorders;neoplasms;pneumonia;respiration disorders;respiratory distress syndrome;respiratory tract infections;stroke
34974674	[obsolete] covid-19;arbovirus infections;azathioprine;cerebral infarction;chemical and drug induced liver injury;coinfection;colitis;communicable diseases;cough;crohn disease;cyclosporine;death;diabetes mellitus;dyspnea;exanthema;fatigue;fever;gastrointestinal diseases;headache;heparin;hepatitis b;hepatitis, viral, human;hypertension;infections;infertility, female;inflammatory bowel diseases;infliximab;intestinal diseases;johnson neuroectodermal syndrome;methotrexate;myalgia;obesity;opportunistic infections;pain;pneumococcal infections;polysaccharides;prednisolone;respiratory tract infections;sinus thrombosis, intracranial;steroids;tetany;thrombocytopenia;thrombosis;venous thromboembolism;venous thrombosis
33573397	[obsolete] covid-19;adjustment disorders;arthritis;death;infections;joint diseases;pain;wounds and injuries
34016743	[obsolete] covid-19;arbovirus infections;coinfection;communicable diseases;coronavirus infections;cough;dyspnea;fractures, open;hypotension;infections;metals;respiratory tract diseases;seizures;sodium chloride
34778740	[obsolete] covid-19;critical illness;death;dementia;epilepsy;hepatitis, viral, human;infections;learning disabilities;memory disorders;seizures;sleep deprivation;status epilepticus;syncope;water
33754150	[obsolete] covid-19
34795818	[obsolete] covid-19;acute kidney injury;anemia;anorexia;bilirubin;cardiovascular diseases;chronic disease;cough;creatinine;critical illness;death;diabetes mellitus;dyspnea;fever;glucose;headache;heart failure;hematuria;hemolysis;hyperferritinemia, hereditary, with congenital cataracts;hypertension;infections;inflammation;iron;kidney diseases;kidney failure, chronic;liver failure;mastocytosis, systemic;myocardial infarction;nephrotic syndrome;oxygen;proteinuria;renal insufficiency, chronic;respiratory distress syndrome;technetium
35305625	[obsolete] covid-19
35487371	[obsolete] covid-19;asthma;infections
32590073	[obsolete] covid-19;anemia;cholesterol;colorectal neoplasms;communicable diseases;coronavirus infections;cough;critical illness;death;gastrointestinal diseases;hemorrhage;infections;melanoma;neoplasms;pneumonia;pneumonia, viral;pneumoperitoneum;respiratory insufficiency
35280451	[obsolete] covid-19;abdominal pain;adjustment disorders;anorexia;anxiety;atrial fibrillation;autistic disorder;compassion fatigue;death;diabetes mellitus;diabetes mellitus, type 1;drug overdose;fatigue;feeding and eating disorders;fractures, open;genetic diseases, inborn;hypotrichosis;mental disorders;nausea;obsessive-compulsive disorder;pain;protein s deficiency;psychological distress;stress disorders, post-traumatic;stress disorders, traumatic;substance-related disorders;vomiting;von hippel-lindau disease;weight loss;williams syndrome;wounds and injuries
32753072	[obsolete] covid-19;anxiety;death;diarrhea;infections;occupational diseases;psychological distress;respiration disorders;stress disorders, traumatic
35128391	[obsolete] covid-19;blindness;heart failure;hydrogen;neoplasms;nervous system diseases;oils;water;zoonoses
34584498	[obsolete] covid-19;coronavirus infections;death;hypertension;infections;myotonic dystrophy;severe acute respiratory syndrome;tachycardia, ventricular;xk aprosencephaly
32530130	[obsolete] covid-19;coronavirus infections;exanthema;infections;pneumonia, viral
34288285	[obsolete] covid-19;multiple sclerosis;nervous system diseases
34721912	[obsolete] covid-19;appendicitis;carbon dioxide;chronic disease;colorectal neoplasms;coronavirus infections;cough;critical illness;cross infection;death;dyspnea;fatigue;fever;infections;infertility, female;memory disorders;multiple organ failure;neoplasms;olfaction disorders;ovarian neoplasms;pain;pneumoperitoneum;pregnancy complications, infectious;respiratory tract diseases
34281535	[obsolete] covid-19;adrenal insufficiency;arbovirus infections;arthritis, rheumatoid;atrial fibrillation;communicable diseases;death;infections
34714362	[obsolete] covid-19;acetone;acetonitrile;antiviral agents;arbovirus infections;aspartic acid;carbon dioxide;copper;coronavirus infections;death;dimethyl sulfoxide;drug-related side effects and adverse reactions;ethanol;fever;glutamic acid;headache;heart arrest;histidine;hydrochloric acid;immunologic deficiency syndromes;infections;infliximab;lead;lipids;nausea;neoplasms;neurotoxicity syndromes;phospholipids;pneumonia;respiratory distress syndrome;respiratory tract diseases;retinal detachment;vomiting;water
35493416	[obsolete] covid-19;abnormalities, drug-induced;brain neoplasms;breast neoplasms;carbon dioxide;coronavirus infections;death;edema;infections;inflammation;lung diseases;lung injury;meningitis, bacterial;osteoarthritis;oxygen;pneumonia;respiratory tract infections;severe acute respiratory syndrome;thrombosis
33245005	[obsolete] covid-19;baricitinib;cytokines;inflammation;ruxolitinib
33547335	[obsolete] covid-19;acquired immunodeficiency syndrome;acute kidney injury;anemia;apnea;arbovirus infections;arrhythmias, cardiac;arthritis;asthma;chemical and drug induced liver injury;coronary artery disease;creatinine;death;dementia;diabetes mellitus;heart failure;heredodegenerative disorders, nervous system;hyperferritinemia, hereditary, with congenital cataracts;hypertension;hypoxia;immunologic deficiency syndromes;infections;inflammation;kidney diseases;kidney failure, chronic;liver failure;lung injury;mental disorders;multiple organ failure;necrosis;neoplasms;nitrogen;obesity;osteoporosis;oxygen;pneumonia;pneumonia, pneumocystis;pulmonary disease, chronic obstructive;refractive errors;respiratory insufficiency;shock;stroke;urea
32382746	[obsolete] covid-19;coronavirus infections;cough;fever;pneumonia, viral
34430514	[obsolete] covid-19;alcohols;arbovirus infections;cardiovascular diseases;chlorine;communicable diseases;coronavirus infections;cough;death;diabetes mellitus;fever;hypertension;hypotension;infections;liver diseases;lung neoplasms;neoplasms;pneumococcal infections;pneumonia;respiratory tract diseases;water;zoonoses
32376057	[obsolete] covid-19;aspirin;carbon dioxide;carcinoma;coronavirus infections;gerstmann syndrome;infections;pneumonia, viral;protein s deficiency
33682315	[obsolete] covid-19
34046108	[obsolete] covid-19;acute coronary syndrome;adjustment disorders;aldosterone;anxiety;arrhythmias, cardiac;atherosclerosis;azithromycin;blood coagulation disorders, inherited;bradycardia;cardiomyopathies;cardiomyopathy, dilated;cardiovascular diseases;chest pain;chlorine;chloroquine;corneal endothelial dystrophy type 2;coronary artery disease;cough;critical illness;cross infection;death;death, sudden;dexamethasone;diabetes mellitus;disseminated intravascular coagulation;favipiravir;fever;fibrosis;heart diseases;heart failure;hemorrhage;heparin;hydroxychloroquine;hypertension;hypertension, pulmonary;hypokalemia;hypotension;hypoxia;infections;kidney diseases;long qt syndrome;lopinavir-ritonavir drug combination;myocardial infarction;myocarditis;myotonic dystrophy;neoplasms;nitric oxide;oseltamivir;oxygen;pain;pneumonia;pulmonary disease, chronic obstructive;pulmonary embolism;remdesivir;renal insufficiency, chronic;respiratory insufficiency;respiratory tract diseases;respiratory tract infections;rheumatic diseases;ribavirin;rupture;steroids;stroke;takotsubo cardiomyopathy;thrombocytopenia;thromboembolism;thrombosis;tocilizumab;venous thromboembolism;venous thrombosis;ventricular dysfunction;ventricular dysfunction, left;zoonoses
35441967	[obsolete] covid-19;arbovirus infections;carbohydrates;communicable diseases;coronavirus infections;death;enoxaparin;glycosaminoglycans;heparan sulfate;heparin;hydrogen;infections;lipids;lipopolysaccharides;neurodegenerative diseases;nitrogen;opitz trigonocephaly syndrome;polysaccharides;tetany;thromboembolism;thrombosis
34758422	[obsolete] covid-19;adjustment disorders;alcohols;anxiety;bipolar disorder;coronavirus infections;death;hiv infections;hydroxychloroquine;mental disorders;psychological distress;psychoses, substance-induced;psychotic disorders;sleep initiation and maintenance disorders;sleep wake disorders;stress disorders, post-traumatic;wounds and injuries
34696235	[obsolete] covid-19;anxiety;breast neoplasms;communicable diseases;hepatitis b;infections;psychological distress
35015739	[obsolete] covid-19;hiv infections;inflammation
32658716	[obsolete] covid-19;acetone;antiviral agents;cadmium;colchicine;copper;coronavirus infections;critical illness;death;drug-related side effects and adverse reactions;ethanol;formaldehyde;helium;hiv infections;infections;malaria;mercury;neurocognitive disorders;parasitic diseases;pneumonia, viral;schizophrenia;tuberculosis;water
32985745	[obsolete] covid-19;infections;pruritus;skin diseases;xerostomia
34091005	[obsolete] covid-19
33038229	[obsolete] covid-19;anti-bacterial agents;coinfection;critical illness
35123395	[obsolete] covid-19;adjustment disorders;alzheimer disease;bronchitis;carcinoma;chest pain;chronic disease;communicable diseases;cough;death;dementia;diabetes mellitus;fatigue;fever;gerstmann syndrome;headache;heart diseases;hypertension;infections;myalgia;nausea;neoplasms;opitz trigonocephaly syndrome;pharyngeal diseases;psychological distress;respiratory tract infections;xk aprosencephaly
33647988	[obsolete] covid-19;thrombosis
33797339	[obsolete] covid-19;infections;neoplasms
35260957	[obsolete] covid-19;death;infections;learning disabilities;neural tube defects;opitz trigonocephaly syndrome;pain;vaccines;water
33941681	[obsolete] covid-19;adenine;adenosine triphosphate;arginine;carbon;carbon dioxide;chloroquine;cytosine;dapi;drug-related side effects and adverse reactions;formaldehyde;guanine;hydrochloric acid;hydrogen;infections;intellectual disability;lipids;lysine;octoxynol;polymers;sepharose;sodium azide;trizol;water
33772419	[obsolete] covid-19;abdominal pain;arthralgia;autoimmune diseases;back pain;chest pain;coronary artery disease;coronavirus infections;cough;critical illness;death;diabetes mellitus;diarrhea;dizziness;dyspnea;end stage liver disease;fever;headache;hiv infections;hypertension;hypoxia;infections;liver diseases;lung diseases;lung injury;myalgia;nausea;neoplasms;obesity;oxygen;pain;parkinson disease;pharyngeal diseases;renal insufficiency, chronic;respiratory tract infections;signs and symptoms, respiratory;tachycardia;tight skin contracture syndrome, lethal;vomiting
33773523	[obsolete] covid-19;adjustment disorders;anxiety;arthritis;arthritis, rheumatoid;carcinoma;chronic disease;chronic pain;communicable diseases;coronavirus infections;death;disease progression;dystonia;fatigue;feeding and eating disorders;inflammation;lupus erythematosus, systemic;mental disorders;norepinephrine;obsessive-compulsive disorder;oculocerebrorenal syndrome;pain;parkinson disease;psychological distress;psychological trauma;rheumatic diseases;sleep initiation and maintenance disorders;sleep wake disorders;stress disorders, traumatic;wounds and injuries
34935594	[obsolete] covid-19;arrhythmias, cardiac;breakthrough pain;coinfection;coronary artery disease;death;diabetes mellitus;fatty liver;hypertension;infections;lysine;myotonic dystrophy;urticaria
32417594	[obsolete] covid-19;coronavirus infections;death;diabetes mellitus;hypertension;lung injury;multiple organ failure;necrosis;neoplasms;obesity;pneumonia, viral;respiratory distress syndrome;respiratory insufficiency;respiratory tract infections;ribavirin;steroids
34345109	[obsolete] covid-19;adjustment disorders;anxiety;back pain;chronic disease;death;fatigue;headache;infections;mental disorders;psychological distress
35358722	[obsolete] covid-19;arbovirus infections;asthma;atrial fibrillation;bacterial infections;coinfection;communicable diseases;coronary artery disease;critical illness;death;diabetes mellitus;drug hypersensitivity;hepatitis e;hypertension;infections;inflammation;kidney diseases;lymphopenia;neoplasms;obesity;pneumonia;pulmonary disease, chronic obstructive;renal insufficiency, chronic;sepsis;severe acute respiratory syndrome;signs and symptoms, respiratory;thrombocytopenia;williams syndrome
32996588	[obsolete] covid-19;infections
35206163	[obsolete] covid-19;adjustment disorders;anxiety;chronic disease;coronavirus infections;death;depression, postpartum;infections;mental disorders;pain;paranoid disorders;psychological distress;psychotic disorders;schizophrenia;stress disorders, post-traumatic;wounds and injuries
32353545	[obsolete] covid-19;abdominal pain;anorexia;communicable diseases;coronavirus infections;cough;death;diarrhea;dyspnea;fatigue;fever;gastrointestinal diseases;headache;infections;leukopenia;moxifloxacin;nausea;oxygen;pharyngeal diseases;pneumonia;pneumonia, viral;signs and symptoms, digestive;signs and symptoms, respiratory;umifenovir;vomiting
32553562	[obsolete] covid-19;ageusia;arbovirus infections;asthma;cardiovascular diseases;coronavirus infections;cough;critical illness;diabetes mellitus;drug hypersensitivity;dysgeusia;dyspnea;edema;encephalitis;epstein-barr virus infections;fatigue;feeding and eating disorders;fever;headache;hypertension;hypothyroidism;infections;inflammation;mucositis;myalgia;nerve degeneration;neurologic manifestations;olfaction disorders;pharyngeal diseases;pneumonia;pneumonia, viral;respiratory tract infections;rhinitis;seizures;severe acute respiratory syndrome;signs and symptoms, respiratory;steroids;taste disorders;virus diseases;zoonoses
33930636	[obsolete] covid-19;arbovirus infections;communicable diseases;copper;coronavirus infections;cough;death;dehydration;headache;infections;opitz trigonocephaly syndrome;respiration disorders;tachycardia, ventricular;water
32354772	[obsolete] covid-19;acetaminophen;arbovirus infections;arthritis, rheumatoid;baricitinib;coronavirus infections;cough;cyclic neutropenia;diarrhea;fever;infections;lymphopenia;methotrexate;myalgia;necrosis;pneumonia, viral;respiratory distress syndrome;rheumatic diseases;sarilumab;sepsis;shock, septic;steroids;tocilizumab
32266753	coronavirus infections;pneumonia, viral
32684300	[obsolete] covid-19;coronavirus infections;lung neoplasms;neoplasms;pneumonia, viral
34286685	[obsolete] covid-19;anorexia;arbovirus infections;communicable diseases;coronavirus infections;cough;diarrhea;dyspnea;eosine yellowish-(ys);ethanol;formaldehyde;hematoxylin;infections;inflammation;ketamine;lethargy;paraffin;pneumonia;serine;vasculitis;water;zoonoses
32282344	[obsolete] covid-19;coronavirus infections;death;pneumonia, viral
34593052	[obsolete] covid-19;acquired immunodeficiency syndrome;adjustment disorders;anxiety;critical illness;death;diarrhea;immunologic deficiency syndromes;infections;malaria;malnutrition;neoplasms;oxygen;psychological distress;seizures;sexual dysfunctions, psychological
35444637	[obsolete] covid-19;arbovirus infections;bacterial infections;baricitinib;cardiac output, low;cardiovascular diseases;chronic disease;coinfection;communicable diseases;critical illness;death;diabetes mellitus;heparin;hepatitis c;hiv infections;huntington disease;hydroxychloroquine;hypertension;hypotension;idiopathic pulmonary fibrosis;infections;inflammation;leukocytosis;liver cirrhosis;lopinavir-ritonavir drug combination;methylprednisolone;oxygen;pneumonia;pulmonary disease, chronic obstructive;remdesivir;respiratory distress syndrome;respiratory insufficiency;sarilumab;steroids;tocilizumab;von willebrand diseases
34177279	[obsolete] covid-19;adjustment disorders;anxiety;bipolar disorder;coronavirus infections;death;drug hypersensitivity;fatigue;infections;mental disorders;migraine disorders;mood disorders;neoplasm metastasis;norepinephrine;obesity;paranoid disorders;phobic disorders;psychological distress;seizures;severe acute respiratory syndrome;sleep initiation and maintenance disorders;water
35250113	[obsolete] covid-19;communicable diseases;death;infections
32631682	[obsolete] covid-19;communicable diseases;coronavirus infections;critical illness;cross infection;death;infections;lung diseases;pneumonia, viral;respiratory distress syndrome;respiratory insufficiency
35151856	[obsolete] covid-19;cardiac output, low
35458549	[obsolete] covid-19;acquired immunodeficiency syndrome;antiviral agents;arbovirus infections;arthralgia;blood coagulation disorders;carbohydrates;carbon dioxide;chloroquine;cholesterol;dimethyl sulfoxide;drug-related side effects and adverse reactions;enoxaparin;glycosaminoglycans;hemorrhagic fever with renal syndrome;hemorrhagic fever, ebola;heparan sulfate;heparin;hiv infections;hydrogen;hydroxychloroquine;infections;inflammation;lead;lipids;multiple organ failure;neoplasms;neurologic manifestations;nitrogen;papillomavirus infections;penicillins;polysaccharides;sodium chloride;sodium dodecyl sulfate;streptomycin;thrombosis;umifenovir;venous thrombosis;water
35017876	[obsolete] covid-19;abnormalities, drug-induced;ageusia;aneurysm;arbovirus infections;brain diseases;central nervous system infections;cerebrovascular disorders;consciousness disorders;coronavirus infections;cough;death;delirium;diabetes mellitus;diarrhea;dizziness;drug-related side effects and adverse reactions;dyspnea;dystonia;fatigue;fever;headache;headache disorders, secondary;hiv infections;infections;intracranial hemorrhages;ischemia;leukoencephalopathies;neoplasms;nervous system diseases;neurologic manifestations;paralysis;prednisone;respiratory tract infections;signs and symptoms, respiratory;sleep initiation and maintenance disorders;stroke;wounds and injuries
32582329	[obsolete] covid-19;alcohols;anxiety;arbovirus infections;ascorbic acid;chronic disease;communicable diseases;infections;iron;malnutrition;obesity;pneumonia;respiratory tract diseases;salts;severe acute respiratory syndrome;sugars;water
35098033	[obsolete] covid-19;agar;alcohols;aluminum;anemia;asthma;autistic disorder;carbon;carbon dioxide;communicable diseases;copper;cough;dementia;drug-related side effects and adverse reactions;ethanol;formaldehyde;hearing loss;heart arrest;hydrogen peroxide;hypotension;infections;intellectual disability;learning disabilities;leukoencephalopathies;metals;nitrogen;nylons;oils;oxygen;ozone;polymers;polyphenols;polypropylenes;polystyrenes;polyvinylidene fluoride;reactive oxygen species;respiratory tract diseases;silicon dioxide;silver;sodium chloride;sulfur;technetium;water
33465165	[obsolete] covid-19;acquired immunodeficiency syndrome;alexa fluor 647;arbovirus infections;autoimmune diseases;azithromycin;camostat;carbon dioxide;chloroquine;coronavirus infections;dimethyl sulfoxide;edetic acid;hepes;huntington disease;hydroxychloroquine;infections;lead;lung neoplasms;malaria;octoxynol;penicillins;remdesivir;serine;streptomycin
35492426	[obsolete] covid-19;adjustment disorders;anxiety;communicable diseases;coronavirus infections;death;hepatolenticular degeneration;infections;job syndrome;mental disorders;psychological distress;shock
33963992	[obsolete] covid-19;acute lung injury;arbovirus infections;asthma;bacterial infections;carbon monoxide;cardiovascular diseases;coronavirus infections;death;formaldehyde;heart failure;infections;inflammation;lipids;lung diseases;myocardial infarction;myotonic dystrophy;nitrogen;ozone;pneumonia;pulmonary disease, chronic obstructive;respiratory tract diseases;signs and symptoms, respiratory;stroke
34017205	[obsolete] covid-19;adjustment disorders;alcohols;anxiety;cardiovascular diseases;hypothalamic neoplasms;infections;learning disabilities;psychological distress;respiratory distress syndrome;substance-related disorders
35291048	[obsolete] covid-19
32672061	[obsolete] covid-19;alanine;amides;antiviral agents;arbovirus infections;bulbospinal neuronopathy, x-linked recessive;cholesterol;coronavirus infections;death;glycine;infections;lipids;oculocerebrorenal syndrome;peptides;peptidyl-dipeptidase a;pneumonia;pneumonia, viral;polyethylene glycols;polysaccharides;respiratory tract diseases;urea;zoonoses
32964802	[obsolete] covid-19
32839250	[obsolete] covid-19;arbovirus infections;carbon dioxide;coronavirus infections;drug-related side effects and adverse reactions;ethanol;formaldehyde;gentian violet;infections;iodine;lipids;lysine;methanol;octoxynol;pneumonia, viral;polymers;polysorbates;polystyrenes;respiratory tract diseases;sodium dodecyl sulfate;water
34364311	[obsolete] covid-19;infections;infertility, female
34884216	[obsolete] covid-19;adjustment disorders;ageusia;alcoholism;alzheimer disease;arbovirus infections;arthralgia;basal ganglia diseases;brain diseases;cognition disorders;corneal endothelial dystrophy type 2;coronavirus infections;critical illness;death;diabetes mellitus;dysgeusia;dyspnea;fatigue;fatigue syndrome, chronic;fibrosis;headache;heart failure;hypoxia;infections;inflammation;lung injury;memory disorders;multiple organ failure;nausea;nerve degeneration;nervous system diseases;olfaction disorders;parkinson disease;respiratory insufficiency;respiratory tract diseases;signs and symptoms, respiratory;taste disorders;zoonoses
34589017	[obsolete] covid-19;anxiety
32381073	[obsolete] covid-19;arbovirus infections;coronavirus infections;cough;creatinine;critical illness;death;exanthema;fever;hemorrhage;infections;pain;pneumonia;pneumonia, viral;respiratory distress syndrome;respiratory tract infections;severe acute respiratory syndrome
35304067	[obsolete] covid-19;infections;pain
35043033	[obsolete] covid-19;cardiovascular diseases;death;dyspnea;edetic acid;hydrochloric acid;infections;lead;multiple organ failure;neoplasms;oxygen;pneumonia;polysorbates;protein s deficiency;respiratory distress syndrome;shock, septic;sleep initiation and maintenance disorders;sodium dodecyl sulfate;water
32358675	[obsolete] covid-19;coronavirus infections;pneumonia, viral
33536979	[obsolete] covid-19;anxiety;cognition disorders;compassion fatigue;fractures, open;learning disabilities;mental disorders;psychological distress;wounds and injuries
33626376	[obsolete] covid-19;alcohols;bradycardia;breast neoplasms;colorectal neoplasms;death;leukemia;lung neoplasms;neoplasms;pancreatic neoplasms;paralysis;urinary bladder neoplasms
33686389	[obsolete] covid-19;edema;headache disorders, secondary;infections;necrosis
33908897	[obsolete] covid-19;acquired immunodeficiency syndrome;arbovirus infections;carbon;carbon dioxide;chemical and drug induced liver injury;coronavirus infections;edema;helium;hemorrhage;hyperplasia;infections;inflammation;lead;lung diseases;metabolism, inborn errors;necrosis;neoplasms;pneumonia;polysorbates;respiratory distress syndrome;respiratory insufficiency;sepharose;sodium;thrombosis
34717886	[obsolete] covid-19;coronavirus infections;death;diabetes mellitus;hiv infections;hypertension;infections;neoplasms;oxygen;pulmonary disease, chronic obstructive;renal insufficiency, chronic
33350677	[obsolete] covid-19;aerosols;airway obstruction;cough;fractures, open;infections;respiratory insufficiency;respiratory tract infections;water
32605729	[obsolete] covid-19;coronavirus infections;pneumonia, viral;water
34532354	[obsolete] covid-19;cognition disorders
35036079	[obsolete] covid-19;abdominal pain;adjustment disorders;aneurysm;arthritis;arthritis, juvenile;arthritis, rheumatoid;aspirin;atrioventricular block;blood coagulation disorders;bulbospinal neuronopathy, x-linked recessive;cardiovascular diseases;catecholamines;chemical and drug induced liver injury;chronic disease;chronobiology disorders;communicable diseases;coronary artery disease;critical illness;crohn disease;cryopyrin-associated periodic syndromes;death;dexamethasone;diarrhea;dopamine;enoxaparin;epinephrine;fever;headache;heart block;heart diseases;heart failure;hemorrhage;heparin;heparin, low-molecular-weight;hyperglycemia;hypertension;hypoxia;infections;inflammation;infliximab;kidney diseases;leukopenia;macrophage activation syndrome;methylprednisolone;movement disorders;mucocutaneous lymph node syndrome;multiple organ failure;myocardial infarction;myocarditis;nausea;neoplasms;neurologic manifestations;neutropenia;norepinephrine;obesity;opitz trigonocephaly syndrome;oxygen;pneumonia;prednisolone;prednisone;pulmonary embolism;remdesivir;respiratory distress syndrome;respiratory insufficiency;rheumatic fever;sepsis;shock;shock, septic;steroids;stroke;tachycardia;thrombocytopenia;thromboembolism;thrombophilia;thrombosis;thrombotic microangiopathies;tocilizumab;vasculitis;venous thromboembolism;venous thrombosis;ventricular dysfunction;vomiting
34819524	[obsolete] covid-19;back pain;brain neoplasms;breast neoplasms;coronavirus infections;death;hypotension;infections;learning disabilities;lung neoplasms;multiple sclerosis;neoplasms;oculocerebral hypopigmentation syndrome type preus;pancreatic neoplasms;respiratory tract infections;stroke
33424954	[obsolete] covid-19;cough;infections;respiratory tract infections;sodium hypochlorite;water
34589316	[obsolete] covid-19;coronavirus infections;death;infections;nylons;pneumonia;respiratory tract diseases;respiratory tract infections
32630367	[obsolete] covid-19;adjustment disorders;anxiety;cardiac output, low;cardiovascular diseases;chronic disease;cognition disorders;coronavirus infections;death;dementia;feeding and eating disorders;fractures, bone;glucose;hip fractures;hypotension;infections;learning disabilities;memory disorders;obesity;parkinson disease;psychological trauma;seizures;stroke;weight loss
33932458	[obsolete] covid-19;aldosterone;back pain;communicable diseases;creatinine;drug hypersensitivity;fever;hematuria;kidney diseases;meningococcal infections;myalgia;proteinuria;respiratory tract infections;vasculitis
35066705	[obsolete] covid-19;abdominal pain;acute kidney injury;ageusia;anophthalmos;apnea;arbovirus infections;asthma;ataxia;atherosclerosis;autoimmune diseases;bacterial infections;blood coagulation disorders;carcinoma, squamous cell;cerebrovascular disorders;chemical and drug induced liver injury;cold injury;communicable diseases;conjunctivitis;consciousness disorders;coronavirus infections;cough;critical illness;cytokines;death;diabetes mellitus;diarrhea;disseminated intravascular coagulation;dizziness;drug hypersensitivity;drug-related side effects and adverse reactions;dysgeusia;dyspnea;edema;fatigue;feeding and eating disorders;fever;fibrosis;gaucher disease;headache;heart failure;heart injuries;hemorrhage;heparan sulfate;heparin, low-molecular-weight;hyperkinesis;hyperplasia;hypertension;hypesthesia;hypoxia;infections;inflammation;ischemia;kidney diseases;leukemia, myeloid;lipids;liver failure, acute;lung diseases;lung injury;lymphopenia;mastocytosis, systemic;melanoma;metals;mitochondrial diseases;multiple organ failure;myalgia;myocarditis;nausea;neonatal herpes;neoplasms;nervous system diseases;neurologic manifestations;obesity;ocular hypertension;olfaction disorders;pneumonia;proteinuria;pruritus;pulmonary embolism;reactive oxygen species;respiratory distress syndrome;respiratory insufficiency;respiratory tract diseases;respiratory tract infections;retinal diseases;seizures;sepsis;severe acute respiratory syndrome;shock;signs and symptoms, digestive;signs and symptoms, respiratory;staphylococcal infections;stroke;thrombophilia;thrombosis;tocilizumab;venous thromboembolism;venous thrombosis;vision disorders;vomiting;water;zoonoses
32599069	[obsolete] covid-19;adjustment disorders;anti-bacterial agents;anxiety;communicable diseases;coronavirus infections;death;hemorrhage;hypotrichosis;influenza, human;leukocytosis;leukopenia;lung diseases, interstitial;lung injury;lymphopenia;mental disorders;pneumonia;pneumonia, viral;prednisone;respiration disorders;respiratory insufficiency;respiratory tract diseases;signs and symptoms, respiratory
32817714	[obsolete] covid-19;alcohols;communicable diseases;coronavirus infections;death;diabetes mellitus;fibrosis;fractures, open;infections;inflammation;parasitic diseases;pneumonia, viral;sexual dysfunctions, psychological
34659041	[obsolete] covid-19;adjustment disorders;anxiety;cardiovascular diseases;chronic disease;cognition disorders;coronary artery disease;death;infections;job syndrome;myocardial infarction;neoplasms;pain;psychological distress;stress disorders, traumatic
32685880	[obsolete] covid-19;aspirin;blood coagulation disorders;blood coagulation disorders, inherited;cerebrovascular disorders;communicable diseases;corneal endothelial dystrophy type 2;critical illness;death;disseminated intravascular coagulation;enoxaparin;heart arrest;hemorrhage;heparan sulfate;heparin;heparin, low-molecular-weight;hepatitis c;hypoxia;infections;inflammation;ischemia;lung diseases;multiple organ failure;myocardial infarction;oxygen;pneumonia;pulmonary embolism;respiratory distress syndrome;respiratory insufficiency;sepsis;signs and symptoms, respiratory;thrombocytopenia;thromboembolism;thrombophilia;thrombosis;venous thromboembolism;venous thrombosis;von willebrand diseases
32451343	[obsolete] covid-19;barium;critical illness;death;diabetes mellitus;heart arrest;pulmonary disease, chronic obstructive;respiratory insufficiency
34909404	[obsolete] covid-19;acute kidney injury;arbovirus infections;bilirubin;carcinoma, hepatocellular;cardiovascular diseases;chemical and drug induced liver injury;coronavirus infections;cough;death;diabetes mellitus;end stage liver disease;fatty liver;fever;fibrosis;hepatitis b;hepatitis c;hepatitis c, chronic;hepatitis, viral, human;hiv infections;hypoalbuminemia;hypoxia;infections;inflammation;liver diseases;liver failure;liver failure, acute;lung diseases;lymphopenia;mycophenolic acid;nervous system diseases;obesity;pneumonia;protein s deficiency;remdesivir;renal insufficiency, chronic;respiratory insufficiency;respiratory tract infections;ribavirin;signs and symptoms, respiratory;tacrolimus;thrombophilia;tocilizumab;zoonoses
34736354	[obsolete] covid-19;arbovirus infections;coronavirus infections;cytokines;death;edema;eosine yellowish-(ys);formaldehyde;hematoxylin;hyperplasia;infections;inflammation;nervous system diseases;pneumonia;respiratory tract diseases;sodium dodecyl sulfate
32686375	[obsolete] covid-19;arbovirus infections;blood coagulation disorders;coronavirus infections;cough;death;dyspnea;fallopian tube diseases;hemorrhage;hypertension;multiple organ failure;oxygen;pneumonia, viral;respiratory distress syndrome;respiratory insufficiency;rupture;severe acute respiratory syndrome;shock, septic;tachypnea;takotsubo cardiomyopathy;thrombocytopenia
33257418	[obsolete] covid-19;hypertension;myoclonus;myotonic dystrophy;respiratory tract infections
34149003	[obsolete] covid-19;death;infections;oxygen
34894119	[obsolete] covid-19;fever
35284208	[obsolete] covid-19;edema;iron;lymphatic diseases;prednisolone;urticaria
35095602	[obsolete] covid-19;adjustment disorders;aicardi syndrome;anxiety;arbovirus infections;infections;psychological distress;sleep initiation and maintenance disorders;sleep wake disorders;stress disorders, post-traumatic
34008930	[obsolete] covid-19;acquired immunodeficiency syndrome;acute coronary syndrome;alcoholism;arbovirus infections;ascorbic acid;asthma;azithromycin;chloroquine;colchicine;cough;creatinine;critical illness;death;dementia;dexamethasone;diabetes mellitus;diarrhea;dyspnea;end stage liver disease;fever;glucose;headache;heredodegenerative disorders, nervous system;hiv infections;hydroxychloroquine;infections;lopinavir-ritonavir drug combination;methylprednisolone;nausea;neoplasms;nitrogen;olfaction disorders;oxygen;pneumonia;pulmonary disease, chronic obstructive;renal insufficiency, chronic;respiratory distress syndrome;shock, septic;signs and symptoms, respiratory;steroids;stroke;tocilizumab;urea
33337295	[obsolete] covid-19;adjustment disorders;chronic disease;communicable diseases;death;obesity
34404498	[obsolete] covid-19
34641391	[obsolete] covid-19;adenocarcinoma;alanine;amides;amines;autoimmune diseases;breast neoplasms;carbon dioxide;carcinoma, non-small-cell lung;cardiovascular diseases;cisplatin;cyclophosphamide;cysteine;diabetes mellitus;diarrhea;dithiothreitol;drug-related side effects and adverse reactions;glycine;guanine;heart arrest;hydrogen;infections;leukemia;leukemia, myeloid, acute;lung neoplasms;lymphoma;lymphoma, b-cell;lysine;multiple myeloma;neoplasms;neural tube defects;parkinson disease;phenylalanine;polyethylene glycols;prednisone;rituximab
35332047	[obsolete] covid-19;breast neoplasms;chronic disease;colorectal neoplasms;death;digestive system neoplasms;head and neck neoplasms;infections;neoplasms;psychological distress;skin neoplasms;urinary bladder neoplasms
35382039	[obsolete] covid-19;adjustment disorders;anxiety;attention deficit disorder with hyperactivity;chronic pain;cognition disorders;dyspnea;fatigue;headache;mental disorders;pain;psychological distress;respiratory distress syndrome;sleep initiation and maintenance disorders
33688413	[obsolete] covid-19;acute coronary syndrome;acute kidney injury;acute pain;adjustment disorders;arrhythmias, cardiac;aspirin;azithromycin;cardiomyopathies;cardiomyopathy, dilated;chest pain;colchicine;coronary artery disease;cough;creatinine;death;diabetes mellitus;dyspnea;edema;fever;heart diseases;heart failure;heart valve diseases;hydroxychloroquine;hypokinesia;hypotension;ibuprofen;infections;lymphopenia;methylprednisolone;muscle weakness;myocarditis;necrosis;norepinephrine;oxygen;pericardial effusion;pericarditis;pneumonia;pulmonary embolism;respiratory distress syndrome;shock;shock, cardiogenic;shock, septic;steroids;tachycardia;tachypnea;takotsubo cardiomyopathy;tocilizumab;urea;ventricular dysfunction, left
32997560	[obsolete] covid-19;arbovirus infections;pneumonia
34901700	[obsolete] covid-19;death
35250739	[obsolete] covid-19;anxiety;delirium;deuterium;learning disabilities
32100024	[obsolete] covid-19;coronavirus infections;pneumonia, viral
33793460	[obsolete] covid-19;cough;death;diarrhea;dyspnea;fatigue;fever;headache;infections;johnson neuroectodermal syndrome;meningococcal infections;myalgia;occupational diseases;pharyngeal diseases;signs and symptoms, respiratory
32664634	[obsolete] covid-19;adrenal insufficiency;infections
32590006	[obsolete] covid-19;coronavirus infections;pneumonia, viral
34256781	[obsolete] covid-19;abdominal pain;airway obstruction;appendicitis;atrial fibrillation;carbon dioxide;communicable diseases;death;emergencies;hemorrhage;hepatitis e;infections;inflammatory bowel diseases;lung diseases;multiple organ failure;pain;pleural effusion;pneumonia;pneumoperitoneum;renal insufficiency;respiratory insufficiency;sepsis;shock, septic;technetium;urinary tract infections;wounds and injuries
34630838	[obsolete] covid-19;alcohols;antiviral agents;azithromycin;communicable diseases;coronavirus infections;death;doxycycline;fever;headache;hydroxychloroquine;hypertension;infections;malaria;meningitis;methylprednisolone;muscle weakness;remdesivir;respiration disorders;respiratory distress syndrome;respiratory tract infections;tocilizumab;water
34844968	[obsolete] covid-19;autoimmune diseases;coronavirus infections;cough;death;dexamethasone;diabetes mellitus, type 1;dyspnea;heart failure;hypertension;infections;kidney failure, chronic;lipids;lung diseases;multiple sclerosis;mycophenolic acid;neoplasms;oxygen;pneumococcal infections;pneumonia;prednisone;pulmonary embolism;remdesivir;respiratory distress syndrome;respiratory insufficiency;rituximab;steroids;tacrolimus;tetany
34831965	[obsolete] covid-19;anxiety;blindness;cataract;communicable diseases;constipation;diabetes complications;diabetes mellitus;diabetes mellitus, type 2;fatigue;glaucoma;glucose;infections;mental disorders;metformin;pain;stroke;tuberculosis;vision disorders;water
35010471	[obsolete] covid-19;anxiety;communicable diseases;coronavirus infections;cross infection;hydrogen peroxide;infections;water
33587790	[obsolete] covid-19;wounds and injuries
33684592	[obsolete] covid-19;anemia;arbovirus infections;arthritis;arthritis, juvenile;azithromycin;baricitinib;blood coagulation disorders;bone marrow diseases;cognitive dysfunction;coronavirus infections;critical illness;cyclosporine;death;dexamethasone;drug-related side effects and adverse reactions;fever;heart arrest;hematologic diseases;hereditary breast and ovarian cancer syndrome;hydrocortisone;hydroxychloroquine;hyperferritinemia, hereditary, with congenital cataracts;hyperkinesis;hypoalbuminemia;hypoxia;infections;inflammation;leukemia;liver diseases;liver failure;lung diseases;lupus erythematosus, systemic;lymphohistiocytosis, hemophagocytic;lymphopenia;macrophage activation syndrome;metabolism, inborn errors;methylprednisolone;microvascular angina;mucocutaneous lymph node syndrome;multiple organ failure;neoplasms;neutrophilia, hereditary;oxygen;pneumonia;remdesivir;respiration disorders;respiratory distress syndrome;respiratory insufficiency;rheumatic diseases;sarilumab;sepsis;steroids;thrombocytopenia;thrombosis;thrombotic microangiopathies;tocilizumab;triglycerides;wounds and injuries
35247550	[obsolete] covid-19;coronary artery disease;dyslipidemias;dyspnea;fever;hypertension;hypoxia;infections;inflammation;kidney diseases;lung diseases;lung injury;lymphopenia;mental disorders;oxygen;pneumonia;respiratory distress syndrome;respiratory insufficiency;respiratory tract infections;shock, septic;thrombosis
34058573	[obsolete] covid-19;abnormalities, drug-induced;arbovirus infections;carbon dioxide;cerebral hemorrhage;cholesterol;communicable diseases;death;depression, postpartum;drug-related side effects and adverse reactions;edema;hemorrhage;infections;lipids;nucleosides;ovarian neoplasms;polyethylene glycols;severe acute respiratory syndrome;sodium chloride;tetany;vitamin a;water;weight gain
34159155	[obsolete] covid-19;abdominal pain;acute kidney injury;adjustment disorders;ageusia;anxiety;apnea;arthralgia;chest pain;chronic disease;conjunctivitis;coronavirus infections;cough;cryopyrin-associated periodic syndromes;death;diabetes mellitus;diarrhea;dizziness;dyspnea;exanthema;fatigue;fever;fibrosis;headache;heart diseases;heart failure;hemorrhage;immunologic deficiency syndromes;infections;inflammation;kidney diseases;lung diseases;migraine disorders;mouth diseases;multiple organ failure;muscle weakness;myocardial infarction;myocarditis;nausea;neoplasms;nervous system diseases;olfaction disorders;pain;pharyngeal diseases;pneumonia;psychological distress;respiratory distress syndrome;stress disorders, post-traumatic;vomiting;water
34342092	aerosols
34415401	[obsolete] covid-19;adjustment disorders;anxiety;cognition disorders;cough;hemorrhage;infections;iodine;pain;parkinson disease;psychological distress
35272613	[obsolete] covid-19;abdominal pain;acquired immunodeficiency syndrome;alzheimer disease;anorexia;cardiovascular diseases;chest pain;coinfection;coronary artery disease;coronavirus infections;cough;critical illness;death;diabetes mellitus;diarrhea;dizziness;dyspnea;fatigue;fever;gastrointestinal diseases;headache;headache disorders, secondary;heart diseases;hematologic diseases;heredodegenerative disorders, nervous system;hiv infections;hypertension;hypotrichosis;infections;inflammation;ischemia;liver diseases;lung diseases;lung injury;lymphopenia;myalgia;nausea;neoplasms;nervous system diseases;oxygen;pain;paralysis;pharyngeal diseases;pulmonary disease, chronic obstructive;renal insufficiency, chronic;respiratory distress syndrome;respiratory insufficiency;respiratory tract diseases;seizures;severe acute respiratory syndrome;signs and symptoms, digestive;signs and symptoms, respiratory;substance-related disorders;vomiting
33203639	[obsolete] covid-19;abnormalities, drug-induced;adenomatous polyposis coli;arbovirus infections;chronic disease;diabetes mellitus;glucose;headache disorders, secondary;hypertension;infections;obesity;phenylalanine;pneumonia;pregnancy complications, infectious;renal insufficiency, chronic
34836825	[obsolete] covid-19;arbovirus infections;communicable diseases;death;diabetes mellitus;heart diseases;hepatitis b;hiv infections;hyperlipidemias;hypertension;infections;lung diseases;oxygen;pneumonia;viremia
33513875	[obsolete] covid-19;adjustment disorders;arbovirus infections;coinfection;critical illness;death;dysgeusia;fever;infections;leukemia, myeloid, acute;lung diseases;myelodysplastic syndromes;neoplasms;neutropenia;obesity;olfaction disorders;opportunistic infections;oxygen;pharyngeal diseases;respiratory distress syndrome;respiratory insufficiency;respiratory tract infections;tocilizumab
35512712	[obsolete] covid-19;breakthrough pain;death;hematologic diseases;hematologic neoplasms;hypotension;infections;leukemia, myeloid, acute;lymphoma;multiple myeloma;myelodysplastic syndromes;neoplasms;steroids
34519768	[obsolete] covid-19;acquired immunodeficiency syndrome;ageusia;asthenia;cardiovascular diseases;chemical and drug induced liver injury;chronic disease;communicable diseases;cough;death;diabetes mellitus;diarrhea;dyspnea;feeding and eating disorders;fever;headache;hiv infections;hypertension;infections;lung diseases;malaria;myalgia;nausea;obesity;olfaction disorders;oxygen;pneumonia;pulmonary edema;respiration disorders;respiratory distress syndrome;rhinitis;signs and symptoms, respiratory;tuberculosis;vomiting
33165674	[obsolete] covid-19;adenomatous polyposis coli;arbovirus infections;chemical and drug induced liver injury;chest pain;communicable diseases;coronavirus infections;cough;critical illness;death;dexamethasone;diabetes mellitus;disease progression;dyspnea;fatigue;fever;fibrosis;heart failure;hypertension;hypoxia;infections;leukocytosis;lopinavir-ritonavir drug combination;lung diseases;lung diseases, interstitial;methylprednisolone;neoplasms;obesity;pneumonia;pneumonia, viral;pulmonary embolism;pulmonary fibrosis;respiratory insufficiency
35194549	[obsolete] covid-19;adjustment disorders;anxiety;attention deficit disorder with hyperactivity;chronic disease;hydroxychloroquine;johnson neuroectodermal syndrome;mental disorders;obsessive-compulsive disorder;panic disorder;psychotic disorders
33364344	[obsolete] covid-19;infections;mouth diseases
33588706	[obsolete] covid-19;adjustment disorders;anxiety;chronic disease;cognition disorders;congenital disorder of glycosylation type 1d;death;fractures, bone;infections;neoplasms;pain;psychological distress;respiratory distress syndrome;sleep initiation and maintenance disorders;sleep wake disorders;sodium dodecyl sulfate;stress disorders, post-traumatic;wounds and injuries
32721925	[obsolete] covid-19;anxiety;cardiovascular diseases;chronic disease;coronavirus infections;death;diabetes mellitus;infections;kidney diseases;obesity;pneumonia, viral;psychological distress
34110314	[obsolete] covid-19;basal cell carcinoma;breast neoplasms;fractures, bone;head and neck neoplasms;neoplasms;wounds and injuries
34611034	[obsolete] covid-19;acute disease;anemia;anxiety;arbovirus infections;arthralgia;chest pain;coinfection;death;diarrhea;drug hypersensitivity;edetic acid;fatigue;fatigue syndrome, chronic;fever;flushing;gastrointestinal diseases;headache;headache disorders, secondary;histamine;hypertension;immune system diseases;infections;inflammation;myalgia;neoplasms;pain;pneumonia;sleep initiation and maintenance disorders;urticaria
35282893	[obsolete] covid-19;breakthrough pain;carcinoma;death;edema;infections;lung diseases;lung injury;pneumonia;pulmonary edema;respiratory distress syndrome;respiratory insufficiency;respiratory tract diseases;weight loss;wounds and injuries
35439249	[obsolete] covid-19;aluminum;carbon;carbon dioxide;cold injury;head and neck neoplasms;hypertension;learning disabilities;myotonic dystrophy;parkinson disease;polymers;polypropylenes;polystyrenes;silver
34803818	[obsolete] covid-19;anxiety;infections;learning disabilities
32794209	[obsolete] covid-19;olfaction disorders;seizures;taste disorders
32694498	[obsolete] covid-19;aspirin;blood coagulation disorders;blood coagulation disorders, inherited;chronic disease;coronavirus infections;creatinine;critical illness;death;diarrhea;disseminated intravascular coagulation;dyslipidemias;emphysema;fever;headache;heart arrest;heparin;infarction;inflammation;iodine;lactic acid;lung diseases;lung injury;lymphopenia;myalgia;oxygen;pharyngeal diseases;pneumonia;pneumonia, viral;pulmonary edema;pulmonary embolism;respiratory distress syndrome;respiratory tract diseases;seizures;sepsis;stenosis, pulmonary artery;thrombocytopenia;thromboembolism;thrombophilia;thrombosis;thrombotic microangiopathies;venous thromboembolism;wounds and injuries
34790223	[obsolete] covid-19;fatigue;macular degeneration;muscular diseases;myoclonus;myotonic dystrophy;nephrotic syndrome;respiratory distress syndrome;respiratory insufficiency
32268212	[obsolete] covid-19;arbovirus infections;arthritis;arthritis, juvenile;autoimmune diseases;biomarkers;chloroquine;communicable diseases;coronavirus infections;cough;death;encephalitis;fever;hereditary breast and ovarian cancer syndrome;hydroxychloroquine;hyperferritinemia, hereditary, with congenital cataracts;infections;inflammation;leukopenia;lupus erythematosus, systemic;lymphohistiocytosis, hemophagocytic;macrophage activation syndrome;papillomavirus infections;pneumonia, viral;remdesivir;respiratory insufficiency;sepsis;shock, septic;tocilizumab
34595468	[obsolete] covid-19;acute kidney injury;anemia;cardiovascular diseases;cough;creatinine;death;dyspnea;fatigue;fever;heart diseases;hepatitis b;infections;inflammation;lung diseases;lymphoma, b-cell;neoplasms;pancreatitis;pulmonary disease, chronic obstructive;respiratory distress syndrome;respiratory tract diseases;sepsis
34407607	[obsolete] covid-19;abdominal pain;alanine;arbovirus infections;blood coagulation disorders;blood coagulation disorders, inherited;brain diseases;carcinoma, hepatocellular;cardiomyopathy, dilated;cardiovascular diseases;cerebral hemorrhage;cerebral infarction;chemical and drug induced liver injury;colorectal neoplasms;cystic fibrosis;death;disseminated intravascular coagulation;drug-related side effects and adverse reactions;dyspnea;edetic acid;genetic diseases, inborn;glycosaminoglycans;headache;hematologic diseases;hemorrhage;heparin;heparin, low-molecular-weight;immunologic deficiency syndromes;infarction;infections;inflammation;ischemia;johnson neuroectodermal syndrome;leukocytosis;leukopenia;macrophage activation syndrome;myocardial infarction;neoplasms;nervous system diseases;neutropenia;polysorbates;pulmonary embolism;respiratory tract diseases;shock;sinus thrombosis, intracranial;steroids;stroke;thrombocytopenia;thromboembolism;thrombosis;thrombotic microangiopathies;vaccines;venous thromboembolism;venous thrombosis;vision disorders;vomiting
34665318	[obsolete] covid-19;cataract;cross infection;death;fractures, bone;infections
33388064	[obsolete] covid-19;adjustment disorders;aicardi syndrome;alcohols;anxiety;carcinoma;diabetes mellitus;diabetes mellitus, type 2;hypertension;infections;mental disorders;migraine disorders;psychological distress;salts;sleep initiation and maintenance disorders;water
32253318	[obsolete] covid-19;acute coronary syndrome;acute kidney injury;arbovirus infections;arthralgia;bilirubin;cardiovascular diseases;cerebrovascular disorders;chest pain;chloroquine;chronic disease;coinfection;communicable diseases;coronavirus infections;cough;critical illness;cross infection;death;diarrhea;drug hypersensitivity;dyspnea;fever;headache;hemorrhagic fever, ebola;hepatitis b;hypertension;infections;inflammation;liver failure;lopinavir-ritonavir drug combination;lung diseases;lung injury;lymphopenia;methylene blue;methylprednisolone;moxifloxacin;multiple organ failure;myalgia;myocarditis;nausea;oseltamivir;oxygen;pharyngeal diseases;pneumonia;pneumonia, viral;remdesivir;respiration disorders;respiratory distress syndrome;respiratory tract infections;ribavirin;sodium citrate;umifenovir;viremia;vomiting;zoonoses
32301809	coronavirus infections;cross infection;pneumonia, viral
32352535	[obsolete] covid-19;acute disease;acute kidney injury;acute lung injury;adjustment disorders;ageusia;aldosterone;anemia;angiotensin-converting enzyme inhibitors;arbovirus infections;arrhythmias, cardiac;arthritis, juvenile;arthritis, rheumatoid;atherosclerosis;atrial fibrillation;atrioventricular block;autoimmune diseases;bacterial infections;blood coagulation disorders, inherited;breast neoplasms;camostat;carbohydrates;cardiomyopathies;cardiomyopathy, dilated;cardiotoxicity;cardiovascular diseases;chemical and drug induced liver injury;chest pain;chloroquine;cholesterol;chronic kidney disease-mineral and bone disorder;chronobiology disorders;communicable diseases;copper;corneal endothelial dystrophy type 2;coronary artery disease;coronavirus infections;cough;critical illness;cyclic neutropenia;death;death, sudden;diabetes mellitus;diarrhea;disseminated intravascular coagulation;dopamine;drug-related side effects and adverse reactions;dyspnea;estradiol;fatigue;fever;fibrosis;gastrointestinal diseases;glucose;headache;heart block;heart diseases;heart failure;heart injuries;heart valve diseases;hematologic diseases;hemorrhage;hiv infections;hydrocortisone;hydroxychloroquine;hypertension;hypokalemia;hypokinesia;hypotension;hypothalamic neoplasms;hypoxia;immune system diseases;infections;inflammation;infliximab;ischemia;kidney diseases;lipids;long qt syndrome;lopinavir-ritonavir drug combination;losartan;lung diseases;lung diseases, interstitial;lung injury;lymphohistiocytosis, hemophagocytic;lymphopenia;metabolic diseases;metabolic syndrome;methylprednisolone;microvascular angina;multiple organ failure;multiple sclerosis;myalgia;myocardial infarction;myocarditis;necrosis;neoplasms;neurologic manifestations;norepinephrine;obesity;olfaction disorders;ovarian neoplasms;oxygen;pain;pericardial effusion;pharyngeal diseases;pleural effusion;pneumonia;pneumonia, viral;pneumothorax;potassium;psychological distress;pulmonary arterial hypertension;pulmonary disease, chronic obstructive;pulmonary embolism;remdesivir;renal insufficiency, chronic;respiratory distress syndrome;respiratory insufficiency;respiratory tract diseases;respiratory tract infections;ribavirin;sarilumab;sepsis;serine;severe acute respiratory syndrome;shock;signs and symptoms, respiratory;steroids;stroke;tachycardia;tachycardia, ventricular;testosterone;thrombosis;tocilizumab;ventricular dysfunction;ventricular dysfunction, left;ventricular fibrillation;ventricular remodeling;wounds and injuries
34567255	[obsolete] covid-19;breast neoplasms;cardiovascular diseases;chronic disease;colorectal neoplasms;coronavirus infections;death;diabetes mellitus;fibrosis;infections;neoplasm metastasis;neoplasms
35126566	[obsolete] covid-19;aluminum;arginine;aspartic acid;cold injury;communicable diseases;copper;coronavirus infections;cough;cysteine;death;distal myopathies;folic acid;glutamic acid;glutamine;glycine;hemorrhagic fever with renal syndrome;hydrogen;infections;iron;lipids;lipopolysaccharides;metals;myoclonus;myotonic dystrophy;ozone;silver;substance-related disorders;tuberculosis;vitamin b 12;water
33822099	[obsolete] covid-19;death
32762083	[obsolete] covid-19;coronary artery disease;diabetes mellitus;encephalitis;hypoxia;leukoencephalopathies;obesity;parkinson disease;thrombosis;wounds and injuries
34343468	[obsolete] covid-19;death;diabetes mellitus;hypertension
35051130	[obsolete] covid-19;johnson neuroectodermal syndrome
32878481	[obsolete] covid-19;aerosols;asthma;cardiovascular diseases;communicable diseases;coronavirus infections;cough;cryopyrin-associated periodic syndromes;death;diabetes mellitus;drug hypersensitivity;infections;mucocutaneous lymph node syndrome;pneumonia;pneumonia, viral;respiratory tract diseases;respiratory tract infections;shock, septic;tuberculosis;zoonoses
32813879	[obsolete] covid-19;coronavirus infections;diabetes mellitus;disease progression;pneumonia, viral
35308745	[obsolete] covid-19;abdominal pain;ascorbic acid;coronavirus infections;cough;death;diarrhea;dyspnea;enoxaparin;gastrointestinal diseases;genetic diseases, inborn;hypertension;hypoxia;infections;methylprednisolone;multiple organ failure;muscle weakness;oxygen;pancreatitis;pulmonary embolism;stenosis, pulmonary artery
34436248	[obsolete] covid-19;adenosine;adenosine triphosphate;antiviral agents;arbovirus infections;arginine;baricitinib;constipation;coronavirus infections;death;dexamethasone;drug-related side effects and adverse reactions;headache;histidine;hiv infections;hydrogen;hypokalemia;hypotension;infections;inflammation;lysine;nausea;neoplasms;neuroblastoma;parasitic diseases;phosphates;polymers;polysaccharides;quercetin;remdesivir;respiratory insufficiency;respiratory tract diseases;water
35169259	[obsolete] covid-19;arbovirus infections;chronic disease;fatigue;fatigue syndrome, chronic;fractures, open;headache disorders, secondary;immunologic deficiency syndromes;infections;memory disorders
35259642	[obsolete] covid-19;anxiety;communicable diseases;death;fatigue;infections;infertility, female;psychological distress;seizures
34804509	[obsolete] covid-19;acquired immunodeficiency syndrome;communicable diseases;coronavirus infections;death;fever;hiv infections;infections;paralysis;severe acute respiratory syndrome;substance-related disorders
35392309	[obsolete] covid-19;alzheimer disease;cardiac output, low;death;hypokinesia;muscle rigidity;neurodegenerative diseases;parkinson disease;parkinson disease, secondary
32330531	[obsolete] covid-19;coronavirus infections;death;fallopian tube diseases;hematuria;infections;pain;pneumonia, viral
34966387	[obsolete] covid-19;alanine;amines;arbovirus infections;bulbospinal neuronopathy, x-linked recessive;carbon;carbon dioxide;death;edema;edetic acid;eosine yellowish-(ys);formaldehyde;gentian violet;glycine;hematoxylin;hepes;histidine;hydrochloric acid;hydrogen;immunologic deficiency syndromes;infections;inflammation;kidney diseases;lung diseases;octoxynol;paraffin;penicillins;pneumonia;polysorbates;sodium chloride;streptomycin
34867130	[obsolete] covid-19;acetonitrile;amides;arbovirus infections;biotin;hydrochloric acid;sodium chloride;water
33073247	[obsolete] covid-19
32661235	[obsolete] covid-19;acquired immunodeficiency syndrome;acute kidney injury;adenocarcinoma;adenosine triphosphate;alzheimer disease;aneurysm;antiviral agents;arbovirus infections;arginine;ascorbic acid;atherosclerosis;autoimmune diseases;bacterial infections;breast neoplasms;calcium;carcinoma, hepatocellular;carcinoma, squamous cell;cardiovascular diseases;chemical and drug induced liver injury;cholesterol;chronic disease;coinfection;communicable diseases;coronary artery disease;coronavirus infections;critical illness;cysteine;death;dehydration;dementia;dexamethasone;drug-related side effects and adverse reactions;encephalitis;enfermedades del sistema nervioso central;epstein-barr virus infections;estradiol;exanthema;fever;fibrosis;flavivirus infections;flavonoids;gastroenteritis;genetic diseases, inborn;glucose;glutathione;glycine;head and neck neoplasms;heart arrest;heart failure;hemorrhagic fever with renal syndrome;heparin;hepatitis b;hepatitis c;hepatitis c, chronic;hepatitis e;hepatitis, viral, human;heredodegenerative disorders, nervous system;hiv infections;huntington disease;hypoxia;immunologic deficiency syndromes;infections;inflammation;iron;leucine;leukemia;leukemia, myeloid;lipids;lipopolysaccharides;liver cirrhosis;liver diseases;liver failure;lung neoplasms;lymphatic diseases;lymphoma;melanoma;mitochondrial diseases;mouth diseases;multiple myeloma;multiple sclerosis;necrosis;neonatal herpes;neoplasms;neuroblastoma;neurocognitive disorders;neurodegenerative diseases;neurotoxicity syndromes;nitrogen;opportunistic infections;oxygen;pancreatic neoplasms;papillomavirus infections;parkinson disease;peptides;pneumonia, viral;poliomyelitis;proline;prostatic neoplasms;psychological distress;quercetin;reactive oxygen species;respiratory distress syndrome;respiratory tract diseases;respiratory tract infections;rotavirus infections;sepsis;serine;signs and symptoms, respiratory;skin neoplasms;steroids;stomach neoplasms;stroke;testosterone;ulcer;urinary bladder neoplasms;water;williams syndrome
35051664	[obsolete] covid-19;aneurysm;blood coagulation disorders;cadmium;calcium;cataract;cerebrovascular disorders;chloroquine diphosphate;conjunctivitis;corneal endothelial dystrophy type 2;coronary artery disease;coronavirus infections;cough;diabetes mellitus;diarrhea;disseminated intravascular coagulation;dyspnea;encephalitis;enfermedades del sistema nervioso central;fatigue;fever;glaucoma;hydroxychloroquine;hypoxia;infections;inflammation;ischemia;lopinavir-ritonavir drug combination;macular degeneration;methylprednisolone;myalgia;ocular hypertension;oxygen;pain;refractive errors;respiratory tract diseases;retinal diseases;rheumatic diseases;sepsis;signs and symptoms, respiratory;thromboembolism;thrombosis;vascular system injuries;vasculitis;vision disorders;vomiting;wounds and injuries
32494062	[obsolete] covid-19;neoplasms
34824253	[obsolete] covid-19;arbovirus infections;camostat;carbon dioxide;colonic neoplasms;colorectal neoplasms;crohn disease;fallopian tube diseases;glutamine;infections;kidney diseases;lung neoplasms;oxygen;penicillins;pneumonia;polyvinylidene fluoride;respiratory tract diseases;sodium dodecyl sulfate;streptomycin;zoonoses
33400475	[obsolete] covid-19;asthma;blood coagulation disorders;chest pain;cognition disorders;coma;communicable diseases;creatinine;critical illness;death;dyspnea;epinephrine;fatigue;fibrosis;hydroxychloroquine;hypotension;hypoxia;idiopathic pulmonary fibrosis;infections;johnson neuroectodermal syndrome;lung injury;multiple organ failure;norepinephrine;oxygen;pulmonary disease, chronic obstructive;respiratory distress syndrome;respiratory insufficiency;respiratory tract diseases;sensation disorders;sepsis;tight skin contracture syndrome, lethal;williams syndrome;wounds and injuries
35453906	[obsolete] covid-19;arbovirus infections;bacterial infections;calcium;carcinoma, non-small-cell lung;cardiovascular diseases;cerebral infarction;chronic disease;coinfection;colorectal neoplasms;communicable diseases;coronary artery disease;cough;creatine;critical illness;death;diabetes mellitus;diarrhea;dyspnea;edetic acid;fever;headache;heart diseases;heart failure;heparin;hyperglycemia;hypertension;hypoxia;infections;inflammation;lung diseases;lung neoplasms;lymphopenia;multiple organ failure;myalgia;myocardial infarction;neoplasms;neurodegenerative diseases;neutrophilia, hereditary;obesity;oxygen;pulmonary disease, chronic obstructive;renal insufficiency, chronic;respiratory distress syndrome;respiratory insufficiency;rheumatic fever;sepsis;stomach neoplasms;stroke;tocilizumab;venous thromboembolism;ventricular fibrillation;vitamin d;williams syndrome
32502119	[obsolete] covid-19;alcohols;communicable diseases;coronavirus infections;death;ethanol;infections;pneumonia;pneumonia, viral;severe acute respiratory syndrome;water
32808505	[obsolete] covid-19;ovarian neoplasms
32613682	[obsolete] covid-19;brain diseases;coma;coronavirus infections;pneumonia, viral;renal insufficiency;respiratory distress syndrome;shock
34881206	[obsolete] covid-19;abdominal pain;acute kidney injury;arbovirus infections;aspirin;blood coagulation disorders;bulbospinal neuronopathy, x-linked recessive;cardiomyopathy, dilated;conjunctivitis;coronavirus infections;cough;creatinine;cryopyrin-associated periodic syndromes;dexamethasone;diarrhea;dyspnea;enoxaparin;epstein-barr virus infections;exanthema;fever;head and neck neoplasms;headache;heart diseases;heart valve diseases;hypertension, pulmonary;hypotension;infections;ischemia;lymphatic diseases;lymphopenia;macrophage activation syndrome;meropenem;mucocutaneous lymph node syndrome;multiple organ failure;nausea;norepinephrine;oxygen;pericardial effusion;pharyngeal diseases;pleural effusion;shock;shock, septic;signs and symptoms, digestive;signs and symptoms, respiratory;urea;vancomycin;vomiting
33501506	[obsolete] covid-19;adjustment disorders;ageusia;alzheimer disease;anxiety;arthralgia;brain diseases;cerebral infarction;cerebrovascular disorders;chest pain;cognition disorders;coinfection;coronavirus infections;cough;diabetes mellitus;diarrhea;dysgeusia;dyspnea;dystonia;encephalitis;fatigue;fever;headache;heredodegenerative disorders, nervous system;hydroxychloroquine;hypothalamic neoplasms;hypoxia;infections;inflammation;mental disorders;metabolic diseases;nervous system diseases;olfaction disorders;oxygen;pain;pharyngeal diseases;psychological distress;rhinitis;sleep initiation and maintenance disorders;sleep wake disorders;stress disorders, post-traumatic;stress disorders, traumatic;stroke;wounds and injuries
35441801	[obsolete] covid-19;acidosis;acute kidney injury;alcoholism;alcohols;cardiomyopathies;cardiovascular diseases;chronic disease;communicable diseases;coronavirus infections;critical illness;death;dementia;diabetes mellitus;diabetes mellitus, type 2;glucose;headache;heart diseases;hypertension;infections;ischemia;metabolic diseases;metformin;multiple organ failure;myocardial infarction;obesity;pneumonia;renal insufficiency, chronic;respiratory distress syndrome;respiratory insufficiency;severe acute respiratory syndrome;shock;tocilizumab
32688022	[obsolete] covid-19;adjustment disorders;anxiety;cardiac output, low;chronic disease;communicable diseases;coronavirus infections;cough;death;diarrhea;dizziness;fever;headache;infections;mental disorders;myalgia;pharyngeal diseases;pneumonia;pneumonia, viral;psychological distress;psychological trauma;stress disorders, post-traumatic;wounds and injuries
34735268	[obsolete] covid-19;anxiety;communicable diseases
35128648	[obsolete] covid-19;acute kidney injury;amines;aneurysm;arrhythmias, cardiac;biomarkers;blood coagulation disorders;cerebral infarction;cerebrovascular disorders;chronic disease;corneal endothelial dystrophy type 2;coronary artery disease;creatinine;critical illness;death;diabetes mellitus;enfermedades del sistema nervioso central;fever;heart failure;hematologic neoplasms;hypercapnia;hypertension;hyponatremia;hypothalamic neoplasms;hypoxia;inflammation;kidney diseases;multiple organ failure;myocardial infarction;neoplasms;obesity;oxygen;pneumonia;psychological distress;pulmonary arterial hypertension;pulmonary disease, chronic obstructive;pulmonary embolism;renal insufficiency, chronic;respiratory distress syndrome;respiratory tract infections;sepsis;shock, septic;sodium;stroke;urea;venous thromboembolism;venous thrombosis;von willebrand diseases;wounds and injuries
32398902	[obsolete] covid-19;acquired immunodeficiency syndrome;adjustment disorders;breast neoplasms;coinfection;cold injury;cough;dyspnea;fatigue;headache;hearing loss;hiv infections;infections;mercury;musculoskeletal diseases;neoplasms;occupational diseases;pain;pruritus;psychological distress;severe acute respiratory syndrome;sleep wake disorders;tuberculosis;ulcer
34491565	[obsolete] covid-19;arbovirus infections;death;dexamethasone;disseminated intravascular coagulation;fatigue syndrome, chronic;hepatitis c;hydroxychloroquine;hypotension;hypoxia;immunologic deficiency syndromes;infections;long qt syndrome;lung injury;muscle weakness;pneumonia;potassium;pulmonary edema;remdesivir;respiratory distress syndrome;water;wounds and injuries
32596482	[obsolete] covid-19;death;lung injury;nicotine;pneumonia
32252855	[obsolete] covid-19;aerosols;coronavirus infections;death;flushing;infections;pneumonia, viral;water
33880597	[obsolete] covid-19;appendicitis;congenital abnormalities;coronavirus infections;death;fallopian tube diseases;fatigue;heart defects, congenital;heart diseases;hypotrichosis;infections;inflammation;lung diseases;myotonic dystrophy;neoplasms;psychological distress;respiratory distress syndrome;thrombophilia;wounds and injuries
34008016	[obsolete] covid-19;infections
32677385	[obsolete] covid-19;cardiovascular diseases;cerebrovascular disorders;communicable diseases;coronavirus infections;cough;critical illness;death;diarrhea;fatigue;fever;headache;immune system diseases;immunologic deficiency syndromes;infections;intellectual disability;leukopenia;liver cirrhosis;liver failure;lymphatic diseases;lymphopenia;multiple organ failure;pancreatitis;pleural effusion;pneumonia;pneumonia, pneumocystis;pneumonia, viral;respiratory distress syndrome;sepsis;severe acute respiratory syndrome;signs and symptoms, respiratory
33336018	[obsolete] covid-19;abdominal pain;acute kidney injury;acute lung injury;adenocarcinoma;arbovirus infections;breast neoplasms;cardiovascular diseases;cerebrovascular disorders;colonic neoplasms;colorectal neoplasms;coronavirus infections;cough;death;diabetes mellitus;diarrhea;digestive system neoplasms;dyspnea;fever;heart diseases;hypertension;hypertension, pulmonary;infections;lung injury;lung neoplasms;muscle weakness;nausea;necrosis;neoplasms;papillary renal cell carcinoma, sporadic;pneumonia;pulmonary disease, chronic obstructive;pulmonary edema;respiratory distress syndrome;respiratory insufficiency;sarcoma;shock;signs and symptoms, respiratory;vomiting
32583347	[obsolete] covid-19;coronavirus infections;infections;oculocerebrorenal syndrome;pneumonia, viral
32386843	[obsolete] covid-19;arbovirus infections;coronavirus infections;death;infections;pneumonia, viral;seizures
32868442	[obsolete] covid-19;carbon;coronavirus infections;critical illness;death;infections;pneumonia, viral;polymers;respiratory tract diseases;water
32730222	[obsolete] covid-19;coronavirus infections;cross infection;infections;kidney diseases;pneumonia, viral;respiratory tract infections
33330343	[obsolete] covid-19;alcohols;aneurysm;cardiovascular diseases;chronic disease;communicable diseases;death;diabetes mellitus;hypertension;infections;metabolic diseases;neoplasms;neurodegenerative diseases;obesity;pneumonia;seizures
33623608	[obsolete] covid-19;coinfection;communicable diseases;cough;creatinine;death;dyspnea;fever;headache;infections;oxygen;pneumonia;tuberculosis
35281394	[obsolete] covid-19;adjustment disorders;anxiety;chronic disease;coronavirus infections;death;depression, postpartum;infections;mental disorders;nervous system diseases;psychological distress;stillbirth
34403943	[obsolete] covid-19;abnormalities, drug-induced;coronavirus infections;drug hypersensitivity;drug-related side effects and adverse reactions;formaldehyde;helium;infections;intellectual disability;lithium;nylons;polymers;polypropylenes;testosterone
34622413	[obsolete] covid-19
35464749	[obsolete] covid-19;abnormalities, drug-induced;acute kidney injury;adjustment disorders;aldosterone;anemia;arbovirus infections;arrhythmias, cardiac;arthritis, juvenile;ataxia;atrial fibrillation;baricitinib;blood coagulation disorders;brain diseases;cardiomyopathies;cardiovascular diseases;cerebrovascular disorders;chemical and drug induced liver injury;chronobiology disorders;communicable diseases;congenital abnormalities;coronavirus infections;critical illness;cryopyrin-associated periodic syndromes;death;death, sudden;diabetes mellitus;drug-related side effects and adverse reactions;dyspnea;enfermedades del sistema nervioso central;fatigue;fever;heart failure;heparin, low-molecular-weight;hepatitis c;hereditary breast and ovarian cancer syndrome;hyperferritinemia, hereditary, with congenital cataracts;hypoxia;infections;infertility, female;inflammation;iron;ischemia;liver cirrhosis;lung diseases;lung injury;lymphopenia;macrophage activation syndrome;meningitis, bacterial;movement disorders;multiple organ failure;muscle weakness;myelodysplastic syndromes;myocardial infarction;necrosis;neoplasms;nervous system diseases;obesity;ovarian neoplasms;oxygen;paralysis;pneumonia;pulmonary disease, chronic obstructive;pulmonary embolism;remdesivir;renal insufficiency, chronic;respiratory distress syndrome;respiratory insufficiency;respiratory tract diseases;respiratory tract infections;seizures;sensation disorders;sepsis;shock;shock, septic;stress disorders, post-traumatic;stroke;thrombocytopenia;thromboembolism;thrombophilia;thrombosis;tocilizumab;venous thrombosis;zoonoses
33785197	[obsolete] covid-19;coronavirus infections;critical illness;epilepsy;glucose;seizures;status epilepticus
34711266	[obsolete] covid-19;abnormalities, drug-induced;alcohols;alzheimer disease;angina pectoris;arrhythmias, cardiac;atrial fibrillation;cardiovascular diseases;cholesterol;congenital abnormalities;coronary artery disease;creatinine;death;dementia;diabetes mellitus;fatigue;heart diseases;heart valve diseases;hepatolenticular degeneration;hypertension;ischemia;kidney diseases;myocardial infarction;myotonic dystrophy;oxygen;peripheral arterial disease;renal insufficiency, chronic;salts;seizures;stroke;weight loss;williams syndrome;wounds and injuries
35126138	[obsolete] covid-19;acute kidney injury;acute lung injury;adjustment disorders;adrenal insufficiency;anemia;arrhythmias, cardiac;arthritis, juvenile;arthritis, rheumatoid;asthma;atrial fibrillation;autoimmune diseases;bacterial infections;bulbospinal neuronopathy, x-linked recessive;carcinoma, hepatocellular;cardiovascular diseases;chronic disease;chronic kidney disease-mineral and bone disorder;coinfection;coronary artery disease;critical illness;cross infection;death;diabetes mellitus;digestive system neoplasms;drug-related side effects and adverse reactions;dyslipidemias;dyspnea;favipiravir;fever;gastrointestinal diseases;heart diseases;heart failure;hemorrhage;hepatitis b;hiv infections;hydroxychloroquine;hyperglycemia;hyperkinesis;hyperlipidemias;hypertension;hyponatremia;hypothyroidism;infections;inflammation;kidney diseases;kidney failure, chronic;lopinavir-ritonavir drug combination;lung diseases;lung injury;lymphohistiocytosis, hemophagocytic;macrophage activation syndrome;meningitis, bacterial;methylprednisolone;multiple myeloma;multiple organ failure;mycoses;neoplasms;neutropenia;obesity;oxygen;pneumonia;pulmonary disease, chronic obstructive;pulmonary embolism;remdesivir;renal insufficiency, chronic;respiratory distress syndrome;respiratory insufficiency;respiratory tract diseases;respiratory tract infections;sarilumab;sepsis;severe acute respiratory syndrome;shock, septic;steroids;stroke;tacrolimus;thrombocytopenia;thromboembolism;thrombosis;tocilizumab;tuberculosis;urinary bladder neoplasms;urinary tract infections;viremia;von hippel-lindau disease
35287838	[obsolete] covid-19;adjustment disorders;aneurysm;blood coagulation disorders;cerebral infarction;critical illness;death;diabetes mellitus;hemorrhage;heparin;hypesthesia;infections;inflammation;lung diseases;movement disorders;myocardial infarction;obesity;oxygen;pain;peripheral arterial disease;respiratory insufficiency;signs and symptoms, respiratory;sleep initiation and maintenance disorders;stroke;tachycardia;thrombocytopenia;thrombophilia;thrombosis;venous thromboembolism;venous thrombosis;ventricular fibrillation
32259124	[obsolete] covid-19;coronavirus infections;death;infections
33082265	[obsolete] covid-19;azathioprine;death;inflammatory bowel diseases
33141912	[obsolete] covid-19
33779211	[obsolete] covid-19;acquired immunodeficiency syndrome;blood coagulation disorders;communicable diseases;death;diabetes mellitus;hiv infections;infections;obesity;pneumonia;pulmonary disease, chronic obstructive;renal insufficiency, chronic;respiratory distress syndrome;wounds and injuries
34541765	[obsolete] covid-19
32665985	[obsolete] covid-19;carcinoma, squamous cell;communicable diseases;coronavirus infections;cough;death;dyspnea;fatigue;fever;infections;oligonucleotides;pneumonia;sepharose;water
33532356	[obsolete] covid-19;aspirin;chloroquine;chloroquine diphosphate;coronavirus infections;creatinine;death;drug-related side effects and adverse reactions;headache;hydrochloric acid;hydroxychloroquine;infections;johnson neuroectodermal syndrome;ketamine;liver failure;malaria;methanol;remdesivir;renal insufficiency;respiratory tract diseases;severe acute respiratory syndrome;urea;uric acid;water
33644484	[obsolete] covid-19;acute kidney injury;ageusia;arbovirus infections;aspirin;atherosclerosis;atrial fibrillation;azithromycin;blood coagulation disorders;brain diseases;brain edema;brain ischemia;cerebral hemorrhage;cerebral infarction;corneal endothelial dystrophy type 2;coronary artery disease;coronavirus infections;cough;critical illness;death;delirium;diabetes mellitus;disseminated intravascular coagulation;dyspnea;enoxaparin;fever;headache;heart diseases;heart injuries;hemorrhage;heparin;hepatitis c;hiv infections;hydroxychloroquine;hypertension;immunologic deficiency syndromes;infarction;infections;inflammation;liver failure;methylprednisolone;microvascular angina;multiple organ failure;myalgia;myocardial infarction;necrosis;nerve degeneration;nervous system diseases;neurologic manifestations;obesity;olfaction disorders;oxygen;psychomotor agitation;pulmonary disease, chronic obstructive;pulmonary embolism;renal insufficiency;respiratory distress syndrome;respiratory insufficiency;respiratory tract diseases;severe acute respiratory syndrome;shock, septic;staphylococcal infections;stroke;thrombophilia;thrombosis;thrombotic microangiopathies;tocilizumab;vasculitis;venous thrombosis
34207721	[obsolete] covid-19;adjustment disorders;anxiety;breast neoplasms;fatigue;infections
32639559	[obsolete] covid-19;coronavirus infections;fever;pneumonia, viral
35255100	[obsolete] covid-19;alcohols;alexa fluor 647;arbovirus infections;dehydration;formaldehyde;heparan sulfate;hydrogen peroxide;infections;lead;lipids;lung diseases;lung neoplasms;methanol;octoxynol;oxygen;paraffin;respiratory tract diseases;respiratory tract infections;seizures;serine;sodium azide;water;zoonoses
34061905	[obsolete] covid-19;adenine;adenosine;arbovirus infections;cytosine;diarrhea;fibrosis;guanine;hepatitis b;hepatitis c;immunologic deficiency syndromes;infections;memory disorders;nitrogen;rubella
33749986	[obsolete] covid-19;antiviral agents;coronavirus infections;hydrogen;infections;serine
35087975	[obsolete] covid-19;acquired immunodeficiency syndrome;blindness;cerebral infarction;cholesterol;communicable diseases;corneal endothelial dystrophy type 2;creatinine;death;dexamethasone;diabetes mellitus;edema;eosine yellowish-(ys);fever;glucose;headache;heart arrest;helium;hematologic diseases;hematoxylin;hemorrhage;hyperglycemia;hypesthesia;hypokalemia;hyponatremia;infections;infliximab;iron;kidney diseases;kidney failure, chronic;leukemia;lipids;lymphoma;lymphopenia;meropenem;methylprednisolone;myotonic dystrophy;necrosis;neoplasms;neutropenia;nitrogen;ocular hypertension;opportunistic infections;oxygen;pain;potassium;respiratory insufficiency;retinal detachment;sinus thrombosis, intracranial;steroids;stroke;sugars;thromboembolism;ulcer;urea;vision disorders
32619319	[obsolete] covid-19
35564648	[obsolete] covid-19;arbovirus infections;asthma;barium;breast neoplasms;bronchitis;chemical and drug induced liver injury;cholesterol;cisplatin;communicable diseases;coronavirus infections;cough;cystic fibrosis;death;diarrhea;drug-related side effects and adverse reactions;fever;flavonoids;glucose;glycosaminoglycans;hepatitis c, chronic;hiv infections;hydrogen;infections;inflammation;iron;lipids;liver failure;metals;nausea;neoplasms;pain;polyphenols;quercetin;remdesivir;respiratory tract diseases;respiratory tract infections;rotavirus infections;sodium chloride;tuberculosis;water
32624433	[obsolete] covid-19;cardiovascular diseases;coronavirus infections;critical illness;death;hydroxychloroquine;infections;myocardial infarction;pain;pneumonia, viral
34782790	[obsolete] covid-19;acetone;acetonitrile;acute kidney injury;alexa fluor 647;arbovirus infections;autoimmune diseases;bacterial infections;carbohydrates;cold injury;creatinine;critical illness;cross infection;cyclic neutropenia;cysteine;cytokines;death;dexamethasone;edetic acid;heart arrest;heart failure;heparin;hypoxia;infections;inflammation;lead;lung diseases;lung injury;lung neoplasms;lymphopenia;memory disorders;meningitis, bacterial;metabolism, inborn errors;methanol;neoplasms;neutrophilia, hereditary;octoxynol;peptides;pneumonia;polypropylenes;polystyrenes;remdesivir;respiratory distress syndrome;respiratory insufficiency;respiratory tract infections;sepsis;serine;steroids;thrombocytopenia;tocilizumab;urea;water
35236317	[obsolete] covid-19;central nervous system infections;communicable diseases;death;infections;pneumonia;respiratory distress syndrome;respiratory tract infections;sepsis;signs and symptoms, respiratory;stomach neoplasms;urinary tract infections
32234343	[obsolete] covid-19;arbovirus infections;communicable diseases;coronavirus infections;death;infections;pneumonia, viral;seizures;severe acute respiratory syndrome
33392422	[obsolete] covid-19;aicardi syndrome;anxiety;coronavirus infections;death;fever;infections;ocular motility disorders;pneumonia;respiratory tract infections
34405427	[obsolete] covid-19;anti-bacterial agents;arbovirus infections;asthma;communicable diseases;doxycycline;gastroenteritis;gastrointestinal diseases;infections;pulmonary disease, chronic obstructive;respiratory tract infections;urinary tract infections
34424156	[obsolete] covid-19;acquired immunodeficiency syndrome;aneurysm;arbovirus infections;basal ganglia cerebrovascular disease;blindness;cardiovascular diseases;cerebrovascular disorders;cognition disorders;communicable diseases;congenital abnormalities;death;diabetes mellitus;diabetes mellitus, type 1;drug-related side effects and adverse reactions;encephalitis;end stage liver disease;fibrosis;genetic diseases, inborn;glucose;glycosaminoglycans;heart injuries;hemorrhage;hemorrhagic fever with renal syndrome;hepatitis c;hiv infections;hypoxia;immune system diseases;immunologic deficiency syndromes;infections;inflammation;ischemia;kidney diseases;lipopolysaccharides;lung diseases;microvascular angina;multiple organ failure;multiple sclerosis;muscle weakness;myocarditis;necrosis;neoplasms;neurocognitive disorders;obesity;olfaction disorders;pneumonia;respiratory tract diseases;retinal diseases;sepsis;shock;signs and symptoms, respiratory;stroke;substance-related disorders;thrombocytopenia;vascular system injuries;ventricular remodeling;virus diseases;vision disorders;vitamin a
32360210	[obsolete] covid-19;bilirubin;coronavirus infections;creatinine;critical illness;death;diabetes mellitus;diabetes mellitus, type 2;glucose;infections;lipids;lymphopenia;multiple organ failure;neoplasms;nitrogen;pneumonia, viral;potassium;respiratory tract diseases;urea
32301765	[obsolete] covid-19;glaucoma
35328249	[obsolete] covid-19;acute kidney injury;communicable diseases;coronavirus infections;critical illness;death;diabetes mellitus;heart failure;hypoxia;infections;inflammation;lung diseases;multiple organ failure;neoplasms;oxygen;pneumonia;pulmonary fibrosis;respiratory distress syndrome;respiratory insufficiency;respiratory tract infections;shock
34178300	[obsolete] covid-19;attention deficit disorder with hyperactivity;cognition disorders;congenital disorder of glycosylation type 1d;coronavirus infections;death;dementia;learning disabilities;mental disorders;nervous system diseases;olfaction disorders
34493506	[obsolete] covid-19;adjustment disorders;alcohols;chronic disease;cisplatin;coronavirus infections;death;drug overdose;hepatitis c;mental disorders;methadone;respiratory insufficiency;respiratory tract diseases;schizophrenia;substance-related disorders;testosterone
33251983	[obsolete] covid-19;antiviral agents;flavonoids;infections
34736445	[obsolete] covid-19;barium;communicable diseases;coronavirus infections;death;fever;infections;pneumonia;severe acute respiratory syndrome;water
32458459	[obsolete] covid-19;biomarkers;critical illness;death;hematologic neoplasms
35421155	[obsolete] covid-19;communicable diseases;coronavirus infections;heart failure;infections;poliomyelitis;severe acute respiratory syndrome;tuberculosis
34817214	[obsolete] covid-19;zoonoses
32500431	[obsolete] covid-19;adenocarcinoma;arbovirus infections;carcinoma, hepatocellular;cardiovascular diseases;chemical and drug induced liver injury;colorectal neoplasms;communicable diseases;coronavirus infections;death;fatty liver;fever;fibrosis;hepatitis c;hiv infections;infections;inflammatory bowel diseases;kidney failure, chronic;liver cirrhosis;liver diseases;liver failure;neoplasm metastasis;neoplasms;neurologic manifestations;papillary renal cell carcinoma, sporadic;pneumonia;pneumonia, viral;sarcoma;severe acute respiratory syndrome;signs and symptoms, digestive;stomach neoplasms;thrombosis
33036293	[obsolete] covid-19;amides;antiviral agents;arbovirus infections;carbon;chemical and drug induced liver injury;coronavirus infections;deuterium;diabetes mellitus;ethanol;hepatitis c;hydrochloric acid;hydrogen;iodine;lung neoplasms;mercury;neoplasms;nitrogen;pneumonia, viral;remdesivir;ribavirin;sodium chloride;sulfur;water
32652368	[obsolete] covid-19;aneurysm;arthritis, rheumatoid;cardiovascular diseases;chest pain;coronavirus infections;death;diabetes mellitus;dyspnea;fatigue;heart failure;infections;parasitic diseases;parkinson disease, secondary;pleural effusion;pulmonary arterial hypertension
34096576	[obsolete] covid-19;thrombosis
32533432	[obsolete] covid-19;coronavirus infections;mental disorders;pneumonia, viral
32717208	[obsolete] covid-19;arbovirus infections;communicable diseases;coronavirus infections;death, sudden;fractures, open;hiv infections;infections;malaria;pneumonia, viral;respiratory tract infections;tuberculosis
32539647	[obsolete] covid-19;acute lung injury;apnea;azithromycin;congenital disorder of glycosylation type 1d;coronary artery disease;coronavirus infections;death;diabetes mellitus;heart failure;hepatolenticular degeneration;hydroxychloroquine;hypertension;hypertension, pulmonary;hypoxia;infections;nitric oxide;pneumonia, viral;renal insufficiency, chronic;respiration disorders;respiratory distress syndrome;respiratory insufficiency;severe acute respiratory syndrome
35124470	[obsolete] covid-19;end stage liver disease;intestinal diseases
33988145	[obsolete] covid-19;arbovirus infections;carbon;cross infection;death;hemorrhagic fever with renal syndrome;infections;inflammation;kidney diseases;respiratory tract infections;rubella;severe acute respiratory syndrome;stenosis, pulmonary artery;water
35030101	[obsolete] covid-19;adenomatous polyposis coli;amines;autoimmune diseases;biotin;calcium;carbon dioxide;communicable diseases;dimethyl sulfoxide;edetic acid;glutamine;hepes;infections;johnson neuroectodermal syndrome;lead;lymphopenia;magnesium;memory disorders;multiple sclerosis;nitrogen;paraform;polysorbates;rituximab;sodium azide;steroids
35433558	[obsolete] covid-19;asthenia;coronavirus infections;critical illness;death;diarrhea;fever;infections;severe acute respiratory syndrome;water
33670316	[obsolete] covid-19;agar;arbovirus infections;azithromycin;bacterial infections;ceftriaxone;coinfection;coronary artery disease;critical illness;death;dexamethasone;diabetes mellitus;diabetes mellitus, type 2;hiv infections;hydroxychloroquine;hypertension;infections;liver failure;mycoses;obesity;oxygen;pneumonia;renal insufficiency, chronic;respiration disorders;respiratory distress syndrome;respiratory tract infections;sodium chloride;steroids
34747190	[obsolete] covid-19;death;drug-related side effects and adverse reactions;hematologic neoplasms;infections;inflammation;lymphoma;melanoma;mycophenolic acid;neoplasms;neurocognitive disorders;rituximab;ruxolitinib
33883315	[obsolete] covid-19;gaucher disease;genetic diseases, inborn;infections;metabolism, inborn errors
32500589	[obsolete] covid-19;biomarkers;coronavirus infections;heparin;pneumonia, viral
34958284	[obsolete] covid-19;acquired immunodeficiency syndrome;arrhythmias, cardiac;atrial fibrillation;azithromycin;cardiomyopathies;cardiovascular diseases;chloroquine;cholesterol;communicable diseases;cough;critical illness;diabetes mellitus;dizziness;dopamine;drug-related side effects and adverse reactions;dyslipidemias;estradiol;genetic diseases, inborn;glutathione;heart diseases;heart failure;heart valve diseases;hemorrhage;hiv infections;hydroxychloroquine;hypertension;ibuprofen;infections;lopinavir;lopinavir-ritonavir drug combination;losartan;macrolides;malaria;muscular diseases;neurotoxicity syndromes;pain;pulmonary embolism;ribavirin;stroke;tacrolimus;thromboembolism;thrombosis;venous thromboembolism;venous thrombosis;weight gain
33902480	[obsolete] covid-19;amides;antiviral agents;azithromycin;cardiovascular diseases;ceftriaxone;cerebrovascular disorders;chloroquine;coinfection;communicable diseases;coronavirus infections;cough;creatinine;cross infection;death;diabetes mellitus;diarrhea;disease progression;dyslipidemias;dyspnea;favipiravir;fever;fibrosis;headache;heredodegenerative disorders, nervous system;hydroxychloroquine;hypertension;hypotrichosis;infections;kidney diseases;leukopenia;liver diseases;long qt syndrome;lopinavir;lopinavir-ritonavir drug combination;lung diseases;lymphopenia;meropenem;multiple organ failure;myalgia;nausea;nitrogen;obesity;oseltamivir;oxygen;pharyngeal diseases;pneumonia;remdesivir;renal insufficiency, chronic;respiratory distress syndrome;respiratory insufficiency;respiratory tract infections;ritonavir;sepsis;severe acute respiratory syndrome;shock, septic;signs and symptoms, respiratory;tocilizumab;urea;vancomycin;water
34975646	[obsolete] covid-19;adjustment disorders;anxiety;deuterium;feeding and eating disorders;genetic diseases, inborn;obsessive-compulsive disorder;panic disorder;psychological trauma
34178332	[obsolete] covid-19;acetaminophen;adrenal insufficiency;alcohols;arbovirus infections;autoimmune diseases;calcium;creatinine;dehydration;diabetes mellitus;diabetes mellitus, type 1;dizziness;drug hypersensitivity;exanthema;fatigue;fever;glucose;heart block;hematologic diseases;hydroxychloroquine;hyperglycemia;hypothyroidism;infections;magnesium;muscle weakness;oseltamivir;oxygen;pancreatitis;proteinuria;respiratory distress syndrome;tachycardia;urea;weight loss;xerostomia
34610907	[obsolete] covid-19;death;fever;infections;meningococcal infections
32653855	[obsolete] covid-19;adjustment disorders;anxiety;chronic disease;coronavirus infections;death;depression, postpartum;infections;mental disorders;psychological distress;psychoses, substance-induced;severe acute respiratory syndrome
32558002	[obsolete] covid-19;ageusia;brain diseases;cerebrovascular disorders;consciousness disorders;headache;heredodegenerative disorders, nervous system;infections;myalgia;olfaction disorders;psychomotor agitation
34986676	[obsolete] covid-19;asthma;congenital disorder of glycosylation type 1d;coronary artery disease;coronavirus infections;death;diabetes mellitus;hyperlipidemias;hypertension;infections;inflammation;oxygen;pneumonia;pulmonary disease, chronic obstructive;respiratory insufficiency;respiratory tract infections
32592835	[obsolete] covid-19;coronavirus infections;diabetes mellitus;diabetes mellitus, type 2;glucose;hypotension;kidney diseases
33862667	[obsolete] covid-19;adjustment disorders;anxiety
34268819	[obsolete] covid-19;aerosols;infections
35263375	[obsolete] covid-19;chronic disease;crohn disease;death;drug hypersensitivity;hiv infections;hypertension;infections;sexual dysfunctions, psychological
32502597	[obsolete] covid-19;acidosis;acute kidney injury;coronavirus infections;hypertension;hyponatremia;infections;kidney diseases;pneumonia, viral;potassium;respiratory insufficiency
34075622	[obsolete] covid-19;chronic disease;cognition disorders;communicable diseases;dementia;diabetes mellitus;hiv infections;infections;lung diseases
32508391	[obsolete] covid-19
33461626	[obsolete] covid-19;aerosols;cerebral hemorrhage;cerebral infarction;coronavirus infections;cough;critical illness;cross infection;death;diabetes mellitus;fatigue;fever;heart diseases;hypertension;infections;pneumonia;respiratory distress syndrome;water;wounds and injuries
32609380	[obsolete] covid-19;coronavirus infections;pneumonia, viral
33444411	[obsolete] covid-19;bradycardia;coronary artery disease;coronavirus infections;cough;critical illness;death;dexamethasone;diabetes mellitus;diarrhea;dyspnea;end stage liver disease;enoxaparin;fever;fibrosis;hydroxychloroquine;hyperkinesis;hypertension;hypoxia;infections;liver diseases;lopinavir-ritonavir drug combination;melanoma;methylprednisolone;necrosis;neoplasms;obesity;oxygen;pulmonary disease, chronic obstructive;renal insufficiency, chronic;sarilumab;severe acute respiratory syndrome;signs and symptoms, respiratory;steroids;tocilizumab;urea
33458805	[obsolete] covid-19;asthma;bronchitis;carcinoma, squamous cell;coronavirus infections;death;diabetes mellitus;eosine yellowish-(ys);erythema;fever;heart diseases;hematoxylin;hypotension;inflammation;melanoma;neoplasm metastasis;neoplasms;obesity;renal insufficiency, chronic;skin neoplasms;steroids;ulcer
33742196	[obsolete] covid-19;vitamin d
32387409	[obsolete] covid-19;abdominal pain;antiviral agents;arrhythmias, cardiac;azithromycin;bacterial infections;cardiotoxicity;ceftriaxone;chloroquine;communicable diseases;coronary artery disease;coronavirus infections;cough;death;death, sudden;diabetes mellitus;diarrhea;doxycycline;drug hypersensitivity;exanthema;fever;genetic diseases, inborn;headache;heart diseases;hydroxychloroquine;hypertension;hypokalemia;infections;long qt syndrome;lopinavir;lopinavir-ritonavir drug combination;metformin;myocarditis;neoplasms;oxygen;pneumonia;pneumonia, viral;potassium;respiratory distress syndrome;respiratory insufficiency;respiratory tract diseases;respiratory tract infections;ritonavir;severe acute respiratory syndrome;signs and symptoms, digestive;sleep initiation and maintenance disorders;steroids;umifenovir;urticaria;vision disorders
34193982	[obsolete] covid-19;dopamine;glaucoma;infections;macular degeneration;refractive errors;retinal detachment;retinal diseases;sleep deprivation;vision disorders
34588946	[obsolete] covid-19;abnormalities, drug-induced;acute kidney injury;aldosterone;arbovirus infections;azithromycin;bacterial infections;blood coagulation disorders;cardiovascular diseases;central nervous system infections;chloroquine;chloroquine diphosphate;coronavirus infections;cough;creatinine;critical illness;death;diabetes mellitus;dyspnea;encephalitis;fatigue;fever;fibrosis;glucose;heparin;heparin, low-molecular-weight;hepatitis b;hydroxychloroquine;hyperkinesis;hypertension;hypotension;hypoxia;infections;inflammation;kidney diseases;lipids;lopinavir-ritonavir drug combination;lymphopenia;macrolides;microvascular angina;olfaction disorders;oxygen;pulmonary embolism;remdesivir;respiratory distress syndrome;respiratory insufficiency;respiratory tract diseases;sepsis;severe acute respiratory syndrome;shock;signs and symptoms, digestive;tetany;thrombophilia;thrombosis;tocilizumab;venous thrombosis;von willebrand diseases
35018049	[obsolete] covid-19;carbon;chlorhexidine;communicable diseases;cough;death;infections;water
35503234	[obsolete] covid-19;arbovirus infections;ascorbic acid;chronic disease;communicable diseases;congenital disorder of glycosylation type 1d;death;dyspnea;gastrointestinal diseases;infections;myalgia;renal insufficiency;respiratory insufficiency;respiratory tract infections;stroke;vitamin d
34834586	[obsolete] covid-19;aldosterone;arthritis, rheumatoid;ascorbic acid;blood coagulation disorders;chloroquine;critical illness;death;drug hypersensitivity;dyspnea;fatigue;heparin;hereditary breast and ovarian cancer syndrome;infections;multiple organ failure;nervous system diseases;neurologic manifestations;pain;pulmonary fibrosis;respiration disorders;respiratory distress syndrome;respiratory insufficiency;tocilizumab;vancomycin
34177254	[obsolete] covid-19
34713472	[obsolete] covid-19
34897635	[obsolete] covid-19;acute kidney injury;chronic kidney disease-mineral and bone disorder;death;dystonia;heart diseases;infections;kidney diseases;renal insufficiency, chronic;urinary tract infections
34179404	[obsolete] covid-19;anemia;anxiety;congenital disorder of glycosylation type 1d;fatigue;nervous system diseases;psychological distress;tremor;vitamin b 12
34683149	[obsolete] covid-19;bacterial infections;breast neoplasms;coronavirus infections;death;infections;learning disabilities;neoplasms;oculocerebral hypopigmentation syndrome type preus;respiratory tract infections;retinal diseases
34594139	[obsolete] covid-19;anxiety;communicable diseases;death;infections;respiratory tract infections;seizures;severe acute respiratory syndrome
34623194	[obsolete] covid-19;arbovirus infections;asthma;cardiovascular diseases;congenital disorder of glycosylation type 1d;death;diabetes mellitus;hypertension;infections;lung diseases;lung injury;malocclusion;multiple organ failure;obesity;pneumonia;pulmonary disease, chronic obstructive;respiratory insufficiency;respiratory tract diseases
35320487	[obsolete] covid-19;cardiovascular diseases;chronic disease;death;diabetes mellitus;hyperlipidemias;hypertension;infections;inflammation;lung diseases;lung injury;metabolic syndrome;myotonic dystrophy;neoplasms;obesity;oxygen;parkinson disease;prostatic neoplasms;pulmonary embolism;renal insufficiency, chronic;respiratory distress syndrome;respiratory insufficiency;serine;sugars;testosterone;viremia
34706272	[obsolete] covid-19;adenocarcinoma;alexa fluor 647;arbovirus infections;basal ganglia diseases;breakthrough pain;calcium;cardiovascular diseases;cognitive dysfunction;coronavirus infections;creatinine;dapi;death;diabetes complications;diabetes mellitus;dimethyl sulfoxide;edetic acid;gastrointestinal diseases;glucose;heredodegenerative disorders, nervous system;hiv infections;hypertension;hypotension;infections;inflammation;ketamine;learning disabilities;leukopenia;lung diseases;memory disorders;neoplasms;nephrotic syndrome;nerve degeneration;nitrogen;phospholipids;pneumonia;signs and symptoms, respiratory;thrombosis;urea;uric acid;water
32220243	[obsolete] covid-19;adjustment disorders;anxiety;cross infection;death;infections;psychological distress;severe acute respiratory syndrome;sleep initiation and maintenance disorders
32363809	[obsolete] covid-19;coronavirus infections;dyspnea;fever;myalgia;pharyngeal diseases;pneumonia, viral
34142877	[obsolete] covid-19;anxiety
34193877	[obsolete] covid-19;acute kidney injury;aldosterone;angiotensin-converting enzyme inhibitors;blood coagulation disorders;cardiovascular diseases;corneal endothelial dystrophy type 2;coronavirus infections;critical illness;death;dehydration;dexamethasone;diabetes mellitus;hydroxychloroquine;hypertension;infections;kidney diseases;remdesivir;renal insufficiency, chronic;respiratory distress syndrome;wounds and injuries
32610808	[obsolete] covid-19;death;infections;neoplasms;oxygen;pain
32589348	[obsolete] covid-19;coronavirus infections;infections;pneumonia, viral;stroke
33351828	[obsolete] covid-19;death;hepatitis b;infections;inflammation;lung neoplasms;melanoma;neoplasms;serine;severe acute respiratory syndrome
33541486	[obsolete] covid-19;coronavirus infections;death;dementia;feeding and eating disorders;infections;lethargy;muscle weakness
34281994	[obsolete] covid-19;mental disorders
34535859	[obsolete] covid-19;carbon dioxide;death;infections;malaria;mycoses;myocardial infarction;nitric oxide;oxygen;paralysis;pneumonia;sepsis;steroids;sulfur;water
32357378	[obsolete] covid-19;coronavirus infections;head and neck neoplasms;neoplasms;pneumonia, viral;respiratory distress syndrome
34728719	[obsolete] covid-19;arbovirus infections;bacterial infections;breast neoplasms;cardiovascular diseases;coinfection;coronavirus infections;critical illness;death;fever;hypotension;infections;inflammation;influenza, human;lymphopenia;macrophage activation syndrome;neoplasms;neutrophilia, hereditary;oxygen;paralysis;pneumonia;respiratory distress syndrome;respiratory insufficiency;respiratory syncytial virus infections;respiratory tract infections;rheumatic diseases;sarcoma;signs and symptoms, respiratory;triglycerides
34780978	[obsolete] covid-19;antiviral agents;azithromycin;chloroquine;death;dyspnea;hydroxychloroquine;hypertension;infections;lopinavir-ritonavir drug combination;wounds and injuries
35081177	[obsolete] covid-19;coronavirus infections
32527570	[obsolete] covid-19;acidosis;acute kidney injury;antiviral agents;arbovirus infections;carcinoma, squamous cell;communicable diseases;coronavirus infections;death;dyspnea;enoxaparin;hydroxychloroquine;hypertension;infections;inflammation;kidney failure, chronic;lopinavir-ritonavir drug combination;neoplasms;oxygen;pneumonia;pneumonia, viral;pulmonary disease, chronic obstructive;respiratory insufficiency;respiratory tract infections
32701938	[obsolete] covid-19;chest pain;coronavirus infections;cough;death;diarrhea;dyspnea;fatigue;fever;headache;infections;myalgia;pharyngeal diseases;pneumonia, viral;vomiting
34877562	[obsolete] covid-19;aluminum;asthma;carbon;carbon monoxide;death;iron;lung neoplasms;nitrogen;ozone;pneumonia;respiratory tract infections
34591874	[obsolete] covid-19;chronic disease;communicable diseases;coronavirus infections;death;fever;infections;kidney diseases;tuberculosis
35126030	[obsolete] covid-19;adjustment disorders;anxiety;death;infections;learning disabilities;mental disorders;psychological distress;stress disorders, post-traumatic;stress disorders, traumatic;wounds and injuries
34273304	[obsolete] covid-19;adjustment disorders;anxiety;arbovirus infections;ataxia;bipolar disorder;brain diseases;brain ischemia;cardiovascular diseases;cerebral hemorrhage;cerebral infarction;cerebrovascular disorders;communicable diseases;coronavirus infections;critical illness;cryopyrin-associated periodic syndromes;death;demyelinating diseases;dystonia;edema;encephalitis;encephalomyelitis, acute disseminated;epilepsy;exanthema;fatigue;fever;genetic diseases, inborn;glucose;glutamic acid;headache;hemorrhage;heredodegenerative disorders, nervous system;hypotension;infections;inflammation;infliximab;ischemia;leukocytosis;leukoencephalopathies;lymphohistiocytosis, hemophagocytic;meningitis;mental disorders;methylprednisolone;movement disorders;mucocutaneous lymph node syndrome;multiple sclerosis;muscular diseases;myelitis;neoplasms;nervous system diseases;neuroblastoma;neurocognitive disorders;prednisolone;psychoses, substance-induced;seizures;sensation disorders;shock;signs and symptoms, respiratory;sinus thrombosis, intracranial;status epilepticus;steroids;stress disorders, traumatic;stroke;subarachnoid hemorrhage;tocilizumab
35309721	[obsolete] covid-19;acquired immunodeficiency syndrome;communicable diseases;death;infections;williams syndrome;wounds and injuries
35518554	[obsolete] covid-19;anxiety
32527466	[obsolete] covid-19;alcohols;atherosclerosis;carbon monoxide;cardiovascular diseases;coronary artery disease;coronavirus infections;death;dyslipidemias;heart failure;histamine;infections;inflammation;ischemia;lung diseases;nitrogen;ozone;pneumonia, viral;respiratory tract diseases;thrombosis
34316049	[obsolete] covid-19;acquired immunodeficiency syndrome;adjustment disorders;anxiety;chronic disease;critical illness;death;headache disorders, secondary;heart arrest;infections;obsessive-compulsive disorder;paranoid disorders;pneumonia;psychological distress;psychoses, substance-induced;schizophrenia;subarachnoid hemorrhage;tight skin contracture syndrome, lethal;water;wounds and injuries
35149232	[obsolete] covid-19;vaccines
32842607	[obsolete] covid-19;acquired immunodeficiency syndrome;alcohols;communicable diseases;coronavirus infections;death;fractures, open;hemorrhagic fever, ebola;hiv infections;occupational diseases;pneumonia;respiration disorders;severe acute respiratory syndrome;wounds and injuries
34748218	[obsolete] covid-19;death;wounds and injuries
32680602	[obsolete] covid-19;abdominal pain;cardiac output, low;conjunctivitis;coronavirus infections;cough;critical illness;death;diabetes mellitus;fever;hypertension;hypothyroidism;hypoxia;infections;myalgia;olfaction disorders;pain;pruritus;respiratory distress syndrome;skin diseases;water;xerostomia
35336843	[obsolete] covid-19;acetone;adenomatous polyposis coli;anemia;aneurysm;arbovirus infections;arthralgia;arthritis, rheumatoid;bipolar disorder;carcinoma, hepatocellular;chemical and drug induced liver injury;chronic disease;cold injury;coronary artery disease;coronavirus infections;cough;critical illness;crohn disease;death;dizziness;feeding and eating disorders;fever;fibrosis;headache;hepatitis b;hepatitis c, chronic;hypoalbuminemia;hypoxia;infections;inflammation;ischemia;kidney diseases;lead;lethargy;lipopolysaccharides;liver diseases;lung injury;methanol;multiple sclerosis;myalgia;neoplasms;neuroblastoma;nitrogen;ovarian neoplasms;respiratory distress syndrome;respiratory tract infections;sepsis;shock, cardiogenic;sodium chloride;thrombophilia;trizol;von willebrand diseases;water;weight loss;wounds and injuries
32437831	[obsolete] covid-19;coronavirus infections;fatty liver;fibrosis;inflammation;pneumonia, viral
33706626	[obsolete] covid-19;antiviral agents;death;infections
33831079	[obsolete] covid-19;adjustment disorders;alcohols;atherosclerosis;atrial fibrillation;autistic disorder;back pain;bipolar disorder;breast neoplasms;calcium;carcinoma;cesium;cholesterol;colorectal neoplasms;death;diabetes mellitus;leukemia;lipids;neoplasms;obesity;pneumonia;schizophrenia;sleep deprivation;sleep wake disorders
35340778	[obsolete] covid-19;abdominal pain;anemia;atherosclerosis;blood coagulation disorders;cough;critical illness;death;diabetes mellitus;drug hypersensitivity;dyspnea;edema;enoxaparin;fever;hematoma;hemorrhage;heparin;heparin, low-molecular-weight;hypertension;infections;methylprednisolone;multiple organ failure;oxygen;renal insufficiency;respiratory distress syndrome;subarachnoid hemorrhage;thromboembolism;thrombosis;venous thromboembolism;vomiting
33782759	[obsolete] covid-19;adjustment disorders;anxiety;diabetes mellitus;hypertension;myotonic dystrophy;obesity;sleep apnea syndromes
32088847	[obsolete] covid-19;back pain;communicable diseases;coronavirus infections;cough;cyclic neutropenia;dizziness;dyspnea;fatigue;fever;infections;inflammation;leukopenia;lung diseases;lymphatic diseases;multiple sclerosis;myalgia;neoplasms;pharyngeal diseases;pneumonia;pneumonia, viral;respiration disorders;respiratory tract infections;signs and symptoms, respiratory;zoonoses
32659213	[obsolete] covid-19;blood coagulation disorders;blood coagulation disorders, inherited;cerebrovascular disorders;corneal endothelial dystrophy type 2;coronary artery disease;coronavirus infections;death;disseminated intravascular coagulation;dyspnea;heparin, low-molecular-weight;infections;inflammation;lymphohistiocytosis, hemophagocytic;multiple organ failure;necrosis;pneumonia, viral;respiratory distress syndrome;sepsis;shock, septic;thrombocytopenia;thromboembolism;thrombosis;thrombotic microangiopathies;venous thromboembolism
33393462	[obsolete] covid-19;[obsolete] polyacrylamide;acute kidney injury;adenocarcinoma;arbovirus infections;arginine;camostat;carbon dioxide;chloroquine;coronavirus infections;death;dimethyl sulfoxide;edetic acid;ethanol;formaldehyde;glycine;hematoxylin;hepes;histidine;infections;lead;lung neoplasms;methanol;neoplasms;octoxynol;olfaction disorders;pancreatitis;paraffin;penicillins;pneumonia;polyvinylidene fluoride;proline;remdesivir;respiration disorders;serine;severe acute respiratory syndrome;signs and symptoms, digestive;silver;sodium chloride;sodium dodecyl sulfate;streptomycin;substance-related disorders;thrombosis;water;zoonoses
34492105	arbovirus infections;cardiovascular diseases;colorectal neoplasms;diabetes mellitus;inflammatory bowel diseases;multiple sclerosis;obesity
32321654	[obsolete] covid-19;arrhythmias, cardiac;cardiovascular diseases;communicable diseases;coronavirus infections;death;diabetes mellitus;genetic diseases, inborn;heart diseases;hypertension;infections;neoplasms;obesity;pneumonia;pneumonia, viral;respiratory distress syndrome;respiratory tract diseases;respiratory tract infections;severe acute respiratory syndrome;shock, cardiogenic;zoonoses
32634003	[obsolete] covid-19;anxiety;chronic disease;coronavirus infections;critical illness;death;diabetes mellitus;headache;hypertension;infections;pneumonia, viral;psychological distress;substance-related disorders
32512187	[obsolete] covid-19;arbovirus infections;azithromycin;coronavirus infections;critical illness;emergencies;hydroxychloroquine;infections;pneumonia, viral;prostatic neoplasms;remdesivir;respiratory tract diseases;sepsis
35170714	[obsolete] covid-19;anemia;arbovirus infections;arthralgia;bronchitis;carbon dioxide;ceftriaxone;chemical and drug induced liver injury;coinfection;communicable diseases;coronavirus infections;cough;creatinine;death;dexamethasone;dyspnea;edema;exanthema;fever;headache;headache disorders, secondary;hemoptysis;hemorrhage;hemorrhagic fever with renal syndrome;hypertension;immunologic deficiency syndromes;infections;lead;losartan;lung diseases;malaria;myalgia;prednisone;respiration disorders;signs and symptoms, respiratory;staphylococcal infections;thrombocytopenia;urea;viremia
35317712	[obsolete] covid-19;adjustment disorders;anxiety;fatigue;psychological distress;water
34487685	[obsolete] covid-19;coinfection;death;hiv infections;malaria;malnutrition;memory disorders;terbium;tuberculosis
35330391	[obsolete] covid-19;acquired immunodeficiency syndrome;acute kidney injury;alcohols;aneurysm;arbovirus infections;asthenia;atherosclerosis;azithromycin;cardiovascular diseases;cholesterol;chronic disease;corneal endothelial dystrophy type 2;coronavirus infections;creatinine;critical illness;death;dexamethasone;diabetes mellitus;diabetes mellitus, type 2;dyslipidemias;fatigue;glucose;hydroxychloroquine;hypertension;infections;inflammation;lopinavir-ritonavir drug combination;malaria;metabolic diseases;metabolic syndrome;neoplasms;obesity;oxygen;pancreatitis;pleural effusion;pneumonia;pulmonary arterial hypertension;pulmonary embolism;remdesivir;renal insufficiency, chronic;respiratory distress syndrome;respiratory insufficiency;respiratory tract diseases;schizophrenia;sepsis;severe acute respiratory syndrome;shock, septic;signs and symptoms, respiratory;tocilizumab;vasculitis
34866720	[obsolete] covid-19;coronavirus infections;mental disorders;myotonic dystrophy;seizures;water
34415553	[obsolete] covid-19;coronavirus infections;cough;death;gerstmann syndrome;hepatitis c;histamine;infections;lead;oxygen;polyethylene glycols;sodium chloride;water
33853700	[obsolete] covid-19;infections
34824162	[obsolete] covid-19;adenomatous polyposis coli;coronavirus infections;death;infections;neoplasms
32561113	[obsolete] covid-19;acidosis;acquired immunodeficiency syndrome;arbovirus infections;bacterial infections;blood coagulation disorders;cardiovascular diseases;cerebral infarction;communicable diseases;coronavirus infections;cough;critical illness;death;diabetes mellitus;diarrhea;dyspnea;fatigue;fever;fibrosis;heart arrest;hemorrhage;hemorrhagic fever, ebola;hepatitis c;hypertension;hypoxia;infections;lipids;lung injury;multiple organ failure;neoplasms;oxygen;pharyngeal diseases;pneumonia;renal insufficiency;respiratory distress syndrome;respiratory insufficiency;respiratory tract infections;shock, septic;ventricular fibrillation;water
32516844	[obsolete] covid-19;heart injuries
32358765	[obsolete] covid-19;arthritis, rheumatoid;coronavirus infections;cough;heart block;hypoxia;infections;oxygen;paralysis;pneumonia, viral;respiratory insufficiency
32377486	[obsolete] covid-19;adjustment disorders;anxiety;coronavirus infections;death;fatigue;infections;mental disorders;mood disorders;psychological distress;severe acute respiratory syndrome;substance-related disorders
34174778	[obsolete] covid-19;acquired immunodeficiency syndrome;adenomatous polyposis coli;anxiety;sexual dysfunctions, psychological;sugars;water
35252081	[obsolete] covid-19;anxiety;ascorbic acid;communicable diseases;coronavirus infections;critical illness;death;diabetes mellitus;huntington disease;infections;influenza, human;job syndrome;neoplasms;pneumonia;respiration disorders;rubella;thrombosis
34219197	[obsolete] covid-19;appendicitis;coronavirus infections;death;infections;lung diseases;pain;papillomavirus infections;sepsis;wounds and injuries
35384599	[obsolete] covid-19;acute disease;ageusia;arbovirus infections;arrhythmias, cardiac;asthenia;atherosclerosis;atrial fibrillation;atrioventricular block;basal cell carcinoma;bradycardia;calcium;cardiomyopathies;cardiovascular abnormalities;cardiovascular diseases;catecholamines;chest pain;cholesterol;chronobiology disorders;cold injury;communicable diseases;coronary artery disease;creatinine;death;diabetes mellitus;dyslipidemias;dyspnea;edema;epinephrine;fatigue;fatty liver;fever;fibrosis;glomerulonephritis;glucose;hearing loss;heart arrest;heart block;heart diseases;heart failure;hereditary breast and ovarian cancer syndrome;hypertension;hypokinesia;hypotension;hypoxia;infections;inflammation;ischemia;kidney diseases;lipids;metabolic diseases;metformin;mycophenolic acid;myocardial infarction;myocarditis;neoplasm metastasis;neoplasms;nervous system diseases;neurologic manifestations;obesity;olfaction disorders;pain;pericarditis;pleural effusion;renal insufficiency;respiratory distress syndrome;skin diseases;sleep deprivation;syncope;thromboembolism;triglycerides;ventricular dysfunction;ventricular dysfunction, left;vomiting
35096642	[obsolete] covid-19;acute kidney injury;aldosterone;arbovirus infections;arginine;cardiovascular diseases;corneal endothelial dystrophy type 2;coronary artery disease;critical illness;death;fibrosis;heart failure;infections;inflammation;kidney diseases;liver diseases;lung injury;lysine;multiple organ failure;obesity;pancreatic neoplasms;parkinson disease;peptides;peptidyl-dipeptidase a;renal insufficiency, chronic;respiratory distress syndrome;sepsis;viremia;wounds and injuries
34126613	[obsolete] covid-19;aneurysm;blood coagulation disorders;cerebral hemorrhage;corneal endothelial dystrophy type 2;cryopyrin-associated periodic syndromes;headache disorders, secondary;hematoma;hemorrhage;infarction;infections;inflammation;intracranial hemorrhages;lethargy;leukoencephalopathies;mental disorders;microvascular angina;nervous system diseases;nitrogen;pregnancy complications, infectious;stroke;tachypnea;thrombophilia;vasculitis
35284994	[obsolete] covid-19;aneurysm;angina pectoris;arrhythmias, cardiac;asthma;atrial fibrillation;bradycardia;breakthrough pain;cardiomyopathies;cerebral hemorrhage;coronavirus infections;cough;death;diabetes mellitus;dyspnea;feeding and eating disorders;graft vs host disease;heart diseases;hematoma;hepatitis b;hyperglycemia;hypertension;hypotrichosis;infections;inflammation;methylprednisolone;multiple sclerosis;necrosis;neoplasms;obesity;pain;pharyngeal diseases;pneumonia;pulmonary disease, chronic obstructive;respiratory insufficiency;rituximab;signs and symptoms, respiratory;tachycardia;thrombosis;vitamin d
32291501	[obsolete] covid-19;abdominal pain;apnea;blood coagulation disorders;coma;coronavirus infections;cough;dehydration;diarrhea;disease progression;dyspnea;fatigue;fever;headache;heart diseases;hypertension;hypoxia;infections;inflammation;lethargy;liver failure;lung diseases;lymphatic diseases;mental disorders;multiple organ failure;myalgia;nausea;oseltamivir;oxygen;pharyngeal diseases;pleural effusion;pneumonia;pneumonia, viral;respiratory distress syndrome;respiratory insufficiency;respiratory tract infections;seizures;shock, septic;signs and symptoms, digestive;signs and symptoms, respiratory;vomiting
34202298	[obsolete] covid-19;anxiety;chronic disease;communicable diseases;death;hemorrhage;infections;johnson neuroectodermal syndrome;thrombocytopenia;thromboembolism;venous thromboembolism
32837512	[obsolete] covid-19;death;gastrointestinal diseases;infections;neoplasms;pneumoperitoneum;respiration disorders;respiratory tract diseases
33855698	[obsolete] covid-19;thrombocytopenia
32179701	[obsolete] covid-19;communicable diseases;coronavirus infections;infections;pneumonia;pneumonia, viral;signs and symptoms, respiratory;viremia
34080223	[obsolete] covid-19;melanoma;memory disorders
33246573	[obsolete] covid-19;carcinoma;infections;neoplasm metastasis;neoplasms
35145444	[obsolete] covid-19;adjustment disorders;anxiety;carbon;disruptive, impulse control, and conduct disorders;headache disorders, secondary;infections;job syndrome;psychological distress;respiratory distress syndrome;sleep initiation and maintenance disorders
34767767	[obsolete] covid-19;acute kidney injury;cardiovascular diseases;coma;communicable diseases;coronavirus infections;cough;critical illness;death;dexamethasone;heart failure;hypertension;hypoxia;infections;inflammation;lung injury;lymphopenia;multiple organ failure;obesity;oxygen;phobic disorders;pneumonia;pulmonary embolism;respiration disorders;respiratory distress syndrome;respiratory insufficiency;respiratory tract infections;xk aprosencephaly
35289365	[obsolete] covid-19;infections
34682939	[obsolete] covid-19;adjustment disorders;anxiety;arbovirus infections;back pain;cardiac output, low;communicable diseases;compassion fatigue;constipation;coronavirus infections;death;diarrhea;fatigue;feeding and eating disorders;headache;heart arrest;infections;mental disorders;myalgia;pruritus;psychological distress;severe acute respiratory syndrome;skin diseases;sleep initiation and maintenance disorders;sleep wake disorders;stress disorders, post-traumatic;stress disorders, traumatic;wounds and injuries
34029345	[obsolete] covid-19;atrial fibrillation;death;fractures, open;infections;johnson neuroectodermal syndrome;nausea;pain;phobic disorders;williams syndrome
34745449	[obsolete] covid-19;coronavirus infections;death;infections;oxygen;pain;sodium chloride
32565264	[obsolete] covid-19;anemia;basal ganglia cerebrovascular disease;coronavirus infections;hypertension;hypoxia;infections;ischemia;liver failure;lung diseases;microvascular angina;necrosis;obesity;paraffin;pneumonia;pneumonia, viral;respiratory distress syndrome;respiratory insufficiency;skin diseases;thrombosis;ulcer;vitamin a
34326985	[obsolete] covid-19;cesium;death;infections;johnson neuroectodermal syndrome;thrombocytopenia
35128319	[obsolete] covid-19;apnea;arthritis, rheumatoid;atrial fibrillation;bronchitis;carbon dioxide;cough;critical illness;cross infection;death;dementia;heart failure;hepatolenticular degeneration;hypoxia;idiopathic pulmonary fibrosis;infections;lung injury;myoclonus;obesity;oxygen;pain;pharyngeal diseases;pneumonia;pneumothorax;pulmonary disease, chronic obstructive;pulmonary edema;pulmonary embolism;respiration disorders;respiratory insufficiency;respiratory tract diseases;sepsis;severe acute respiratory syndrome;talaromycosis;water;williams syndrome;xerostomia
35486106	[obsolete] covid-19;death;lupus erythematosus, systemic
34822228	[obsolete] covid-19;communicable diseases;death;infections
33955567	[obsolete] covid-19;death
35261542	[obsolete] covid-19;blood coagulation disorders, inherited;bronchitis;cardiovascular diseases;coronavirus infections;cough;critical illness;death;diabetes mellitus;diarrhea;fatigue;fever;headache;hypertension;lung diseases;mastocytosis, systemic;multiple organ failure;neoplasms;pneumonia;renal insufficiency, chronic;respiratory distress syndrome;sepsis;tocilizumab;zoonoses
33928065	[obsolete] covid-19;adjustment disorders;alcohols;alzheimer disease;angina pectoris;anxiety;arthritis;bronchitis;cardiac output, low;cardiovascular diseases;chronic disease;cognition disorders;communicable diseases;coronary artery disease;coronavirus infections;death;diabetes mellitus;diabetes mellitus, type 2;emphysema;heart diseases;hepatitis b;kidney diseases;melanoma;myocardial infarction;neoplasms;obesity;ossification of posterior longitudinal ligament;osteoporosis;psychological distress;pulmonary disease, chronic obstructive;respiratory distress syndrome;seizures;skin neoplasms;stroke;weight gain
33988134	[obsolete] covid-19;cognitive dysfunction;cold injury;coronavirus infections;exanthema;genetic diseases, inborn;head and neck neoplasms;hearing loss;infections;neoplasms;neurologic manifestations;olfaction disorders;respiratory distress syndrome;taste disorders
34840464	[obsolete] covid-19;arbovirus infections;communicable diseases;coronavirus infections;critical illness;death;diarrhea;fever;infections;mouth diseases;nervous system diseases;pneumonia;respiratory insufficiency;skin diseases;tuberculosis;urinary tract infections;vitamin d;water;zoonoses
32511859	[obsolete] covid-19;bipolar disorder;coronavirus infections;pneumonia, viral
33720028	[obsolete] covid-19;abnormalities, drug-induced;adjustment disorders;asthma;chronic disease;death;fatigue;heart diseases;learning disabilities;mental disorders;neoplasms;schizophrenia;sleep wake disorders;stroke
34101494	[obsolete] covid-19;alcohols;anxiety;communicable diseases;death;drug overdose;heart arrest;hepatitis c;hiv infections;immunologic deficiency syndromes;infections;methadone;substance-related disorders
32480420	[obsolete] covid-19;antiviral agents;coronavirus infections;drug-related side effects and adverse reactions;heart diseases;infections;nephrotic syndrome;nervous system diseases;pneumonia, viral;respiratory tract infections;signs and symptoms, digestive
34962356	[obsolete] covid-19;carbohydrates;carbon dioxide;diarrhea;gastrointestinal diseases;infections;inflammation;lipids;nausea;pneumonia;signs and symptoms, digestive;signs and symptoms, respiratory;vomiting
34976910	adjustment disorders;breast neoplasms;cerebral hemorrhage;colorectal neoplasms;critical illness;cross infection;death;diabetes mellitus;digestive system neoplasms;epilepsy;fractures, open;hip fractures;hypotension;lupus erythematosus, systemic;neoplasms;pancreatic neoplasms;pulmonary disease, chronic obstructive;sepsis;shock, septic;stomach neoplasms;stroke;wounds and injuries
35246082	[obsolete] covid-19;arthritis, rheumatoid;diabetes mellitus;infections;johnson neuroectodermal syndrome;technetium
35316929	[obsolete] covid-19;carbon;carcinoma, non-small-cell lung;death;drug-related side effects and adverse reactions;fibrosis;heart failure;hypotension;hypoxia;lung diseases;lung neoplasms;memory disorders;necrosis;neoplasm metastasis;neoplasms;pneumonia
32624392	[obsolete] covid-19;carbon dioxide;cardiac output, low;coronavirus infections;cough;lung diseases;mercury;oxygen;pneumonia, viral;pneumothorax;respiration disorders;severe acute respiratory syndrome;takotsubo cardiomyopathy;tight skin contracture syndrome, lethal
33659612	[obsolete] covid-19
34117772	[obsolete] covid-19
34280038	[obsolete] covid-19;acquired immunodeficiency syndrome;arbovirus infections;communicable diseases;coronavirus infections;critical illness;death;hemorrhage;hepatitis b;hiv infections;infections;leukopenia;lymphopenia;multiple organ failure;oculocerebral hypopigmentation syndrome type preus;pneumonia;respiratory insufficiency;shock, septic;thrombocytopenia
35482656	[obsolete] covid-19;anxiety;cardiovascular diseases;communicable diseases;heart arrest;hiv infections
32602111	[obsolete] covid-19
32621859	[obsolete] covid-19;adjustment disorders;anxiety;arbovirus infections;cardiovascular diseases;communicable diseases;coronavirus infections;death;dyspnea;hepatolenticular degeneration;huntington disease;infections;kidney diseases;mastocytosis, systemic;myoclonus;pregnancy complications, infectious;respiratory insufficiency;respiratory tract diseases;vomiting
34000814	[obsolete] covid-19;cardiovascular diseases;cerebrovascular disorders;death;heart diseases
34755180	[obsolete] covid-19;anti-bacterial agents;azithromycin;bacterial infections;coinfection;doxycycline;infections;macrolides;pharyngeal diseases;respiratory tract infections;signs and symptoms, respiratory;urinary tract infections
34178343	[obsolete] covid-19;acquired immunodeficiency syndrome;alcohols;anorexia;anxiety;arbovirus infections;chronic disease;communicable diseases;congenital disorder of glycosylation type 1d;coronavirus infections;cough;critical illness;death;dyspnea;fatigue;fever;infections;myalgia;pneumonia;seizures;status epilepticus;water
34413324	[obsolete] covid-19;acute kidney injury;adjustment disorders;anemia;anxiety;arthritis, rheumatoid;asthma;atrial fibrillation;bacterial infections;cardiovascular diseases;communicable diseases;coronary artery disease;cough;death;delirium;diabetes mellitus;diabetes mellitus, type 2;dyspnea;fatigue;fever;gastroenteritis;huntington disease;hypertension;hypotension;infections;irritable bowel syndrome;kidney diseases;learning disabilities;lung diseases;meningitis, bacterial;multiple sclerosis;myalgia;nausea;neoplasms;obesity;oculocerebrorenal syndrome;olfaction disorders;osteoarthritis;oxygen;pain;parkinson disease;pneumonia;pulmonary disease, chronic obstructive;respiratory insufficiency;severe acute respiratory syndrome;stomach neoplasms;stroke;syncope;urinary tract infections;vomiting;williams syndrome
34910338	[obsolete] covid-19;breakthrough pain;infections
34870100	[obsolete] covid-19;anemia;arbovirus infections;cardiovascular diseases;communicable diseases;coronary artery disease;creatinine;death;diabetes mellitus;dyspnea;enoxaparin;fever;gastroenteritis;heart diseases;hepatitis b;hydroxychloroquine;hyperlipidemias;hypertension;infections;kidney diseases;kidney failure, chronic;lung diseases;lymphopenia;metabolic diseases;myocardial infarction;neoplasms;oseltamivir;pharyngeal diseases;pneumonia;respiration disorders;respiratory tract diseases;thromboembolism;thrombosis;venous thromboembolism
34786319	[obsolete] covid-19;anxiety;attention deficit disorder with hyperactivity;communicable diseases;critical illness;death;hypotension;infections;pain
32407564	[obsolete] covid-19;ageusia;dizziness;exanthema;urticaria
34976906	[obsolete] covid-19;communicable diseases;coronavirus infections;death;gerstmann syndrome;oxygen;tremor;water
32275855	[obsolete] covid-19;acetaminophen;adenomatous polyposis coli;amines;angiotensin-converting enzyme inhibitors;arbovirus infections;ascorbic acid;azathioprine;ceftriaxone;chemical and drug induced liver injury;chloroquine;cisplatin;colchicine;cold injury;coronavirus infections;cyclophosphamide;cyclosporine;cysteine;dapi;death;dexamethasone;dyspnea;estradiol;ethanol;fever;glucose;glycine;hepes;hydrochloric acid;hydrogen peroxide;infections;lead;lipopolysaccharides;losartan;metals;metformin;nitrogen;oils;oxygen;paraform;peptidyl-dipeptidase a;pneumonia;polysaccharides;polysorbates;pulmonary disease, chronic obstructive;quercetin;respiratory tract diseases;seizures;serine;severe acute respiratory syndrome;silicon dioxide;silver;sodium chloride;sugars;tacrolimus;testosterone;vancomycin;vitamin a;water;zoonoses
34350637	[obsolete] covid-19;infections
32693101	[obsolete] covid-19;carbon monoxide;cardiomyopathy, dilated;chest pain;chronic disease;critical illness;cystic fibrosis;death;fibrosis;heart failure;hypercapnia;hypertension;hypertension, pulmonary;hypoxia;idiopathic pulmonary fibrosis;infections;johnson neuroectodermal syndrome;kidney diseases;kidney failure, chronic;lung diseases;lung diseases, interstitial;oxygen;pulmonary arterial hypertension;pulmonary disease, chronic obstructive;pulmonary fibrosis;respiratory tract diseases;stroke;ventricular dysfunction
32395098	[obsolete] covid-19;airway obstruction;aluminum;arbovirus infections;cadmium;carbon dioxide;communicable diseases;coronavirus infections;dapi;death;drug hypersensitivity;drug-related side effects and adverse reactions;eosine yellowish-(ys);ethanol;flushing;formaldehyde;hematoxylin;hydrogen;infections;inflammation;lead;lipids;lung diseases;malaria;mental disorders;mucositis;paraffin;paraform;penicillins;phospholipids;pneumonia;pulmonary embolism;respiratory insufficiency;respiratory tract infections;sodium chloride;streptomycin;tachycardia, ventricular;tuberculosis;water;weight loss
34624245	[obsolete] covid-19;communicable diseases;water
34648525	[obsolete] covid-19;asthma;cardiovascular diseases;communicable diseases;coronavirus infections;critical illness;death;diabetes mellitus;heart diseases;hypertension;infections;neoplasms;obesity;pneumonia;pulmonary disease, chronic obstructive;seizures;stroke
34678266	[obsolete] covid-19;communicable diseases;coronavirus infections;death;fatigue;infections;psychological distress;respiratory insufficiency
32820721	[obsolete] covid-19;asymptomatic infections;communicable diseases;coronavirus infections;cough;critical illness;death;delirium;diarrhea;dyspnea;fatigue;fever;infections;myalgia;nausea;olfaction disorders;pharyngeal diseases;pneumonia;pneumonia, viral;respiratory distress syndrome;respiratory tract diseases;vomiting
32911311	[obsolete] covid-19;arbovirus infections;ataxia;blood coagulation disorders;brain diseases;brain edema;cerebral hemorrhage;cerebral infarction;cerebrovascular disorders;consciousness disorders;coronavirus infections;cough;critical illness;death;demyelinating diseases;disseminated intravascular coagulation;dizziness;dyspnea;edema;encephalitis;fatigue;fever;headache;hemorrhage;heparin;heredodegenerative disorders, nervous system;hypertension;hypoxia;infarction;infections;inflammation;iron;ischemia;leukoencephalopathies;multiple organ failure;nervous system diseases;neurocognitive disorders;neurologic manifestations;neurotoxicity syndromes;olfaction disorders;oxygen;pneumonia, viral;psychological distress;psychomotor agitation;pulmonary disease, chronic obstructive;respiratory distress syndrome;respiratory insufficiency;seizures;stroke;thromboembolism;thrombophilia;thrombosis;venous thromboembolism;venous thrombosis
33735836	[obsolete] covid-19;acquired immunodeficiency syndrome;arbovirus infections;chemical and drug induced liver injury;coronavirus infections;critical illness;death;diabetes mellitus;drug hypersensitivity;heart diseases;hepatitis c;hiv infections;infections;methylene blue;methylprednisolone;multiple organ failure;neoplasms;respiratory tract infections;severe acute respiratory syndrome;sodium citrate;tetany;tuberculosis;viremia
35380101	[obsolete] covid-19;amides;communicable diseases;hydrogen;infections;leucine;phenylalanine
34622966	[obsolete] covid-19;acute lung injury;asthenia;ataxia;brain diseases;cerebral infarction;consciousness disorders;critical illness;deglutition disorders;delirium;dementia;diabetes mellitus;fallopian tube diseases;head and neck neoplasms;headache disorders, secondary;heredodegenerative disorders, nervous system;hypertension;infections;neoplasms;nervous system diseases;obesity;olfaction disorders;pulmonary disease, chronic obstructive;respiratory distress syndrome;respiratory tract diseases;respiratory tract infections;seizures;stroke
32495830	[obsolete] covid-19;adjustment disorders;anxiety;communicable diseases;coronavirus infections;infections;pneumonia, viral;wounds and injuries
33503002	[obsolete] covid-19;neoplasms;refractive errors;williams syndrome
34431693	[obsolete] covid-19;acquired immunodeficiency syndrome;arbovirus infections;communicable diseases;coronavirus infections;death;fatigue;fever;headache;hepatitis c;hepatitis c, chronic;hiv infections;infections;myalgia;sepharose;sleep initiation and maintenance disorders;thromboembolism;viremia
34252379	[obsolete] covid-19;azithromycin;death;dexamethasone;hydroxychloroquine;macrolides;oxygen;respiratory tract diseases;tocilizumab
35262049	[obsolete] covid-19;critical illness;cross infection;diabetes mellitus;edema;headache;hypesthesia;infections;pain;seizures
35032051	[obsolete] covid-19
32681166	[obsolete] covid-19;brain edema;coronavirus infections;death;helium;lymphohistiocytosis, hemophagocytic;pneumonia, viral;triglycerides
32646505	[obsolete] covid-19;coinfection;coronavirus infections;cough;critical illness;death;diabetes mellitus;dyspnea;fatigue;fever;heart diseases;infections;inflammation;lung diseases;lung neoplasms;lymphoma;melanoma;mental disorders;neoplasms;pneumonia;pneumonia, viral;prostatic neoplasms;pulmonary arterial hypertension;respiratory distress syndrome;sarcoma
32682490	[obsolete] covid-19;communicable diseases;coronavirus infections;pneumonia, viral
33844359	[obsolete] covid-19
32292259	[obsolete] covid-19;anorexia;anxiety;communicable diseases;constipation;cough;death;diarrhea;dyspnea;fatigue;feeding and eating disorders;fever;immunologic deficiency syndromes;infections;lung neoplasms;metals;muscle weakness;nausea;pharyngeal diseases;pneumonia;sleep initiation and maintenance disorders;vomiting;water;xerostomia
33660134	[obsolete] covid-19;[obsolete] polyacrylamide;communicable diseases;coronavirus infections;dithiothreitol;hepes;infections;myoclonus;pneumonia;polysorbates;respiratory tract infections;silver;sodium chloride;sodium dodecyl sulfate;water
34274539	[obsolete] covid-19;arbovirus infections;arginine;arthritis, rheumatoid;autoimmune diseases;fibrosis;infections;inflammation;infliximab;joint diseases;liver cirrhosis;lung diseases, interstitial;lupus erythematosus, systemic;musculoskeletal diseases;nicotine;rheumatic diseases;rheumatic fever;severe acute respiratory syndrome
35002970	[obsolete] covid-19;arthritis, rheumatoid;cardiovascular diseases;chronic disease;communicable diseases;coronavirus infections;death;dexamethasone;diabetes complications;diabetes mellitus;diabetes mellitus, type 2;drug hypersensitivity;glucose;heart failure;infections;liver diseases;lopinavir-ritonavir drug combination;lung diseases;neurologic manifestations;oxygen;pneumonia;polysaccharides;remdesivir;tocilizumab
34675256	[obsolete] covid-19;tetany
32534631	[obsolete] covid-19;communicable diseases;coronavirus infections;infections;pneumonia, viral;poliomyelitis
33253073	fatigue;infections
34308825	[obsolete] covid-19
33491147	[obsolete] covid-19;coronavirus infections;critical illness;death;gerstmann syndrome;huntington disease;hypotrichosis;oxygen;pleural effusion;pneumonia;pulmonary embolism;respiration disorders;respiratory distress syndrome;respiratory insufficiency;severe acute respiratory syndrome;signs and symptoms, respiratory;thrombosis;venous thrombosis;williams syndrome
33560863	[obsolete] covid-19;antiviral agents;death;pneumonia, viral;remdesivir
34772117	[obsolete] covid-19;alzheimer disease;cadmium;carbon;carbon dioxide;infections;oxygen;psychological distress;silver;water
34873885	[obsolete] covid-19;adjustment disorders;anxiety;communicable diseases;coronavirus infections;fever;infections;mental disorders;ocular motility disorders;pneumonia;psychological distress;respiration disorders;respiratory distress syndrome;severe acute respiratory syndrome;signs and symptoms, respiratory;sleep initiation and maintenance disorders;sleep wake disorders;stress disorders, post-traumatic;wounds and injuries
33006551	[obsolete] covid-19;carbohydrates;diabetes mellitus;diabetes mellitus, type 1;glucose;hyperglycemia;hypotension
34857753	[obsolete] covid-19;adenine;adenosine triphosphate;favipiravir;guanine;hydrogen;nucleosides;oligonucleotides;remdesivir
33190222	[obsolete] covid-19;acute kidney injury;biomarkers;coma;coronary artery disease;creatinine;critical illness;death;diabetes mellitus;fever;heart failure;hypertension;hypotension;infections;ischemia;kidney diseases;kidney failure, chronic;lung diseases;neoplasms;pneumonia;renal insufficiency;renal insufficiency, chronic;respiratory distress syndrome;sepsis;sodium;urea;water
34077572	[obsolete] covid-19
35383994	[obsolete] covid-19;infections
33563638	[obsolete] covid-19;ageusia;arbovirus infections;cold injury;coronavirus infections;cough;death;diarrhea;dysgeusia;dyspnea;fatigue;fever;headache;infections;lymphopenia;myalgia;olfaction disorders;pharyngeal diseases;respiratory tract diseases;seizures;signs and symptoms, digestive;signs and symptoms, respiratory
33382861	[obsolete] covid-19;infections;myotonic dystrophy;respiratory tract diseases;water
33941488	[obsolete] covid-19;alcohols;arbovirus infections;autoimmune diseases;blood coagulation disorders;carcinoma, hepatocellular;chemical and drug induced liver injury;communicable diseases;death;diabetes mellitus;drug hypersensitivity;end stage liver disease;fatty liver;fever;fibrosis;heart diseases;hepatitis b;hepatitis c;hiv infections;immunologic deficiency syndromes;infections;inflammation;kidney diseases;liver cirrhosis;liver diseases;liver failure;lung diseases;meningococcal infections;multiple organ failure;mycoses;myelitis;neoplasms;obesity;pain;pneumococcal infections;thrombocytopenia;thromboembolism;urticaria
35480831	[obsolete] covid-19;coronavirus infections;death;infections;severe acute respiratory syndrome;strudwick syndrome;water
32840829	[obsolete] covid-19;alcohols;communicable diseases;coronavirus infections;death;diabetes mellitus;hiv infections;hypertension;infections;oculocerebrorenal syndrome;water
33481879	[obsolete] covid-19;adjustment disorders;alzheimer disease;anxiety;chronic disease;cognition disorders;coronavirus infections;death;dopamine;dystonia;headache disorders, secondary;hypokinesia;infections;mental disorders;muscle rigidity;neurodegenerative diseases;parkinson disease;parkinson disease, secondary;psychological distress;sleep initiation and maintenance disorders;sleep wake disorders;tremor
34177926	[obsolete] covid-19;abdominal pain;arbovirus infections;carbon dioxide;communicable diseases;cough;diarrhea;disease progression;dyspnea;fatigue;fever;headache;hepes;hydrochloric acid;infections;myalgia;nausea;pharyngeal diseases;polysorbates;respiratory tract diseases;respiratory tract infections;rhinitis;signs and symptoms, respiratory;vomiting;zoonoses
34427682	[obsolete] covid-19;death
33114356	[obsolete] covid-19;abnormalities, drug-induced;acquired immunodeficiency syndrome;arbovirus infections;carcinoma, hepatocellular;cardiovascular diseases;chemical and drug induced liver injury;communicable diseases;coronavirus infections;epstein-barr virus infections;flavivirus infections;glycosaminoglycans;hepatitis e;heredodegenerative disorders, nervous system;hiv infections;infections;lipids;neoplasm metastasis;neoplasms;oligonucleotides;pneumonia;prostatic neoplasms;psychological distress
35216301	[obsolete] covid-19;[obsolete] polyacrylamide;adenomatous polyposis coli;arbovirus infections;carbon;carbon dioxide;communicable diseases;copper;drug-related side effects and adverse reactions;gentian violet;glutamine;hiv infections;hydrochloric acid;infections;lipids;lung diseases;metals;neoplasms;nylons;paraform;penicillins;peptides;polymers;polysorbates;sepharose;sodium azide;sodium dodecyl sulfate;streptomycin;urea
32007643	[obsolete] covid-19;arbovirus infections;coronavirus infections;death;infections;pneumonia;pneumonia, viral;respiration disorders;respiratory tract diseases;severe acute respiratory syndrome
34412446	[obsolete] covid-19;communicable diseases;coronavirus infections;death;infections
34387911	[obsolete] covid-19;back pain;chest pain;chronic disease;cough;dyspnea;fatigue;infections;myalgia;pain;taste disorders
34817746	[obsolete] covid-19;ascorbic acid;biotin;breast neoplasms;calcium;constipation;death;folic acid;heart diseases;magnesium;neoplasms;osteoporosis;psychological distress;sleep initiation and maintenance disorders;stress disorders, post-traumatic;stroke;vitamin b 12;vitamin d
34817406	[obsolete] covid-19;infections
35519622	[obsolete] covid-19;[obsolete] polyacrylamide;acetone;adenosine triphosphate;arbovirus infections;calcium;chemical and drug induced liver injury;communicable diseases;coronavirus infections;creatine;death;dithiothreitol;hepes;infections;leucine;lipids;magnesium;phospholipids;polysorbates;polyvinylidene fluoride;potassium;respiratory distress syndrome;sepharose;sodium;sodium azide;sodium chloride;sodium dodecyl sulfate;terbium;zoonoses
34267316	[obsolete] covid-19;adenosine triphosphate;lipids;xk aprosencephaly
34881119	[obsolete] covid-19;acute pain;adjustment disorders;arbovirus infections;arthritis, rheumatoid;autoimmune diseases;cardiomyopathies;cardiovascular diseases;chest pain;colchicine;coronary artery disease;creatinine;edema;fever;glucose;hepatitis b;hiv infections;ibuprofen;infections;kidney failure, chronic;leukemia;myelitis;myocardial infarction;myocarditis;neoplasms;oxygen;pericardial effusion;pericarditis;tachycardia;urea;wounds and injuries
32517888	[obsolete] covid-19;cerebral infarction;coronavirus infections;edema;myocardial infarction;pneumonia;pneumonia, viral;stroke
33872188	[obsolete] covid-19;abnormalities, drug-induced;acute kidney injury;arbovirus infections;cardiovascular diseases;cerebrovascular disorders;communicable diseases;cough;death;drug hypersensitivity;drug overdose;fatigue;headache;heart diseases;hiv infections;hypertension;infections;inflammation;lung diseases;myocarditis;pharyngeal diseases;respiratory tract diseases;seizures;thrombosis
33972631	[obsolete] covid-19;[obsolete] polyacrylamide;acetonitrile;arbovirus infections;carbon dioxide;coronavirus infections;creatinine;critical illness;death;drug-related side effects and adverse reactions;dyspnea;edema;edetic acid;eosine yellowish-(ys);ethanol;fever;formaldehyde;gentian violet;glucose;hemorrhage;hydrochloric acid;hydrogen peroxide;infections;inflammation;lead;lipopolysaccharides;lung injury;memory disorders;methanol;multiple organ failure;pain;pneumonia;polysorbates;polystyrenes;potassium;respiratory distress syndrome;respiratory syncytial virus infections;respiratory tract diseases;respiratory tract infections;sepharose;shock, septic;sodium chloride;sodium dodecyl sulfate;urea;water
34271868	[obsolete] covid-19;acquired immunodeficiency syndrome;cardiovascular diseases;communicable diseases;coronavirus infections;cough;critical illness;cross infection;death;diabetes mellitus;diarrhea;dyspnea;fatigue;fever;headache;heart diseases;hiv infections;hyperglycemia;immunologic deficiency syndromes;infections;kidney diseases;lung diseases;multiple organ failure;myalgia;neoplasms;pneumonia;psychomotor disorders;renal insufficiency, chronic;respiratory tract diseases;respiratory tract infections;seizures;severe acute respiratory syndrome;vomiting
35313091	[obsolete] covid-19;death;learning disabilities;lung diseases;lung diseases, interstitial;lung injury;rheumatic diseases
32495819	[obsolete] covid-19;coronavirus infections;pneumonia, viral
33255220	[obsolete] covid-19;adjustment disorders;asthma;breast neoplasms;cardiovascular diseases;cisplatin;coronavirus infections;cyclophosphamide;death;diabetes mellitus;digestive system neoplasms;drug-related side effects and adverse reactions;heart diseases;hematologic neoplasms;heredodegenerative disorders, nervous system;hypertension;infections;kidney diseases;leukemia;leukemia, myeloid, acute;lung diseases;lung diseases, interstitial;lung injury;lymphoma;malocclusion;neoplasms;neurodegenerative diseases;papillary renal cell carcinoma, sporadic;prostatic neoplasms;pulmonary disease, chronic obstructive;respiratory distress syndrome;respiratory insufficiency;sarcoma
35199310	[obsolete] covid-19;anxiety;attention deficit disorder with hyperactivity
34729818	[obsolete] covid-19;death;infections;mood disorders;psychological distress;stress disorders, traumatic
34389829	[obsolete] covid-19
34886558	[obsolete] covid-19;anxiety;pain
34542438	[obsolete] covid-19;adjustment disorders;anxiety;chronic disease;communicable diseases;infections;mental disorders;psychological distress;severe acute respiratory syndrome
34991778	[obsolete] covid-19;atrial fibrillation;communicable diseases;infections
33637290	[obsolete] covid-19;anxiety;infections;psychological distress;sleep initiation and maintenance disorders
34107137	[obsolete] covid-19;inflammation;methylprednisolone
34703462	[obsolete] covid-19;carbohydrates;death;distal myopathies;infections;obesity
33650676	[obsolete] covid-19
33912196	[obsolete] covid-19;arbovirus infections;communicable diseases;coronavirus infections;death;drug hypersensitivity;fever;hepatitis b;infections;lipids;neoplasms;proline;respiratory tract infections
34841422	[obsolete] covid-19;cough;dyspnea;fever;infections;oxygen;pneumonia;pneumonia, pneumocystis
34716614	[obsolete] covid-19;infections
33922354	[obsolete] covid-19;carbon;coronavirus infections;death;infections;pneumonia
34073591	[obsolete] covid-19;acute lung injury;aldosterone;arbovirus infections;atrial fibrillation;basal ganglia cerebrovascular disease;cardiovascular diseases;corneal endothelial dystrophy type 2;coronavirus infections;cough;critical illness;death;dementia;diabetes mellitus, type 2;dyspnea;eosine yellowish-(ys);fever;heart failure;hematoxylin;hyperplasia;hypertension;infections;inflammation;lung diseases;lung injury;lung neoplasms;neoplasms;nicotine;oligonucleotides;pneumonia;pulmonary disease, chronic obstructive;respiratory distress syndrome;respiratory insufficiency;respiratory tract infections;severe acute respiratory syndrome;substance-related disorders;thrombosis;thrombotic microangiopathies;vascular system injuries;vasculitis
32425288	diabetes mellitus, type 2;hypertension
32385648	[obsolete] covid-19;bacterial infections;cardiomyopathies;cardiovascular diseases;chronic disease;coronavirus infections;cough;death;diabetes mellitus;disease progression;dyspnea;fatigue;fever;hypertension;infections;kidney diseases;lung diseases;multiple organ failure;nitrogen;pneumonia;pneumonia, viral;pulmonary edema;respiratory distress syndrome;respiratory insufficiency;respiratory tract infections;shock;signs and symptoms, respiratory;urea
32745596	[obsolete] covid-19;anti-bacterial agents;arbovirus infections;bacterial infections;ceftriaxone;coinfection;coronavirus infections;cough;critical illness;cross infection;death;diabetes mellitus;dyspnea;heart diseases;hypertension;infections;lopinavir-ritonavir drug combination;lung diseases;lung injury;mycoses;neoplasms;pharyngeal diseases;pneumonia;remdesivir;renal insufficiency, chronic;respiratory distress syndrome;respiratory tract infections;sepsis;signs and symptoms, respiratory;urinary tract infections;virus diseases
34939428	[obsolete] covid-19;death;deglutition disorders;digestive system neoplasms;hip fractures;infections;lung diseases;neoplasms;nervous system diseases;neurologic manifestations;papillary renal cell carcinoma, sporadic;pneumonia;respiratory insufficiency;silver;wounds and injuries
33627160	[obsolete] covid-19;acute lung injury;atrioventricular block;cardiovascular diseases;coinfection;creatinine;critical illness;death;diabetes mellitus;edema;fibrosis;gaucher disease;hepatitis e;hyperplasia;hypertension;hypotension;hypoxia;infections;kidney failure, chronic;lung diseases;lung injury;necrosis;pneumonia;pneumonia, viral;respiratory distress syndrome;respiratory insufficiency;sepsis;thrombophilia
35013628	[obsolete] covid-19;acute pain;glomerulonephritis;heart arrest;heart defects, congenital;infections;vision disorders
35370005	[obsolete] covid-19;coronavirus infections;hydrogen;infections;muscle rigidity;neurodegenerative diseases;respiration disorders;seizures;water
32476155	[obsolete] covid-19;coronavirus infections;ovarian neoplasms;pneumonia, viral
33930189	[obsolete] covid-19;inflammation
32395567	[obsolete] covid-19;arbovirus infections;chest pain;cognitive dysfunction;communicable diseases;coronary artery disease;coronavirus infections;cough;critical illness;cross infection;death;demyelinating diseases;diarrhea;dyspnea;edema;fatigue;fever;headache;heart failure;hemoptysis;hemorrhage;infections;inflammation;lung diseases;lung injury;lymphatic diseases;myalgia;myocarditis;pleural effusion;pneumonia;pulmonary edema;pulmonary embolism;respiratory distress syndrome;respiratory insufficiency;respiratory tract diseases;respiratory tract infections;severe acute respiratory syndrome;ventricular dysfunction;water;zoonoses
33908152	[obsolete] covid-19;fatigue;infections;olfaction disorders
32761914	[obsolete] covid-19;central nervous system infections;enfermedades del sistema nervioso central;hypoxia
34212127	[obsolete] covid-19;blindness;cataract;congenital disorder of glycosylation type 1d;conjunctivitis;critical illness;diabetes mellitus;glaucoma;hypertension;macular degeneration;retinal diseases;vision disorders
34393592	[obsolete] covid-19
32839921	[obsolete] covid-19;arbovirus infections;arrhythmias, cardiac;blood coagulation disorders;bone marrow diseases;brain edema;brain injuries;brain injuries, traumatic;brain ischemia;carbohydrates;cardiac output, low;cardiomyopathy, dilated;cardiovascular diseases;cerebral hemorrhage;cerebral infarction;chest pain;cognition disorders;communicable diseases;coronary artery disease;critical illness;cyclic neutropenia;death;diabetes mellitus;drug hypersensitivity;drug-related side effects and adverse reactions;fibrosis;fractures, bone;gastrointestinal diseases;graft vs host disease;heart diseases;heart failure;hemorrhage;heredodegenerative disorders, nervous system;hypotension;hypoxia;infarction;infections;inflammation;ischemia;kidney diseases;lipids;lipopolysaccharides;liver failure;lung diseases;lung injury;mastocytosis, systemic;melanoma;meningitis, bacterial;multiple myeloma;multiple organ failure;muscular diseases;musculoskeletal diseases;myocardial infarction;neoplasms;nervous system diseases;neurodegenerative diseases;neurologic manifestations;neutropenia;nitric oxide;osteoarthritis;pain;peptides;pleural effusion;pneumonia;respiration disorders;respiratory distress syndrome;respiratory insufficiency;rupture;seizures;sepsis;shock, septic;skin diseases;steroids;stroke;thromboembolism;ulcer;ventricular dysfunction, left;ventricular fibrillation;wounds and injuries
34845183	[obsolete] covid-19;aspirin;blood coagulation disorders;breast neoplasms;colorectal neoplasms;death;diabetes mellitus;hemorrhage;heparin, low-molecular-weight;hyperlipidemias;hypertension;liver cirrhosis;lung neoplasms;myocardial infarction;neoplasms;obesity;pneumonia;pulmonary embolism;remdesivir;renal insufficiency, chronic;respiratory insufficiency;ruxolitinib;sepsis;steroids;stomach neoplasms;thrombocytopenia;thrombosis;venous thromboembolism;venous thrombosis
33542677	[obsolete] covid-19;arbovirus infections;asthma;coronavirus infections;death;infections;losartan;neoplasms;paralysis
35448162	[obsolete] covid-19;acute kidney injury;anemia;chronic kidney disease-mineral and bone disorder;coinfection;coronavirus infections;cough;death;dexamethasone;diabetes mellitus;dyspnea;feeding and eating disorders;fever;hematologic diseases;hematologic neoplasms;huntington disease;hypertension;hypoxia;immunologic deficiency syndromes;infections;leukemia;leukemia, lymphocytic, chronic, b-cell;leukemia, myeloid, acute;leukocytosis;lymphoma;lymphoma, b-cell;lymphopenia;meropenem;multiple myeloma;myelodysplastic syndromes;myocardial infarction;myocarditis;neoplasms;obesity;oxygen;paralysis;pleural effusion;pneumonia;remdesivir;renal insufficiency, chronic;respiratory distress syndrome;signs and symptoms, respiratory;steroids;stroke;tachypnea;thrombocytopenia;tocilizumab;uric acid;weight loss
35496681	[obsolete] covid-19;anxiety;cognition disorders;fatigue
32420955	[obsolete] covid-19;communicable diseases;coronavirus infections;cough;crohn disease;diarrhea;dyspnea;fever;infections;pharyngeal diseases;pneumonia;pneumonia, viral;respiratory tract diseases;vomiting
32833711	[obsolete] covid-19;coronavirus infections;pneumonia, viral
34976499	[obsolete] covid-19;breakthrough pain;death;diabetes mellitus;encephalomyelitis, acute disseminated;hypertension;infections;inflammation;neoplasms;obesity;pneumonia;respiratory insufficiency;zoonoses
33433382	[obsolete] covid-19;adjustment disorders;anxiety;chronic disease;communicable diseases;compassion fatigue;coronavirus infections;death;dystonia;fatigue;headache disorders, secondary;hiv infections;infections;inflammation;mental disorders;multiple myeloma;psychological distress;respiration disorders;severe acute respiratory syndrome;stress disorders, post-traumatic;stress disorders, traumatic;wounds and injuries
32454066	[obsolete] covid-19;arbovirus infections;breast neoplasms;colonic neoplasms;death;diarrhea;edetic acid;fever;formaldehyde;infections;lead;neoplasms;paraffin;pneumonia;respiratory tract diseases;signs and symptoms, digestive;skin diseases;viremia;water
34430154	[obsolete] covid-19;acute kidney injury;acute pain;adjustment disorders;arrhythmias, cardiac;aspirin;autoimmune diseases;cardiomyopathies;cardiovascular diseases;chest pain;colchicine;communicable diseases;cough;critical illness;death;dexamethasone;diabetes mellitus, type 2;drug-related side effects and adverse reactions;dyspnea;fever;glomerulonephritis;headache;heart diseases;heart failure;hypoxia;infections;inflammation;ischemia;lung diseases;lung injury;lupus erythematosus, systemic;myalgia;mycophenolic acid;myocarditis;pericardial effusion;pericarditis;pleural effusion;pneumonia;remdesivir;respiratory distress syndrome;respiratory insufficiency;sepsis;signs and symptoms, respiratory;tacrolimus;taste disorders;thrombophilia
33626155	[obsolete] covid-19;chronic disease;coronary artery disease;death;diabetes mellitus;infections;psychological distress
34183871	[obsolete] covid-19;anophthalmos;arbovirus infections;bacterial infections;carbon dioxide;coronavirus infections;death;drug-related side effects and adverse reactions;formaldehyde;infections;lead;methylene blue;neoplasms;octoxynol;oligonucleotides;penicillins;reactive oxygen species;streptomycin
34475334	[obsolete] covid-19;cerebral infarction;death;heart failure;infections;thrombosis
32418675	[obsolete] covid-19;arbovirus infections;basal cell carcinoma;carcinoma, squamous cell;coronavirus infections;infections;mental disorders;neoplasms;pneumonia, viral;skin neoplasms;steroids
33778564	[obsolete] covid-19;coronavirus infections;cough;creatinine;fever;infections;lung diseases;lymphatic diseases;lymphopenia;pharyngeal diseases;pleural effusion;pneumonia;respiration disorders;respiratory tract infections;severe acute respiratory syndrome
35538060	[obsolete] covid-19;abnormalities, drug-induced;breakthrough pain;cerebral hemorrhage;cesium;death;diabetes mellitus;hemorrhage;hypertension;infections;myocarditis;phenylalanine;pulmonary embolism;sinus thrombosis, intracranial;stillbirth;thrombocytopenia;thrombosis
32278619	[obsolete] covid-19;arbovirus infections;coronavirus infections;death;enfermedades del sistema nervioso central;fever;infarction;infections;pneumonia, viral;pregnancy complications, infectious;severe acute respiratory syndrome
35079695	[obsolete] covid-19;atrial fibrillation;cerebral infarction;diabetes mellitus;hyperlipidemias;hypertension;stroke
35197179	[obsolete] covid-19;acquired immunodeficiency syndrome;communicable diseases;death;hiv infections;tuberculosis
35036208	[obsolete] covid-19;anorexia;autoimmune diseases;breast neoplasms;chemical and drug induced liver injury;chest pain;cold injury;cough;death;dyspnea;fever;huntington disease;infections;lung diseases;lung neoplasms;neoplasms;oxygen;pulmonary embolism;respiratory distress syndrome;sepsis;tachycardia;tuberculosis;venous thrombosis;weight loss
34101903	[obsolete] covid-19
33651340	[obsolete] covid-19;adjustment disorders;arthritis;back pain;coronary artery disease;diabetes mellitus;heart failure;infections;lung diseases;musculoskeletal diseases;neurodegenerative diseases;pain;psychological distress;psychological trauma
33634042	[obsolete] covid-19;asthma;coronavirus infections;death;diabetes mellitus;hypertension;infections;job syndrome;respiration disorders;severe acute respiratory syndrome
32294078	[obsolete] covid-19;adjustment disorders;anxiety;arbovirus infections;chronic disease;communicable diseases;coronavirus infections;death;fatigue;hiv infections;hypothalamic neoplasms;infections;mental disorders;nervous system diseases;pneumonia;pneumonia, viral;psychological distress;severe acute respiratory syndrome;sleep initiation and maintenance disorders;sleep wake disorders
32343408	[obsolete] covid-19;arbovirus infections;bacterial infections;cadmium;communicable diseases;coronavirus infections;cough;death;diarrhea;exanthema;fractures, open;infections;myoclonus;myotonic dystrophy;pneumonia, viral;pruritus;respiratory tract diseases;respiratory tract infections;skin diseases;strudwick syndrome;tetany;virus diseases;water
34031119	[obsolete] covid-19;arbovirus infections;atrial fibrillation;cardiomyopathies;cardiovascular diseases;coronary artery disease;coronavirus infections;critical illness;death;diabetes mellitus;heart failure;hypertension;hypertension, pulmonary;hypoxia;infections;kidney diseases;liver failure, acute;lung diseases;lung injury;multiple organ failure;myocardial infarction;neurologic manifestations;oxygen;pulmonary embolism;stroke;ventricular dysfunction, left;ventricular fibrillation;ventricular remodeling
32367484	[obsolete] covid-19;communicable diseases;coronavirus infections;hiv infections;infections;pneumonia, viral;severe acute respiratory syndrome;sexual dysfunctions, psychological;wounds and injuries
32484943	[obsolete] covid-19;coronavirus infections;pneumonia, viral
34589743	[obsolete] covid-19;adjustment disorders;anxiety;arthritis;arthritis, rheumatoid;attention deficit disorder with hyperactivity;autoimmune diseases;blindness;brain injuries;brain ischemia;breast neoplasms;cadmium;cardiovascular diseases;chronic disease;cognition disorders;corneal endothelial dystrophy type 2;coronary artery disease;death;dementia;diabetes mellitus;dystonia;epilepsy;fatigue;headache disorders, secondary;hiv infections;hydrocortisone;hypesthesia;hypothalamic neoplasms;infections;inflammation;irritable bowel syndrome;mental disorders;metformin;methotrexate;movement disorders;muscle weakness;necrosis;neoplasms;nervous system diseases;neuralgia;neurocognitive disorders;neurodegenerative diseases;neurologic manifestations;obesity;oxygen;pain;paralysis;parkinson disease;psychological distress;psychomotor disorders;pulmonary disease, chronic obstructive;schizophrenia;seizures;sepsis;sexual dysfunctions, psychological;stroke;thrombosis;tremor;venous thrombosis;vision disorders;wounds and injuries
35507290	[obsolete] covid-19;acute coronary syndrome;adjustment disorders;arbovirus infections;cardiovascular diseases;chest pain;colchicine;coronavirus infections;cough;death;dexamethasone;epstein-barr virus infections;fever;heart diseases;heart failure;huntington disease;ibuprofen;inflammation;kidney diseases;kidney failure, chronic;myocardial infarction;myocarditis;oxygen;pain;pancreatitis;pericardial effusion;pericarditis;pneumonia;renal insufficiency, chronic;respiratory distress syndrome;respiratory insufficiency;signs and symptoms, respiratory;takotsubo cardiomyopathy;wounds and injuries
35135773	[obsolete] covid-19;asthma;atherosclerosis;atrial fibrillation;cardiovascular diseases;coronary artery disease;cough;creatinine;cross infection;death;dexamethasone;diabetes mellitus;fever;glucose;heart failure;hepatolenticular degeneration;hiv infections;hypertension;hypotension;hypoxia;infections;ischemia;johnson neuroectodermal syndrome;kidney diseases;liver diseases;neoplasms;obesity;oxygen;peripheral arterial disease;pulmonary disease, chronic obstructive;pulmonary fibrosis;renal insufficiency, chronic;respiratory insufficiency;respiratory tract diseases;steroids;stroke;technetium;tocilizumab;urea;williams syndrome
33071434	[obsolete] covid-19;adjustment disorders;alcohols;cardiovascular diseases;communicable diseases;coronavirus infections;cough;diabetes mellitus;hepatitis b;infections;memory disorders;neoplasms;pulmonary disease, chronic obstructive;renal insufficiency, chronic;respiratory tract diseases;shock
34594688	[obsolete] covid-19;infections
33479805	[obsolete] covid-19;adjustment disorders;alzheimer disease;bipolar disorder;coronavirus infections;death;diabetes mellitus;disruptive, impulse control, and conduct disorders;heredodegenerative disorders, nervous system;hypertension;mental disorders;psychological distress;respiratory tract diseases;sexual dysfunctions, psychological;vision disorders
35111874	[obsolete] covid-19;acute disease;arbovirus infections;asthma;bronchitis;communicable diseases;cough;fatigue;fever;macrolides;respiratory insufficiency;respiratory tract infections;rhinitis;signs and symptoms, respiratory
33231569	[obsolete] covid-19;adenocarcinoma;arbovirus infections;breast neoplasms;carcinoma, hepatocellular;carcinoma, squamous cell;colonic neoplasms;colorectal neoplasms;death;hematologic neoplasms;infections;leukemia, myeloid, acute;lung neoplasms;melanoma;neoplasm metastasis;neoplasms;pancreatic neoplasms;papillary renal cell carcinoma, sporadic;sarcoma;urinary bladder neoplasms
34634404	[obsolete] covid-19;alcohols;anophthalmos;chlorhexidine;chlorine;communicable diseases;copper;coronavirus infections;cough;death;dyspnea;ethanol;fever;flushing;hydrogen peroxide;hypertension;infections;inflammatory bowel diseases;lipids;pneumonia;polypropylenes;respiratory tract infections;signs and symptoms, digestive;water
32328576	[obsolete] covid-19;acute lung injury;arbovirus infections;ascorbic acid;bacterial infections;cold injury;critical illness;death;hydrocortisone;hypoxia;inflammation;lung diseases;lung injury;mitochondrial diseases;multiple organ failure;neoplasms;nitrogen;respiration disorders;respiratory distress syndrome;respiratory tract diseases;respiratory tract infections;sepsis;shock, septic;wounds and injuries
35434696	[obsolete] covid-19;bilirubin;coinfection;cough;creatinine;critical illness;death;diabetes mellitus;diabetes mellitus, type 2;dyspnea;fever;headache;headache disorders, secondary;heart diseases;hypertension;leukocytosis;lymphopenia;myalgia;oxygen;parkinson disease;pulmonary disease, chronic obstructive;renal insufficiency, chronic;weight loss
32692733	[obsolete] covid-19;abdominal pain;alcohols;azathioprine;calcium;cardiovascular diseases;ceftriaxone;chronic disease;communicable diseases;coronavirus infections;cough;critical illness;death;diabetes mellitus;fever;gastrointestinal diseases;glucose;hydroxychloroquine;hypertension;infections;inflammation;liver diseases;lung diseases;lung injury;mental disorders;meropenem;methylprednisolone;nausea;necrosis;neoplasms;nitrogen;osteoporosis;oxygen;pain;pancreatic neoplasms;pancreatitis;pneumonia;pneumonia, viral;prednisone;psychoses, substance-induced;respiratory distress syndrome;rheumatic diseases;severe acute respiratory syndrome;steroids;triglycerides;urea
34394297	[obsolete] covid-19;adjustment disorders;anxiety;cardiovascular diseases;chronic disease;communicable diseases;coronavirus infections;cough;cytokines;death;diabetes mellitus;dyspnea;fever;glucose;hypertension;infections;inflammation;metabolic diseases;muscular diseases;necrosis;neoplasms;neurologic manifestations;nitric oxide;obesity;osteoarthritis;pneumonia;pulmonary disease, chronic obstructive;respiratory tract diseases;respiratory tract infections;seizures;severe acute respiratory syndrome
34757734	[obsolete] covid-19
32463534	[obsolete] covid-19;coronavirus infections;heart failure;pneumonia, viral
33448086	[obsolete] covid-19
33363552	[obsolete] covid-19;adenine;adenosine;arbovirus infections;arginine;barium;carbon;chronic pain;cytosine;drug-related side effects and adverse reactions;encephalitis;enfermedades del sistema nervioso central;flavonoids;infections;leucine;metals;polyphenols;salts;sugars;water
32354565	[obsolete] covid-19;atelosteogenesis type 2;coronavirus infections;death;distal myopathies;gerstmann syndrome;infections
34107113	[obsolete] covid-19;cytokines
35151081	[obsolete] covid-19;carcinoma, non-small-cell lung;genetic diseases, inborn;hydrochloric acid;infections;neoplasms;octoxynol;oligonucleotides;pneumonia;sodium chloride;water
33244583	[obsolete] covid-19;arbovirus infections;infections;respiratory tract diseases
35132343	[obsolete] covid-19;death
33527783	[obsolete] covid-19;brain injuries, traumatic;colorectal neoplasms;drug overdose;infections;lung neoplasms;pneumonia;venous thromboembolism
32311499	[obsolete] covid-19;adenocarcinoma;carcinoma, non-small-cell lung;coronavirus infections;critical illness;infections;lung neoplasms;neoplasms;pneumonia;pneumonia, viral
35366438	[obsolete] covid-19;death;infections;respiratory insufficiency
32776524	[obsolete] covid-19;adjustment disorders
32406952	[obsolete] covid-19;death;hypoalbuminemia;liver diseases;lymphopenia
32421878	[obsolete] covid-19;skin diseases
32429009	[obsolete] covid-19;airway obstruction;colorectal neoplasms;cough;fever;hemorrhage;infections;liver diseases;neoplasms;olfaction disorders;pharyngeal diseases;pneumonia;pneumoperitoneum;respiratory tract diseases;respiratory tract infections
34145263	[obsolete] covid-19;[obsolete] polyacrylamide;arbovirus infections;coinfection;communicable diseases;coronavirus infections;cough;creatinine;cross infection;death;diabetes mellitus;diarrhea;drug hypersensitivity;drug-related side effects and adverse reactions;dyspnea;fever;glutamic acid;huntington disease;hydrochloric acid;infections;influenza, human;kidney diseases;lopinavir-ritonavir drug combination;lung diseases;memory disorders;myalgia;obesity;octoxynol;paraform;penicillins;pneumonia;polysorbates;proline;remdesivir;respiratory distress syndrome;respiratory tract diseases;respiratory tract infections;sepharose;signs and symptoms, respiratory;sodium citrate;sodium dodecyl sulfate;streptomycin;water;zoonoses
32776538	[obsolete] covid-19;hemolysis;thrombocytopenia
32078069	[obsolete] covid-19;acidosis;adjustment disorders;anxiety;blood coagulation disorders;communicable diseases;coronavirus infections;cough;critical illness;cross infection;death;diarrhea;dyspnea;fever;headache;heredodegenerative disorders, nervous system;infections;lopinavir;lopinavir-ritonavir drug combination;lung injury;muscle weakness;myalgia;oxygen;pneumonia;remdesivir;respiratory distress syndrome;respiratory tract diseases;respiratory tract infections;ritonavir;severe acute respiratory syndrome;shock, septic;signs and symptoms, respiratory
32590691	[obsolete] covid-19;asthma;deuterium;infections;inflammation;lipopolysaccharides;methylene blue;pancreatitis;pneumonia;respiratory tract infections;shock, septic
34012470	[obsolete] covid-19;aicardi syndrome;alcohols;death;headache;infections;seizures;water
34730436	[obsolete] covid-19;alcohols;communicable diseases;coronavirus infections;cough;death;diarrhea;dyspnea;feeding and eating disorders;fever;headache;infections;myalgia;pneumonia;water
35224217	[obsolete] covid-19;chest pain;chronic disease;communicable diseases;coronavirus infections;death;diarrhea;fever;hepatitis b;infections;meningitis;peripheral arterial disease;pneumococcal infections;rubella;tachycardia, ventricular;tetany
34667785	[obsolete] covid-19;abdominal pain;angina pectoris;anorexia;arrhythmias, cardiac;autistic disorder;breast neoplasms;communicable diseases;coronary artery disease;coronavirus infections;cough;critical illness;death;diabetes mellitus;diarrhea;dizziness;dyspnea;fatigue;fatty liver;fever;headache;heart arrest;heart diseases;hypertension;infections;learning disabilities;liver failure;myalgia;nausea;neoplasms;obesity;oxygen;pain;pneumonia;pneumothorax;respiratory distress syndrome;respiratory tract diseases;respiratory tract infections;vomiting;water;zoonoses
34912863	[obsolete] covid-19;adenomatous polyposis coli;arbovirus infections;arthritis, rheumatoid;autoimmune diseases;cardiomyopathies;cardiovascular abnormalities;cardiovascular diseases;chemical and drug induced liver injury;coronary artery disease;death;diabetes mellitus;dyspnea;heart diseases;heart failure;hypertension;hypertension, pulmonary;hypotension;infections;iron;lung diseases;microvascular angina;multiple organ failure;myocarditis;neurologic manifestations;oxygen;pericardial effusion;pericarditis;pneumonia;proline;respiratory distress syndrome;stenosis, pulmonary artery;takotsubo cardiomyopathy;ventricular dysfunction, left;ventricular remodeling
32200654	[obsolete] covid-19;coronavirus infections;cough;death;diabetes mellitus;dyspnea;fever;immunologic deficiency syndromes;infections;lopinavir-ritonavir drug combination;meropenem;methylprednisolone;moxifloxacin;oseltamivir;pharyngeal diseases;pneumonia, viral;severe acute respiratory syndrome;tuberculosis;vancomycin
34281002	[obsolete] covid-19;adjustment disorders;asthenia;brain injuries;brain injuries, traumatic;coma;communicable diseases;consciousness disorders;coronavirus infections;cough;death;diabetes mellitus;diarrhea;dyspnea;headache;heart failure;hemorrhage;hypertension;infections;mental disorders;myalgia;neoplasms;nervous system diseases;pain;pharyngeal diseases;renal insufficiency, chronic;vomiting;wounds and injuries
35353955	[obsolete] covid-19;adjustment disorders;anxiety;chronic disease;communicable diseases;coronary artery disease;death;diabetes mellitus;epilepsy;hypertension;infections;mental disorders;methadone;mood disorders;phobic disorders;psychological distress;seizures;vision disorders
35327811	[obsolete] covid-19;adjustment disorders;anxiety;atelosteogenesis type 2;death;deuterium;distal myopathies;infections;psychological distress;wounds and injuries
33621654	[obsolete] covid-19;creatine;diabetes mellitus;dyslipidemias;hypertension;infections;kidney failure, chronic;liver diseases;lymphopenia;neoplasms;peptides;sepsis;sleep apnea syndromes;venous thromboembolism;venous thrombosis
35127890	[obsolete] covid-19;death;infections;migraine disorders;neurologic manifestations
33551798	[obsolete] covid-19;arthritis, rheumatoid;crohn disease;death;infections;inflammation;inflammatory bowel diseases;infliximab;methotrexate;pneumonia;respiratory distress syndrome;respiratory tract diseases;respiratory tract infections;rheumatic diseases;steroids
35535411	[obsolete] covid-19;compassion fatigue;sleep wake disorders;stress disorders, traumatic;wounds and injuries
35294728	[obsolete] covid-19;adjustment disorders;anxiety;breakthrough pain;chest pain;chronic disease;constipation;cough;death;diabetes mellitus;diarrhea;dyslipidemias;dyspnea;fatigue;fibrosis;headache;headache disorders, secondary;heart diseases;hypertension;infections;lung diseases;memory disorders;mental disorders;myalgia;oxygen;pain;signs and symptoms, respiratory;sleep initiation and maintenance disorders;stress disorders, post-traumatic;stress disorders, traumatic
32954595	[obsolete] covid-19;feeding and eating disorders;obesity
34200791	[obsolete] covid-19;adjustment disorders;anxiety;arbovirus infections;asthma;cardiovascular diseases;cognition disorders;colonic neoplasms;communicable diseases;coronavirus infections;critical illness;cytokines;death;diabetes mellitus;diabetes mellitus, type 2;dyspnea;emphysema;fatigue;fever;fibrosis;glutathione;heart diseases;hypertension;hypertension, pulmonary;immune system diseases;infections;inflammation;lipids;liver diseases;lung injury;metabolic syndrome;multiple organ failure;muscular diseases;neoplasms;osteoporosis;pain;pneumonia;psychological distress;pulmonary disease, chronic obstructive;reactive oxygen species;respiration disorders;respiratory distress syndrome;respiratory tract infections;seizures;sepsis;shock, septic;stroke
34697001	[obsolete] covid-19;asthma;bacterial infections;coinfection;cold injury;communicable diseases;coronavirus infections;death;gastroenteritis;headache disorders, secondary;infections;malocclusion;pneumonia;respiratory tract diseases;respiratory tract infections;talaromycosis;urinary tract infections;xk aprosencephaly
34383756	[obsolete] covid-19;death;infections
32784414	[obsolete] covid-19;agar;anxiety;arbovirus infections;carbohydrates;carbon;carbon dioxide;chlorine;communicable diseases;coronavirus infections;cough;cross infection;death;drug-related side effects and adverse reactions;hepatitis b;hydrogen peroxide;infections;lipids;mercury;metals;ocular hypertension;oxygen;ozone;pneumonia, viral;respiration disorders;rotavirus infections;severe acute respiratory syndrome;silver;skin diseases;water;zoonoses
34908708	[obsolete] covid-19;adjustment disorders;anxiety;death;muscle weakness;pain;pneumonia;psychological distress;retinal detachment;sodium dodecyl sulfate
32759252	[obsolete] covid-19;cardiomyopathies;coinfection;communicable diseases;coronavirus infections;cough;death;fever;infections;lopinavir;lopinavir-ritonavir drug combination;myotonic dystrophy;pneumonia;pneumonia, viral;respiratory distress syndrome;respiratory tract diseases
32239515	[obsolete] covid-19;coronavirus infections
33315061	death;infections
33595076	[obsolete] covid-19
35378801	[obsolete] covid-19;anxiety;heart diseases;infections;pain
34988861	[obsolete] covid-19;anxiety;arthritis, rheumatoid;breast neoplasms;colorectal neoplasms;infections;iron;neoplasms;pain;takotsubo cardiomyopathy
35399336	[obsolete] covid-19;emanuel syndrome;infections;mastocytosis, systemic;respiratory tract diseases
35052240	[obsolete] covid-19;adjustment disorders;alcohols;communicable diseases;coronavirus infections;cough;cross infection;death;infections;oxygen;respiratory distress syndrome;shock;vomiting;water
35165656	[obsolete] covid-19
33668405	[obsolete] covid-19;arbovirus infections;atherosclerosis;carbon;communicable diseases;coronavirus infections;cytokines;dapi;death;diabetes mellitus;diarrhea;hiv infections;immunologic deficiency syndromes;infections;inflammation;lipopolysaccharides;neonatal herpes;neoplasms;octoxynol;ozone;paraform;pneumonia;respiratory tract diseases;respiratory tract infections;sepharose;severe acute respiratory syndrome;zoonoses
35586079	[obsolete] covid-19;alcohols;anxiety;arbovirus infections;ascorbic acid;chronic disease;coronavirus infections;cough;death;infections;mental disorders;phobic disorders;pneumonia;respiratory tract infections;salts;seizures;sodium chloride;water;xerostomia
34072087	[obsolete] covid-19;antiviral agents;arbovirus infections;blood coagulation disorders;brain injuries;breast neoplasms;carbon;carbon dioxide;cardiovascular diseases;cerebral infarction;chronic disease;death;dimethyl sulfoxide;drug-related side effects and adverse reactions;gentian violet;glucose;glutamine;glycosaminoglycans;heparan sulfate;heparin;histidine;hiv infections;hydrogen;infections;lead;neoplasms;neurologic manifestations;oseltamivir;oxygen;polyphenols;polysorbates;remdesivir;sodium chloride;sulfur;tachycardia, ventricular;terbium;thromboembolism
32343658	[obsolete] covid-19;acetaminophen;adrenal insufficiency;antiviral agents;arbovirus infections;arthritis, rheumatoid;chloroquine;chronic disease;coronavirus infections;cough;death;diarrhea;drug-related side effects and adverse reactions;encephalitis;favipiravir;fever;hemorrhagic fever, ebola;hepatitis b;hepatitis c, chronic;hiv infections;hydroxychloroquine;ibuprofen;infections;liver failure;lopinavir;lopinavir-ritonavir drug combination;malaria;meningitis, bacterial;muscular diseases;nucleosides;oseltamivir;oxygen;pancreatitis;pneumonia;pneumonia, viral;remdesivir;respiration disorders;respiratory insufficiency;respiratory tract infections;ribavirin;ritonavir;serine;severe acute respiratory syndrome;umifenovir;vancomycin;vomiting;zoonoses
34280115	[obsolete] covid-19;chemical and drug induced liver injury;communicable diseases;cough;death;diabetes complications;diabetes mellitus;diarrhea;feeding and eating disorders;fever;fractures, open;headache;hepatitis b;hypertension;immune system diseases;immunologic deficiency syndromes;infections;liver diseases;meningitis;myalgia;neoplasms;papillomavirus infections;pneumonia;vaccines;vomiting
35601571	[obsolete] covid-19;acute kidney injury;blood coagulation disorders;critical illness;death;enoxaparin;hemorrhage;heparin;heparin, low-molecular-weight;hypoxia;pulmonary embolism;respiratory distress syndrome;respiratory tract infections;thromboembolism;thrombosis;venous thromboembolism;venous thrombosis
32339218	[obsolete] covid-19
34568168	[obsolete] covid-19;adjustment disorders;aluminum;anorexia;arbovirus infections;cardiovascular diseases;cognition disorders;cough;cryopyrin-associated periodic syndromes;death;diabetes mellitus;dyspnea;end stage liver disease;ethanol;fatigue;feeding and eating disorders;fever;headache;hypertension;immunologic deficiency syndromes;infections;job syndrome;leukopenia;lung diseases;lymphopenia;myalgia;nausea;neoplasms;pharyngeal diseases;pneumonia;psychological distress;respiratory distress syndrome;respiratory insufficiency;respiratory tract diseases;respiratory tract infections;sodium hypochlorite;thrombocytopenia;vomiting
35142693	[obsolete] covid-19;alexa fluor 647;autoimmune diseases;brain injuries;calcium;cardiac output, low;coinfection;colitis;death;demyelinating diseases;enfermedades del sistema nervioso central;eosine yellowish-(ys);ethanol;fibrosis;heart failure;helium;hematoxylin;hereditary breast and ovarian cancer syndrome;hypertension;inflammation;ischemia;ketamine;kidney diseases;lipopolysaccharides;lymphohistiocytosis, hemophagocytic;lymphoma, b-cell;multiple sclerosis;myelitis;neoplasms;nerve degeneration;nervous system diseases;neurodegenerative diseases;neurologic manifestations;octoxynol;paraffin;paraform;penicillins;polyvinylidene fluoride;psychological distress;ruxolitinib;sodium dodecyl sulfate;streptomycin;trizol;water
34777896	[obsolete] covid-19;acquired immunodeficiency syndrome;alcohols;amines;carbon;chemical and drug induced liver injury;coronavirus infections;drug-related side effects and adverse reactions;edema;flushing;hemorrhagic fever, ebola;hepatitis b;hepatitis e;hiv infections;infections;lipids;metals;neoplasms;oligonucleotides;oxygen;phosphates;pneumonia;polymers;polysaccharides;silicon dioxide;silver;water
34274212	[obsolete] covid-19;death;infections
35078495	[obsolete] covid-19;critical illness;hypoxia;oxygen;pneumonia;respiratory insufficiency
35455356	[obsolete] covid-19;arbovirus infections;autistic disorder;autoimmune diseases;cardiovascular diseases;cholesterol;chronic disease;communicable diseases;coronavirus infections;death;fever;hepatitis b;immunologic deficiency syndromes;infections;inflammation;lipids;memory disorders;metformin;mitochondrial diseases;neoplasms;neurodegenerative diseases;neurologic manifestations;paralysis;pneumococcal infections;pneumonia;polysaccharides;reactive oxygen species;respiratory tract infections;tetany
34253291	[obsolete] covid-19;arbovirus infections;bacterial infections;barium;carcinoma, hepatocellular;cardiac output, low;chemical and drug induced liver injury;cold injury;communicable diseases;death;diarrhea;encephalitis;encephalomyelitis, acute disseminated;fever;fibrosis;flavivirus infections;hepatitis b;hepatitis c;hepatitis, viral, human;hypertension, pulmonary;infections;liver cirrhosis;liver diseases;liver failure, acute;meningitis;meningitis, bacterial;meningococcal infections;myoclonus;neoplasms;papillomavirus infections;pneumococcal infections;pneumonia;poliomyelitis;polysaccharides;rotavirus infections;rubella;sexual dysfunctions, psychological;terbium;tetany;water;zoonoses
34649268	[obsolete] covid-19;arbovirus infections;cardiac output, low;coronavirus infections;death;infections;nervous system diseases;seizures
32671230	[obsolete] covid-19;adjustment disorders;alcoholism;alcohols;anxiety;blindness;death;infections;job syndrome;psychological distress;respiratory distress syndrome
34580550	[obsolete] covid-19;coronavirus infections;cystic fibrosis;death;fatigue;fibrosis;heart failure;infections;lymphatic diseases;neoplasms;pleural effusion;pneumonia
