33644905	MESH:C000657245,MESH:D003371,MESH:D005334,MESH:D007239,MESH:D010146,MESH:D012128
35358238	MESH:C000657245,MESH:D000163,MESH:D000740,MESH:D001145,MESH:D002318,MESH:D003128,MESH:D003371,MESH:D003404,MESH:D003643,MESH:D003907,MESH:D003920,MESH:D004417,MESH:D005334,MESH:D006261,MESH:D006331,MESH:D006973,MESH:D007153,MESH:D007239,MESH:D007964,MESH:D008171,MESH:D008661,MESH:D009102,MESH:D009203,MESH:D009369,MESH:D009422,MESH:D009584,MESH:D009765,MESH:D010100,MESH:D010146,MESH:D011655,MESH:D012128,MESH:D012141,MESH:D012818,MESH:D013927,MESH:D014508,MESH:D015658,MESH:D016638,MESH:D018771,MESH:D018805,MESH:D019344,MESH:D020246,MESH:D051436,MESH:D054556,MESH:D058186,MESH:D063806
34846280	MESH:C000657245,MESH:D003643,MESH:D007239,MESH:D011014
33713112	MESH:C000657245,MESH:D015179
34762561	MESH:C000657245,MESH:D000998,MESH:D003643
32389999	MESH:C000657245,MESH:D000079225,MESH:D000275,MESH:D001007,MESH:D001523,MESH:D002318,MESH:D002637,MESH:D003141,MESH:D003643,MESH:D004342,MESH:D005221,MESH:D005334,MESH:D006854,MESH:D006987,MESH:D007239,MESH:D007249,MESH:D007319,MESH:D007674,MESH:D008607,MESH:D009771,MESH:D010146,MESH:D010259,MESH:D011024,MESH:D011605,MESH:D011618,MESH:D012892,MESH:D012893,MESH:D013313,MESH:D014947,MESH:D018352,MESH:D019344,MESH:D040921,MESH:D051271
34867122	MESH:C000657245,MESH:D000067073,MESH:D000275,MESH:D001007,MESH:D001523,MESH:D002908,MESH:D003141,MESH:D003643,MESH:D004827,MESH:D007239,MESH:D012559,MESH:D012893,MESH:D013313,MESH:D015835,MESH:D018352,MESH:D045169
34161389	MESH:C000657245,MESH:D000079225,MESH:D000275,MESH:D001007,MESH:D001102,MESH:D001168,MESH:D001714,MESH:D002908,MESH:D003072,MESH:D003141,MESH:D003643,MESH:D003920,MESH:D006331,MESH:D006973,MESH:D007239,MESH:D009369,MESH:D009800,MESH:D012140,MESH:D012559,MESH:D014867,MESH:D018352,MESH:D020521,MESH:D034381,MESH:D051436,MESH:D058540
35584232	MESH:C000657245,MESH:D014867
32476305	MESH:C000657245,MESH:D001007,MESH:D001991,MESH:D003141,MESH:D003643,MESH:D003967,MESH:D006509,MESH:D007239,MESH:D008581,MESH:D011008,MESH:D011014,MESH:D011024,MESH:D011251,MESH:D012140,MESH:D012141,MESH:D018352,MESH:D045169,MESH:D060085
34371224	MESH:C000657245,MESH:D001049,MESH:D003141,MESH:D004244,MESH:D006258,MESH:D007239,MESH:D008310,MESH:D009059,MESH:D009369,MESH:D010608,MESH:D012220,MESH:D015179,MESH:D034381,MESH:D052016
33167115	MESH:C000657245,MESH:D001007,MESH:D003643,MESH:D007239,MESH:D019966
34903197	MESH:C000657245,MESH:D000275,MESH:D001007,MESH:D001523,MESH:D012640
35283488	MESH:C000657245
34145087	MESH:C000657245,MESH:D009798,MESH:D012141
34465068	MESH:C000657245,MESH:D000275,MESH:D000431,MESH:D000783,MESH:D001007,MESH:D002544,MESH:D002710,MESH:D003643,MESH:D005334,MESH:D006973,MESH:D007239,MESH:D007319,MESH:D011014,MESH:D012140,MESH:D012818,MESH:D012973,MESH:D018352,MESH:D020521
32294667	MESH:C000657245,MESH:D000082,MESH:D003072,MESH:D003371,MESH:D007239,MESH:D011024,MESH:D012818,MESH:D018352
35267053	MESH:C000657245,MESH:D000079225,MESH:D000275,MESH:D001007,MESH:D001068,MESH:D001523,MESH:D003643,MESH:D003920,MESH:D006331,MESH:D007239,MESH:D009207,MESH:D010146,MESH:D010259,MESH:D011605,MESH:D011618,MESH:D012128,MESH:D012559,MESH:D013313,MESH:D018352,MESH:D019964
33814022	MESH:C000657245,MESH:D003643,MESH:D007239,MESH:D058345,MESH:D060085
34545952	MESH:C000657245,MESH:D009369,MESH:D015451
33692744	MESH:C000657245,MESH:D000370,MESH:D000438,MESH:D000860,MESH:D001241,MESH:D001929,MESH:D001930,MESH:D002544,MESH:D002545,MESH:D002561,MESH:D003643,MESH:D003920,MESH:D006470,MESH:D006973,MESH:D007238,MESH:D007239,MESH:D008687,MESH:D009203,MESH:D009223,MESH:D009422,MESH:D011014,MESH:D013923,MESH:D013927,MESH:D017984,MESH:D018352,MESH:D020521,MESH:D054556
32499903	MESH:C000657245,MESH:D007239,MESH:D010146
33864328	MESH:C000657245,MESH:D001007
34890441	MESH:C000657245,MESH:D000370,MESH:D000857,MESH:D002318,MESH:D003371,MESH:D003643,MESH:D003920,MESH:D003967,MESH:D004417,MESH:D005221,MESH:D005334,MESH:D006261,MESH:D006973,MESH:D007022,MESH:D007153,MESH:D007239,MESH:D008171,MESH:D009325,MESH:D009422,MESH:D009757,MESH:D009765,MESH:D010608,MESH:D012140,MESH:D012141,MESH:D012817,MESH:D013651,MESH:D014839,MESH:D015746,MESH:D016638,MESH:D018352,MESH:D051271,MESH:D051436,MESH:D055370,MESH:D058625,MESH:D063806
34196793	MESH:C000657245,MESH:C535733,MESH:D001102,MESH:D001172,MESH:D003643,MESH:D006623,MESH:D007674,MESH:D008727,MESH:D009140,MESH:D012213,MESH:D012216,MESH:D018352
32467792	MESH:C000657245,MESH:D000138,MESH:D001241,MESH:D001919,MESH:D002118,MESH:D002395,MESH:D003371,MESH:D003404,MESH:D003643,MESH:D004298,MESH:D004417,MESH:D004837,MESH:D005221,MESH:D005334,MESH:D005947,MESH:D006261,MESH:D006331,MESH:D006886,MESH:D006943,MESH:D006973,MESH:D007022,MESH:D007239,MESH:D007511,MESH:D007674,MESH:D008171,MESH:D009102,MESH:D009584,MESH:D010100,MESH:D010608,MESH:D011014,MESH:D011188,MESH:D012128,MESH:D012131,MESH:D013575,MESH:D014508,MESH:D016638,MESH:D017963,MESH:D018352,MESH:D018805,MESH:D051436,MESH:D051437,MESH:D054537,MESH:D058186,MESH:D064420
32246972	MESH:C000657245,MESH:D008751,MESH:D011024,MESH:D011108,MESH:D012871,MESH:D018352
32376401	MESH:C000657245,MESH:C502936,MESH:D000860,MESH:D001102,MESH:D001171,MESH:D001172,MESH:D001327,MESH:D001523,MESH:D003643,MESH:D006086,MESH:D007239,MESH:D008180,MESH:D009080,MESH:D011024,MESH:D012120,MESH:D012131,MESH:D018352,MESH:D051359,MESH:D055501,MESH:D060825,MESH:D061325,MESH:D064420
33954065	MESH:C000657245,MESH:D000082,MESH:D001102,MESH:D002637,MESH:D003141,MESH:D003371,MESH:D004342,MESH:D004417,MESH:D004487,MESH:D004890,MESH:D005076,MESH:D005334,MESH:D006632,MESH:D007239,MESH:D010100,MESH:D012140,MESH:D012871,MESH:D012893,MESH:D014581,MESH:D014839,MESH:D015431,MESH:D018352,MESH:D056587
32327321	MESH:C000657245,MESH:D000275,MESH:D003643,MESH:D005221,MESH:D007239,MESH:D009369,MESH:D011024,MESH:D018352,MESH:D018908,MESH:D064420
34444648	MESH:C000657245,MESH:D003643,MESH:D007319,MESH:D009765,MESH:D012817,MESH:D015835
34101084	MESH:C000657245,MESH:C535733,MESH:D002245,MESH:D006623
34803247	MESH:C000657245,MESH:D000079225,MESH:D000544,MESH:D001007,MESH:D001102,MESH:D002244,MESH:D003141,MESH:D003643,MESH:D005419,MESH:D006816,MESH:D006859,MESH:D006886,MESH:D009369,MESH:D010100,MESH:D014867,MESH:D019438
33738882	MESH:C000657245,MESH:D000079225,MESH:D000275,MESH:D001007,MESH:D002908,MESH:D003643,MESH:D007239
32493494	MESH:C000657245,MESH:D000853,MESH:D000998,MESH:D001523,MESH:D004342,MESH:D006333,MESH:D006886,MESH:D007239,MESH:D008107,MESH:D008268,MESH:D009369,MESH:D011014,MESH:D011024,MESH:D018352
33469977	MESH:D002784,MESH:D003907,MESH:D005227,MESH:D013256,MESH:D014801,MESH:D014807
32463093	MESH:C000657245,MESH:D011024,MESH:D018352
34515235	MESH:C000657245,MESH:D000275,MESH:D001007,MESH:D001247,MESH:D001523,MESH:D002248,MESH:D002637,MESH:D004417,MESH:D005221,MESH:D006493,MESH:D007674,MESH:D011014,MESH:D013923
32449224	MESH:C000657245,MESH:C558899,MESH:D000014,MESH:D000077266,MESH:D000855,MESH:D000998,MESH:D001007,MESH:D001327,MESH:D002318,MESH:D002561,MESH:D002637,MESH:D002908,MESH:D003141,MESH:D003371,MESH:D003404,MESH:D003643,MESH:D003920,MESH:D003967,MESH:D004244,MESH:D004342,MESH:D004417,MESH:D005221,MESH:D005334,MESH:D006493,MESH:D006495,MESH:D006973,MESH:D007153,MESH:D007239,MESH:D007249,MESH:D007319,MESH:D007674,MESH:D008775,MESH:D009102,MESH:D009202,MESH:D009205,MESH:D010100,MESH:D011014,MESH:D011024,MESH:D011655,MESH:D012128,MESH:D012131,MESH:D012141,MESH:D012818,MESH:D014456,MESH:D014508,MESH:D015415,MESH:D016638,MESH:D017093,MESH:D018352,MESH:D018805,MESH:D051271,MESH:D051436,MESH:D056486,MESH:D057772,MESH:D058625,MESH:D061466
35030205	MESH:C000657245,MESH:D000860,MESH:D001102,MESH:D001145,MESH:D003428,MESH:D003643,MESH:D003907,MESH:D003920,MESH:D006333,MESH:D006854,MESH:D006973,MESH:D007239,MESH:D008171,MESH:D010100,MESH:D011014,MESH:D011654,MESH:D012120,MESH:D012128,MESH:D012131,MESH:D012967,MESH:D013256,MESH:D016638,MESH:D018805,MESH:D051437,MESH:D055370
34608773	MESH:C000657245,MESH:D005334,MESH:D006323,MESH:D007239,MESH:D009173,MESH:D009203,MESH:D010100,MESH:D012770,MESH:D016559
33306721	MESH:C000657245,MESH:D000275,MESH:D000853,MESH:D001007,MESH:D001145,MESH:D001172,MESH:D001249,MESH:D001523,MESH:D002248,MESH:D002318,MESH:D002637,MESH:D003324,MESH:D003371,MESH:D003643,MESH:D003693,MESH:D003920,MESH:D003967,MESH:D004408,MESH:D004417,MESH:D005221,MESH:D005334,MESH:D006261,MESH:D006331,MESH:D006333,MESH:D006949,MESH:D006973,MESH:D007037,MESH:D007153,MESH:D007239,MESH:D009202,MESH:D009203,MESH:D009369,MESH:D009765,MESH:D010100,MESH:D010146,MESH:D012120,MESH:D012128,MESH:D012140,MESH:D012559,MESH:D012891,MESH:D013256,MESH:D013923,MESH:D013927,MESH:D015673,MESH:D018352,MESH:D018771,MESH:D020246,MESH:D020521,MESH:D024821,MESH:D029424,MESH:D040921,MESH:D045169,MESH:D059246,MESH:D063806
35206434	MESH:C000657245,MESH:C536767,MESH:D000079225,MESH:D000275,MESH:D000309,MESH:D000544,MESH:D001007,MESH:D001523,MESH:D002104,MESH:D002303,MESH:D002318,MESH:D002908,MESH:D003324,MESH:D003643,MESH:D003704,MESH:D003920,MESH:D003924,MESH:D005221,MESH:D006331,MESH:D006527,MESH:D006623,MESH:D007239,MESH:D009140,MESH:D009369,MESH:D009765,MESH:D010024,MESH:D011014,MESH:D012640,MESH:D014867,MESH:D017887,MESH:D018352,MESH:D050723
34679466	MESH:C000657245,MESH:D000275,MESH:D001249,MESH:D001281,MESH:D002318,MESH:D002908,MESH:D003141,MESH:D003371,MESH:D003643,MESH:D003907,MESH:D003920,MESH:D004417,MESH:D005334,MESH:D006323,MESH:D006973,MESH:D007239,MESH:D007249,MESH:D008171,MESH:D008288,MESH:D009369,MESH:D009638,MESH:D010100,MESH:D010232,MESH:D012131,MESH:D013307,MESH:D014376,MESH:D015658,MESH:D018908,MESH:D029424,MESH:D051271,MESH:D051436,MESH:D051437,MESH:D059246,MESH:D060085
32599201	MESH:C000657245,MESH:D000070642,MESH:D000783,MESH:D001480,MESH:D001932,MESH:D002544,MESH:D004827,MESH:D005776,MESH:D007239,MESH:D007511,MESH:D009369,MESH:D009422,MESH:D010146,MESH:D010300,MESH:D011014,MESH:D011024,MESH:D012421,MESH:D014947,MESH:D018352,MESH:D020300,MESH:D020521
33999135	MESH:C000657245,MESH:D003643,MESH:D012128,MESH:D017093
34108378	MESH:C000657245
34224607	MESH:C000657245
32450108	MESH:C000657245,MESH:D003141,MESH:D003643,MESH:D007239,MESH:D011024,MESH:D014867,MESH:D018352
33341894	MESH:C000657245,MESH:D000806,MESH:D000998,MESH:D007455
35122732	MESH:C000657245,MESH:D003643,MESH:D009181,MESH:D009369,MESH:D012128,MESH:D016638
33581061	MESH:C000657245,MESH:D000275,MESH:D000438,MESH:D002908,MESH:D003643,MESH:D003920,MESH:D006973,MESH:D007239,MESH:D009765,MESH:D012141,MESH:D014867
33882021	MESH:C000656865,MESH:C000657245,MESH:D000079225,MESH:D000275,MESH:D001007,MESH:D001289,MESH:D001321,MESH:D001714,MESH:D009765,MESH:D009771,MESH:D010698,MESH:D012559,MESH:D012893,MESH:D013313,MESH:D016584
33928916	MESH:C000657245,MESH:D000535,MESH:D001102,MESH:D001778,MESH:D002908,MESH:D003141,MESH:D003371,MESH:D003643,MESH:D003967,MESH:D004342,MESH:D004417,MESH:D004487,MESH:D004890,MESH:D005221,MESH:D005334,MESH:D005921,MESH:D006261,MESH:D006509,MESH:D007153,MESH:D007239,MESH:D007249,MESH:D010146,MESH:D011014,MESH:D011537,MESH:D015658,MESH:D034721,MESH:D050723,MESH:D063806
32680626	MESH:C000657245,MESH:D000014,MESH:D000079225,MESH:D001007,MESH:D002244,MESH:D003371,MESH:D005221,MESH:D005334,MESH:D007239,MESH:D007674,MESH:D008231,MESH:D009080,MESH:D009369,MESH:D010146,MESH:D011024,MESH:D014552,MESH:D014947,MESH:D018352,MESH:D019965,MESH:D051437,MESH:D056587
35175442	MESH:C000606551,MESH:C000657245,MESH:D001102,MESH:D001927,MESH:D002493,MESH:D002543,MESH:D002561,MESH:D003141,MESH:D003643,MESH:D003693,MESH:D003907,MESH:D004660,MESH:D006261,MESH:D006493,MESH:D006886,MESH:D007239,MESH:D007511,MESH:D008171,MESH:D008775,MESH:D009422,MESH:D010100,MESH:D012140,MESH:D012640,MESH:D013256,MESH:D013345,MESH:D020271,MESH:D020521,MESH:D061466
35397002	MESH:C000657245,MESH:D007249,MESH:D056587
34597334	MESH:C000657245,MESH:C462182,MESH:D001007,MESH:D003141,MESH:D003643,MESH:D003903,MESH:D006973,MESH:D007239,MESH:D012140,MESH:D015430,MESH:D050723
32474574	MESH:C000657245
34584327	MESH:C000657245,MESH:C536767,MESH:D000079225,MESH:D000275,MESH:D001007,MESH:D001523,MESH:D003072,MESH:D003141,MESH:D003643,MESH:D005221,MESH:D007174,MESH:D009765,MESH:D009771,MESH:D012141,MESH:D012769,MESH:D013313,MESH:D014867,MESH:D015430,MESH:D018352,MESH:D020018
34370935	MESH:C000657245,MESH:C536920,MESH:D001007,MESH:D003371,MESH:D003643,MESH:D007239,MESH:D014867
34777029	MESH:C000657245,MESH:D000068376,MESH:D000079225,MESH:D000275,MESH:D000309,MESH:D000438,MESH:D000544,MESH:D001007,MESH:D002908,MESH:D003643,MESH:D004421,MESH:D005221,MESH:D006973,MESH:D007239,MESH:D010146,MESH:D012421,MESH:D012640,MESH:D013313,MESH:D014947,MESH:D019964,MESH:D040921,MESH:D051271
33347319	MESH:C000657245
35345704	MESH:C000657245,MESH:D006973,MESH:D009765,MESH:D010100,MESH:D011014,MESH:D012128,MESH:D016638,MESH:D030342,MESH:D055370,MESH:D055371,MESH:D058186
35146922	MESH:C000657245,MESH:D003141,MESH:D003643,MESH:D007239,MESH:D045169,MESH:D058540,MESH:D060085
35565040	MESH:C000657245,MESH:D006333,MESH:D007239,MESH:D007859,MESH:D015431
35220656	MESH:C000657245
35008724	MESH:C000657245,MESH:D000225,MESH:D000241,MESH:D000409,MESH:D000588,MESH:D001102,MESH:D002244,MESH:D005998,MESH:D006147,MESH:D006859,MESH:D008670,MESH:D009436,MESH:D009584,MESH:D010100,MESH:D010710,MESH:D011014,MESH:D012891,MESH:D013455,MESH:D014867,MESH:D015431,MESH:D064420
35344118	MESH:C000657245,MESH:D000402,MESH:D000740,MESH:D003643,MESH:D004067,MESH:D005767,MESH:D005776,MESH:D007239,MESH:D009369,MESH:D013274,MESH:D051271,MESH:D064420
33595062	MESH:C000657245,MESH:D006331
32673494	MESH:C000592401,MESH:C000657245,MESH:C536439,MESH:D000079225,MESH:D002318,MESH:D002395,MESH:D003324,MESH:D003371,MESH:D003643,MESH:D005221,MESH:D005334,MESH:D006331,MESH:D007239,MESH:D007249,MESH:D009202,MESH:D009205,MESH:D009638,MESH:D009765,MESH:D010100,MESH:D011024,MESH:D017566,MESH:D018352,MESH:D018487,MESH:D034721,MESH:D054549,MESH:D063806,MESH:D064420,MESH:D066126
33264497	MESH:C000657245,MESH:D000998
35142233	MESH:C000657245,MESH:C535742,MESH:D000067390,MESH:D003141,MESH:D003371,MESH:D003643,MESH:D003920,MESH:D005334,MESH:D006331,MESH:D007239,MESH:D007251,MESH:D011008,MESH:D011014,MESH:D012140,MESH:D060085
33920976	MESH:C000657245,MESH:D000275,MESH:D001007,MESH:D003072,MESH:D003643,MESH:D007319,MESH:D008175,MESH:D009771,MESH:D012030,MESH:D012140,MESH:D018352,MESH:D030342,MESH:D030361
32873261	MESH:C000657245
34670589	MESH:C000657245,MESH:D002561,MESH:D003643,MESH:D012128,MESH:D016638,MESH:D055370
34052621	MESH:C000657245,MESH:D000275,MESH:D001007,MESH:D003643,MESH:D062787
34673261	MESH:C000657245,MESH:D001766,MESH:D014612
34904908	MESH:C000657245
35411692	MESH:C000657245,MESH:D018352
32729279	MESH:C000657245,MESH:D003141,MESH:D003428,MESH:D006861,MESH:D007239,MESH:D011024,MESH:D012973,MESH:D018352
33680350	MESH:C000657245,MESH:D001068,MESH:D001102,MESH:D001145,MESH:D001523,MESH:D002104,MESH:D002118,MESH:D002318,MESH:D002738,MESH:D003110,MESH:D003141,MESH:D003300,MESH:D003643,MESH:D003907,MESH:D003920,MESH:D003924,MESH:D003967,MESH:D004067,MESH:D004318,MESH:D004417,MESH:D005221,MESH:D005334,MESH:D005492,MESH:D006261,MESH:D006333,MESH:D006526,MESH:D006886,MESH:D006973,MESH:D007022,MESH:D007153,MESH:D007239,MESH:D007249,MESH:D007501,MESH:D008103,MESH:D008133,MESH:D008274,MESH:D008288,MESH:D008659,MESH:D008670,MESH:D009059,MESH:D009325,MESH:D009369,MESH:D009410,MESH:D010100,MESH:D011014,MESH:D011092,MESH:D011794,MESH:D012141,MESH:D012254,MESH:D014801,MESH:D014839,MESH:D015212,MESH:D016638,MESH:D017963,MESH:D018352,MESH:D019636,MESH:D019698,MESH:D045169,MESH:D053609,MESH:D056486,MESH:D060085,MESH:D064420,MESH:D066126
35568022	MESH:C000657245,MESH:D000860,MESH:D001927,MESH:D001930,MESH:D002245,MESH:D002493,MESH:D003643,MESH:D003693,MESH:D006935,MESH:D007511,MESH:D010100,MESH:D012128,MESH:D012131,MESH:D016638,MESH:D019344,MESH:D020521
34202707	MESH:C000657245,MESH:D015179,MESH:D018980
34453842	MESH:C000657245,MESH:D010146
32524792	MESH:C000657245,MESH:C086979,MESH:D001205,MESH:D003141,MESH:D007239,MESH:D008107,MESH:D008206,MESH:D008231,MESH:D010996,MESH:D011014,MESH:D011024,MESH:D012128,MESH:D012141,MESH:D018352,MESH:D018376,MESH:D018450,MESH:D056486,MESH:D058345,MESH:D060085
32582382	MESH:C000657245,MESH:D005334,MESH:D007239,MESH:D009140,MESH:D009369,MESH:D009422,MESH:D009461,MESH:D010146,MESH:D011655,MESH:D012213,MESH:D014947,MESH:D018771,MESH:D020246,MESH:D050723
35583298	MESH:C000657245,MESH:D000079225,MESH:D001007,MESH:D011125,MESH:D018352
32298273	MESH:C000657245,MESH:D000309,MESH:D001102,MESH:D003643,MESH:D006331,MESH:D006973,MESH:D007239,MESH:D007674,MESH:D007703,MESH:D011014,MESH:D011024,MESH:D017093,MESH:D018352,MESH:D045169
32718042	MESH:C000657245,MESH:D002908,MESH:D003643,MESH:D004342,MESH:D007239,MESH:D007249,MESH:D008055,MESH:D012120,MESH:D012140,MESH:D018352,MESH:D060085
33547814	MESH:D007239
35250772	MESH:C000657245,MESH:D000275,MESH:D001007,MESH:D001523,MESH:D001919,MESH:D005597,MESH:D012640,MESH:D015431
33542501	MESH:D007239,MESH:D012640
35493814	MESH:C000657245,MESH:D000069283,MESH:D000070642,MESH:D000255,MESH:D001007,MESH:D001102,MESH:D001205,MESH:D002318,MESH:D002637,MESH:D002908,MESH:D003072,MESH:D003371,MESH:D003643,MESH:D003903,MESH:D003920,MESH:D004342,MESH:D004417,MESH:D004421,MESH:D005221,MESH:D005227,MESH:D005334,MESH:D005947,MESH:D005978,MESH:D006261,MESH:D006323,MESH:D006859,MESH:D006861,MESH:D007022,MESH:D007238,MESH:D007239,MESH:D007249,MESH:D008055,MESH:D008070,MESH:D008171,MESH:D008569,MESH:D008659,MESH:D008670,MESH:D009135,MESH:D009369,MESH:D009422,MESH:D009437,MESH:D009569,MESH:D009584,MESH:D010100,MESH:D010300,MESH:D011471,MESH:D012140,MESH:D012817,MESH:D012893,MESH:D012965,MESH:D014508,MESH:D014527,MESH:D014693,MESH:D014867,MESH:D015179,MESH:D015673,MESH:D017382,MESH:D018771,MESH:D018908,MESH:D019344,MESH:D020257,MESH:D020271,MESH:D024821,MESH:D028361,MESH:D063806
34898715	MESH:C000657245
34906234	MESH:C000657245
33704627	MESH:C000657245,MESH:D000438,MESH:D002294,MESH:D003141,MESH:D003643,MESH:D006258,MESH:D007239,MESH:D009203,MESH:D009369,MESH:D009800,MESH:D012131,MESH:D018352,MESH:D020521
34230210	MESH:C000606551,MESH:C000657245,MESH:C032159,MESH:C502936,MESH:D000096,MESH:D000275,MESH:D000432,MESH:D000577,MESH:D000857,MESH:D001102,MESH:D001120,MESH:D001327,MESH:D003643,MESH:D003920,MESH:D003924,MESH:D005227,MESH:D005492,MESH:D005947,MESH:D005973,MESH:D006402,MESH:D006886,MESH:D007154,MESH:D007239,MESH:D007249,MESH:D008055,MESH:D009369,MESH:D009569,MESH:D009584,MESH:D009765,MESH:D010100,MESH:D011125,MESH:D011392,MESH:D011471,MESH:D012128,MESH:D013739,MESH:D014508,MESH:D014805,MESH:D014867,MESH:D014987,MESH:D016207,MESH:D018352,MESH:D018698,MESH:D018805,MESH:D019344,MESH:D020258,MESH:D044342,MESH:D058186,MESH:D063806,MESH:D064420
34559248	MESH:C000657245,MESH:C535733,MESH:D000860,MESH:D001241,MESH:D002544,MESH:D003643,MESH:D003920,MESH:D006493,MESH:D006495,MESH:D006623,MESH:D008171,MESH:D011655,MESH:D012128,MESH:D013921,MESH:D013927,MESH:D018352,MESH:D020144,MESH:D025861,MESH:D054556,MESH:D057772
32302740	MESH:C000657245,MESH:C535882,MESH:D003643,MESH:D014947,MESH:D045169
34452464	MESH:C000657245,MESH:D000857,MESH:D002908,MESH:D003371,MESH:D003643,MESH:D004408,MESH:D004417,MESH:D005221,MESH:D005334,MESH:D006261,MESH:D006623,MESH:D007239,MESH:D007674,MESH:D010146,MESH:D010608,MESH:D012220,MESH:D012817,MESH:D018352,MESH:D063806
34627082	MESH:C000606551,MESH:C000657245,MESH:C007293,MESH:D000255,MESH:D001102,MESH:D001120,MESH:D001710,MESH:D002245,MESH:D003643,MESH:D004121,MESH:D004492,MESH:D007239,MESH:D007854,MESH:D008223,MESH:D009369,MESH:D009584,MESH:D010455,MESH:D011014,MESH:D011125,MESH:D016638,MESH:D018352
35441127	MESH:C000657245,MESH:D000855,MESH:D000857,MESH:D000860,MESH:D001523,MESH:D002318,MESH:D003072,MESH:D003141,MESH:D003371,MESH:D003643,MESH:D003704,MESH:D003920,MESH:D003967,MESH:D004408,MESH:D005334,MESH:D006973,MESH:D007154,MESH:D007239,MESH:D007249,MESH:D007319,MESH:D007676,MESH:D009369,MESH:D009765,MESH:D010100,MESH:D010608,MESH:D012818,MESH:D014508,MESH:D014839,MESH:D029424,MESH:D058625,MESH:D059246,MESH:D063806
33674591	MESH:C000596027,MESH:C000606551,MESH:C000657245,MESH:C536395,MESH:C563010,MESH:C569686,MESH:D000362,MESH:D001102,MESH:D001424,MESH:D002245,MESH:D002318,MESH:D003428,MESH:D003643,MESH:D003907,MESH:D003920,MESH:D004229,MESH:D004492,MESH:D006333,MESH:D006973,MESH:D007154,MESH:D007239,MESH:D007249,MESH:D007674,MESH:D007854,MESH:D007951,MESH:D008231,MESH:D008569,MESH:D009102,MESH:D009336,MESH:D009369,MESH:D009461,MESH:D009584,MESH:D009757,MESH:D010100,MESH:D010190,MESH:D010243,MESH:D011014,MESH:D011125,MESH:D011596,MESH:D012120,MESH:D012128,MESH:D012131,MESH:D012141,MESH:D012694,MESH:D012772,MESH:D013256,MESH:D015451,MESH:D015658,MESH:D016207,MESH:D016638,MESH:D018352,MESH:D018805,MESH:D021081,MESH:D029424,MESH:D051436,MESH:D055370,MESH:D060085,MESH:D064420
34629857	MESH:C000657245,MESH:D002277,MESH:D003643,MESH:D005862,MESH:D014947,MESH:D016638,MESH:D049310
32634111	MESH:C000657245,MESH:D000079225,MESH:D000275,MESH:D001007,MESH:D001289,MESH:D001523,MESH:D003643,MESH:D005776,MESH:D007239,MESH:D009765,MESH:D011024,MESH:D012120,MESH:D012893,MESH:D018352
35011641	MESH:C000657245,MESH:D001102,MESH:D003141,MESH:D003596,MESH:D004417,MESH:D005334,MESH:D007239,MESH:D009447,MESH:D011014,MESH:D012640,MESH:D015658,MESH:D018352,MESH:D055370,MESH:D060085
35566787	MESH:C000657245,MESH:D000013,MESH:D001249,MESH:D003141,MESH:D003643,MESH:D003920,MESH:D006330,MESH:D006461,MESH:D006470,MESH:D006973,MESH:D007239,MESH:D008107,MESH:D008171,MESH:D009765,MESH:D010100,MESH:D011014,MESH:D011655,MESH:D012128,MESH:D018352,MESH:D020246,MESH:D050497,MESH:D054556,MESH:D061325
33590152	MESH:C000657245
34053251	MESH:C000657245,MESH:D003141,MESH:D003643,MESH:D007239,MESH:D011014,MESH:D012128,MESH:D018352
35308830	MESH:C000657245,MESH:D000014,MESH:D000787,MESH:D000860,MESH:D001102,MESH:D003324,MESH:D003424,MESH:D003643,MESH:D006086,MESH:D006331,MESH:D006333,MESH:D006402,MESH:D007238,MESH:D007239,MESH:D007249,MESH:D007319,MESH:D007511,MESH:D007592,MESH:D007938,MESH:D009336,MESH:D009369,MESH:D009569,MESH:D010003,MESH:D010300,MESH:D011014,MESH:D011108,MESH:D012128,MESH:D015470,MESH:D016393,MESH:D016638,MESH:D019636,MESH:D060085,MESH:D064420
32569772	MESH:C000657245,MESH:D000208,MESH:D000783,MESH:D001241,MESH:D001778,MESH:D003110,MESH:D003643,MESH:D003920,MESH:D003967,MESH:D004417,MESH:D004487,MESH:D005334,MESH:D006493,MESH:D006973,MESH:D007239,MESH:D007511,MESH:D009203,MESH:D009800,MESH:D010146,MESH:D011014,MESH:D011024,MESH:D011027,MESH:D011655,MESH:D012817,MESH:D013923,MESH:D013927,MESH:D014839,MESH:D015746,MESH:D018352,MESH:D019851,MESH:D051437
32673509	MESH:C000657245,MESH:D000806,MESH:D007703,MESH:D011024,MESH:D018352,MESH:D019808
32988978	MESH:C000657245,MESH:C563010,MESH:D000402,MESH:D001102,MESH:D001241,MESH:D002280,MESH:D002395,MESH:D003324,MESH:D006331,MESH:D006973,MESH:D007249,MESH:D008231,MESH:D009202,MESH:D009203,MESH:D010100,MESH:D011014,MESH:D011024,MESH:D011251,MESH:D012131,MESH:D017984,MESH:D018352,MESH:D018476,MESH:D018754,MESH:D054549
32405517	MESH:C000657245,MESH:D001145,MESH:D001289,MESH:D002637,MESH:D003645,MESH:D004417,MESH:D006330,MESH:D006331,MESH:D006973,MESH:D011024,MESH:D013610,MESH:D018352
33409040	MESH:C000657245,MESH:D000079225,MESH:D001007,MESH:D003643,MESH:D005776,MESH:D015835
34682574	MESH:C000657245,MESH:C536767,MESH:C537501,MESH:D000068376,MESH:D000079225,MESH:D000275,MESH:D001007,MESH:D001327,MESH:D001523,MESH:D001714,MESH:D001766,MESH:D002908,MESH:D003550,MESH:D003643,MESH:D003920,MESH:D004421,MESH:D006976,MESH:D007239,MESH:D007319,MESH:D009369,MESH:D009404,MESH:D009771,MESH:D010300,MESH:D011618,MESH:D012120,MESH:D012893,MESH:D013313,MESH:D016584,MESH:D045169,MESH:D051271
35195025	MESH:C000657245,MESH:C535742,MESH:D006527,MESH:D007239,MESH:D008171,MESH:D029424,MESH:D054990
35380165	MESH:C000657245
32361284	MESH:C000657245,MESH:D000079225,MESH:D000275,MESH:D001007,MESH:D001523,MESH:D003643,MESH:D010146,MESH:D011014,MESH:D011024,MESH:D018352,MESH:D059350
32338809	MESH:C000657245,MESH:D006258,MESH:D009369,MESH:D011024,MESH:D018352
32563690	MESH:C000657245,MESH:D000370,MESH:D000402,MESH:D003371,MESH:D003643,MESH:D005334,MESH:D007239,MESH:D009461,MESH:D011024,MESH:D013651,MESH:D018352
35411295	MESH:C000657245,MESH:C502936,MESH:D000275,MESH:D001102,MESH:D001168,MESH:D001172,MESH:D003092,MESH:D003643,MESH:D004417,MESH:D004827,MESH:D006261,MESH:D007239,MESH:D007249,MESH:D009223,MESH:D009538,MESH:D009638,MESH:D011014,MESH:D012128,MESH:D012141,MESH:D012640,MESH:D015212,MESH:D016638,MESH:D018805
34188432	MESH:C000657245,MESH:C535882,MESH:D001102,MESH:D003643,MESH:D007239,MESH:D007674,MESH:D010649,MESH:D018352
35165771	MESH:C000657245,MESH:C536439,MESH:C537418,MESH:D000069283,MESH:D000740,MESH:D000783,MESH:D001102,MESH:D001249,MESH:D001327,MESH:D001379,MESH:D001424,MESH:D002543,MESH:D003141,MESH:D003324,MESH:D003404,MESH:D003520,MESH:D003550,MESH:D003643,MESH:D004342,MESH:D005921,MESH:D006402,MESH:D006470,MESH:D006509,MESH:D006526,MESH:D007022,MESH:D007239,MESH:D007249,MESH:D007674,MESH:D008231,MESH:D008727,MESH:D009080,MESH:D009140,MESH:D009173,MESH:D009202,MESH:D009205,MESH:D009336,MESH:D009894,MESH:D010272,MESH:D010608,MESH:D011014,MESH:D011020,MESH:D011239,MESH:D012140,MESH:D012141,MESH:D012216,MESH:D012769,MESH:D013203,MESH:D013256,MESH:D014376,MESH:D014581,MESH:D014657,MESH:D015658,MESH:D016559,MESH:D016572,MESH:D017382,MESH:D018754,MESH:D020144,MESH:D034141,MESH:D050197,MESH:D056486,MESH:D056587,MESH:D057772,MESH:D061325
32945597	MESH:C000657245,MESH:D000438
34536426	MESH:C000657245,MESH:D003141,MESH:D003643,MESH:D007239
34682492	MESH:C000657245,MESH:D000163,MESH:D000208,MESH:D000275,MESH:D000740,MESH:D001523,MESH:D001943,MESH:D002318,MESH:D002908,MESH:D003141,MESH:D003643,MESH:D003920,MESH:D003967,MESH:D006973,MESH:D007239,MESH:D008288,MESH:D009369,MESH:D011008,MESH:D012131,MESH:D012140,MESH:D012141,MESH:D014376,MESH:D015658,MESH:D044342
32270314	MESH:C000657245,MESH:D000431,MESH:D002713,MESH:D003428,MESH:D003643,MESH:D007239,MESH:D011014,MESH:D015047
33191649	MESH:C000657245,MESH:D007239
34432842	MESH:C000657245,MESH:D000275,MESH:D000438,MESH:D001943,MESH:D002908,MESH:D003643,MESH:D003920,MESH:D004827,MESH:D007239,MESH:D009103,MESH:D009369,MESH:D011471
34868831	MESH:C000657245,MESH:D003371,MESH:D003643,MESH:D004417,MESH:D005334,MESH:D006261,MESH:D007239,MESH:D010608,MESH:D013651,MESH:D018352,MESH:D018771
34824194	MESH:C000657245,MESH:C540383,MESH:D001523,MESH:D003643,MESH:D004211,MESH:D005334,MESH:D006402,MESH:D006470,MESH:D007239,MESH:D007951,MESH:D009101,MESH:D009369,MESH:D010146,MESH:D011014,MESH:D012131,MESH:D013927,MESH:D016393,MESH:D016638,MESH:D018352,MESH:D019337
33505949	MESH:C000657245,MESH:D000855,MESH:D001102,MESH:D001249,MESH:D001778,MESH:D002318,MESH:D002561,MESH:D002637,MESH:D003141,MESH:D003371,MESH:D003404,MESH:D003643,MESH:D003920,MESH:D003967,MESH:D004244,MESH:D004342,MESH:D004417,MESH:D005221,MESH:D005334,MESH:D005947,MESH:D006261,MESH:D006469,MESH:D006949,MESH:D006973,MESH:D007239,MESH:D007249,MESH:D007676,MESH:D008107,MESH:D008231,MESH:D009102,MESH:D009325,MESH:D009336,MESH:D009369,MESH:D009461,MESH:D009584,MESH:D009765,MESH:D010100,MESH:D010146,MESH:D010490,MESH:D010608,MESH:D010996,MESH:D011014,MESH:D011654,MESH:D012120,MESH:D012128,MESH:D012131,MESH:D012140,MESH:D012220,MESH:D012772,MESH:D014508,MESH:D014839,MESH:D015658,MESH:D015746,MESH:D016638,MESH:D018352,MESH:D018450,MESH:D018771,MESH:D018805,MESH:D029424,MESH:D045169,MESH:D051436,MESH:D055370,MESH:D058186,MESH:D058625,MESH:D060085,MESH:D063806
33439908	MESH:C000606551,MESH:C000657245,MESH:C558899,MESH:D000163,MESH:D000409,MESH:D000438,MESH:D000783,MESH:D000860,MESH:D001224,MESH:D001249,MESH:D001327,MESH:D001663,MESH:D001991,MESH:D002318,MESH:D002544,MESH:D002561,MESH:D003072,MESH:D003404,MESH:D003643,MESH:D003704,MESH:D003907,MESH:D003920,MESH:D004827,MESH:D005334,MESH:D006333,MESH:D006886,MESH:D006949,MESH:D006973,MESH:D007022,MESH:D007239,MESH:D007674,MESH:D008107,MESH:D008171,MESH:D008231,MESH:D009203,MESH:D009369,MESH:D009422,MESH:D009765,MESH:D010300,MESH:D011014,MESH:D012128,MESH:D012131,MESH:D012141,MESH:D012216,MESH:D012694,MESH:D013921,MESH:D015658,MESH:D018352,MESH:D019344,MESH:D020521,MESH:D055370,MESH:D056486,MESH:D058186,MESH:D059246
32644258	MESH:C000657245,MESH:D011024,MESH:D018352
34888903	MESH:D000998,MESH:D008103
34926314	MESH:C000657245,MESH:D000073893,MESH:D000438,MESH:D000855,MESH:D001102,MESH:D001205,MESH:D002118,MESH:D002241,MESH:D002318,MESH:D002713,MESH:D003371,MESH:D003404,MESH:D003424,MESH:D003643,MESH:D003920,MESH:D003967,MESH:D004067,MESH:D004417,MESH:D005221,MESH:D005334,MESH:D005767,MESH:D005947,MESH:D006258,MESH:D006509,MESH:D006973,MESH:D007239,MESH:D007249,MESH:D008055,MESH:D009325,MESH:D009369,MESH:D010649,MESH:D011014,MESH:D011188,MESH:D012140,MESH:D012685,MESH:D012817,MESH:D012818,MESH:D012964,MESH:D013921,MESH:D014839,MESH:D015212,MESH:D015658,MESH:D043183,MESH:D056486,MESH:D060085,MESH:D063806
35151823	MESH:C000657245,MESH:D000067390,MESH:D001102,MESH:D001424,MESH:D002713,MESH:D003092,MESH:D003141,MESH:D003300,MESH:D003371,MESH:D003550,MESH:D003643,MESH:D004417,MESH:D006470,MESH:D006861,MESH:D007239,MESH:D007249,MESH:D008055,MESH:D008070,MESH:D008171,MESH:D009336,MESH:D009369,MESH:D010100,MESH:D010126,MESH:D010710,MESH:D010743,MESH:D011008,MESH:D011014,MESH:D011024,MESH:D011471,MESH:D012128,MESH:D012131,MESH:D012140,MESH:D012141,MESH:D012834,MESH:D014867,MESH:D015047,MESH:D016638,MESH:D016751,MESH:D017382,MESH:D018352,MESH:D018805,MESH:D020031,MESH:D029424,MESH:D056486,MESH:D056784,MESH:D060085
32379015	MESH:C000657245,MESH:D003643,MESH:D007239,MESH:D011014,MESH:D012140
33963250	MESH:C000606551,MESH:C000657245,MESH:C502936,MESH:C536920,MESH:C537501,MESH:D000438,MESH:D000450,MESH:D000855,MESH:D001102,MESH:D001663,MESH:D001778,MESH:D002318,MESH:D002561,MESH:D002637,MESH:D003371,MESH:D003404,MESH:D003643,MESH:D003907,MESH:D003920,MESH:D003967,MESH:D004244,MESH:D004417,MESH:D005221,MESH:D005334,MESH:D006261,MESH:D006331,MESH:D006333,MESH:D006402,MESH:D006973,MESH:D007239,MESH:D007249,MESH:D007674,MESH:D008103,MESH:D008107,MESH:D009102,MESH:D009202,MESH:D009325,MESH:D009369,MESH:D009584,MESH:D009765,MESH:D010608,MESH:D011008,MESH:D011014,MESH:D012131,MESH:D012140,MESH:D012772,MESH:D012818,MESH:D014508,MESH:D014839,MESH:D015431,MESH:D015746,MESH:D016638,MESH:D018352,MESH:D029424,MESH:D034141,MESH:D051436,MESH:D056486,MESH:D060085,MESH:D063806
35542312	MESH:C000657245,MESH:D000014,MESH:D003643,MESH:D003920,MESH:D005227,MESH:D006470,MESH:D006509,MESH:D006973,MESH:D007239,MESH:D007249,MESH:D008569,MESH:D009765,MESH:D011027,MESH:D012128,MESH:D012131,MESH:D012140,MESH:D012421,MESH:D014839,MESH:D018352
33660320	MESH:C000657245
34543580	MESH:C000657245,MESH:C558899,MESH:D003643,MESH:D003907,MESH:D006854,MESH:D006886,MESH:D009369,MESH:D012030,MESH:D012128,MESH:D012640,MESH:D017963,MESH:D018352,MESH:D018942
32776354	MESH:C000657245,MESH:D003643,MESH:D003920,MESH:D007249,MESH:D009765,MESH:D011024,MESH:D012120,MESH:D018352,MESH:D018450
35095628	MESH:C000657245,MESH:C536920,MESH:D000275,MESH:D000438,MESH:D001007,MESH:D003141,MESH:D003371,MESH:D003643,MESH:D003920,MESH:D003922,MESH:D003924,MESH:D005334,MESH:D005492,MESH:D007239,MESH:D009103,MESH:D009369,MESH:D012141,MESH:D012640,MESH:D012818,MESH:D012878,MESH:D013725,MESH:D018352
33152182	MESH:C000657245,MESH:C535395,MESH:D002277,MESH:D005862,MESH:D011024,MESH:D018352
34394024	MESH:C000657245,MESH:C538614,MESH:D000370,MESH:D000857,MESH:D001102,MESH:D001424,MESH:D001710,MESH:D002318,MESH:D003141,MESH:D003643,MESH:D003920,MESH:D004660,MESH:D005767,MESH:D006331,MESH:D006886,MESH:D006973,MESH:D007239,MESH:D007247,MESH:D007249,MESH:D008171,MESH:D009369,MESH:D009410,MESH:D010100,MESH:D010243,MESH:D011014,MESH:D012685,MESH:D016638,MESH:D017563,MESH:D018352,MESH:D051271,MESH:D060085
35310793	MESH:C000657245,MESH:D000860,MESH:D001007,MESH:D003371,MESH:D003643,MESH:D003920,MESH:D003967,MESH:D004342,MESH:D004417,MESH:D004630,MESH:D005334,MESH:D006973,MESH:D009223,MESH:D009765,MESH:D010100,MESH:D010146,MESH:D012128,MESH:D012131,MESH:D014456,MESH:D016638,MESH:D029424,MESH:D055370
35578330	MESH:C000657245,MESH:D002908,MESH:D003141,MESH:D003643,MESH:D007239,MESH:D007859,MESH:D009369,MESH:D009784,MESH:D009821,MESH:D018352
33558097	MESH:C000657245,MESH:D003371,MESH:D003643,MESH:D007239,MESH:D008171,MESH:D011014,MESH:D012128,MESH:D012140,MESH:D029424,MESH:D055370
32657272	MESH:C000657245,MESH:D007239,MESH:D011014,MESH:D011024,MESH:D012120,MESH:D018352,MESH:D045169
34568249	MESH:C000657245,MESH:D001102,MESH:D003141,MESH:D003643,MESH:D003967,MESH:D005334,MESH:D006480,MESH:D007239,MESH:D009325,MESH:D014839,MESH:D018352,MESH:D063806
34720746	MESH:C000656865,MESH:C000657245,MESH:D003643,MESH:D007589,MESH:D012640,MESH:D014867
34289965	MESH:C000657245,MESH:D000070642,MESH:D001480,MESH:D003643,MESH:D006261,MESH:D007238,MESH:D007239,MESH:D012640,MESH:D012851,MESH:D014839,MESH:D014947,MESH:D020300,MESH:D050723
34056576	MESH:C000657245,MESH:D000079225,MESH:D000163,MESH:D000275,MESH:D000860,MESH:D001007,MESH:D001102,MESH:D001289,MESH:D001321,MESH:D001523,MESH:D001714,MESH:D002561,MESH:D002637,MESH:D002908,MESH:D003141,MESH:D003643,MESH:D003693,MESH:D004417,MESH:D005221,MESH:D005334,MESH:D007174,MESH:D007239,MESH:D007249,MESH:D007319,MESH:D009771,MESH:D010259,MESH:D011595,MESH:D011605,MESH:D011618,MESH:D012128,MESH:D012140,MESH:D012559,MESH:D013313,MESH:D014947,MESH:D015658,MESH:D016584,MESH:D018352,MESH:D019964,MESH:D019965,MESH:D045169,MESH:D051271,MESH:D061325
34906660	MESH:C000657245,MESH:D000079225,MESH:D000275,MESH:D001007,MESH:D001168,MESH:D002318,MESH:D003324,MESH:D003643,MESH:D003920,MESH:D004417,MESH:D007239,MESH:D010003,MESH:D010146,MESH:D014947,MESH:D018771,MESH:D050723,MESH:D059350
33091331	MESH:C000657245,MESH:D003371,MESH:D003643,MESH:D005334,MESH:D007239,MESH:D010608,MESH:D012140
33489409	MESH:C000657245,MESH:D000740,MESH:D001102,MESH:D001523,MESH:D001778,MESH:D003141,MESH:D003404,MESH:D003920,MESH:D003924,MESH:D005221,MESH:D005334,MESH:D006417,MESH:D006470,MESH:D007239,MESH:D008103,MESH:D009336,MESH:D009369,MESH:D011027,MESH:D012141,MESH:D012818,MESH:D014376,MESH:D014552,MESH:D015746
34251568	MESH:C000606551,MESH:C000657245,MESH:C502936,MESH:D001778,MESH:D003141,MESH:D003643,MESH:D003920,MESH:D005355,MESH:D006331,MESH:D007239,MESH:D007249,MESH:D007511,MESH:D008103,MESH:D008107,MESH:D009765,MESH:D012131,MESH:D013927,MESH:D017093,MESH:D054556,MESH:D056486,MESH:D058625
34523132	MESH:C000657245
32333026	MESH:C000657245,MESH:D000860,MESH:D001102,MESH:D001145,MESH:D001172,MESH:D002318,MESH:D002738,MESH:D003371,MESH:D003643,MESH:D004417,MESH:D005334,MESH:D006333,MESH:D006886,MESH:D007008,MESH:D007239,MESH:D008133,MESH:D008180,MESH:D009202,MESH:D009203,MESH:D009205,MESH:D011024,MESH:D012120,MESH:D012128,MESH:D012770,MESH:D013575,MESH:D014693,MESH:D014766,MESH:D017963,MESH:D018352,MESH:D018487,MESH:D051437,MESH:D058186,MESH:D062787,MESH:D066126
32847744	MESH:C000657245,MESH:D001007,MESH:D003693,MESH:D007239,MESH:D007319,MESH:D011024,MESH:D012772,MESH:D012893,MESH:D018352,MESH:D018805
34237727	MESH:C000657245,MESH:D003643,MESH:D007511,MESH:D020521
32618967	MESH:C000657245,MESH:D011024,MESH:D014947,MESH:D018352
32145217	MESH:C000657245,MESH:D003371,MESH:D003643,MESH:D003967,MESH:D004417,MESH:D005334,MESH:D007239,MESH:D011014,MESH:D011024,MESH:D012128,MESH:D012140,MESH:D012817,MESH:D013274,MESH:D014839,MESH:D018352,MESH:D045169
34864190	MESH:C000657245
32343996	MESH:C000657245,MESH:D006331,MESH:D007239,MESH:D011024,MESH:D012131,MESH:D013739,MESH:D018352,MESH:D045169,MESH:D060085
32503857	MESH:C000596027,MESH:C000657245,MESH:D000069283,MESH:D001168,MESH:D001172,MESH:D002586,MESH:D003643,MESH:D003920,MESH:D006886,MESH:D006973,MESH:D007239,MESH:D008180,MESH:D008727,MESH:D009140,MESH:D011024,MESH:D011241,MESH:D012216,MESH:D014657,MESH:D015212,MESH:D018352
35268531	MESH:C000657245,MESH:C536920,MESH:D000857,MESH:D001145,MESH:D001249,MESH:D001663,MESH:D002318,MESH:D002637,MESH:D003324,MESH:D003371,MESH:D003404,MESH:D003643,MESH:D003920,MESH:D003967,MESH:D004417,MESH:D005334,MESH:D006261,MESH:D006333,MESH:D006349,MESH:D006949,MESH:D006973,MESH:D007239,MESH:D008055,MESH:D008231,MESH:D008659,MESH:D009223,MESH:D009325,MESH:D009369,MESH:D009503,MESH:D009584,MESH:D010608,MESH:D011014,MESH:D012080,MESH:D012131,MESH:D012141,MESH:D012818,MESH:D014508,MESH:D014581,MESH:D014839,MESH:D015451,MESH:D015658,MESH:D018352,MESH:D020521,MESH:D029424,MESH:D030342,MESH:D050171,MESH:D050197,MESH:D051436,MESH:D056486,MESH:D063806
32429681	MESH:C000657245,MESH:C535742,MESH:D003141,MESH:D003643,MESH:D004421,MESH:D011024,MESH:D018352
35055602	MESH:C000657245,MESH:C535395,MESH:D000079225,MESH:D000275,MESH:D001007,MESH:D001523,MESH:D002784,MESH:D003324,MESH:D003643,MESH:D004298,MESH:D005221,MESH:D007319,MESH:D014280
33363440	MESH:C000657245,MESH:C024865,MESH:D000014,MESH:D000163,MESH:D000438,MESH:D001102,MESH:D001281,MESH:D002244,MESH:D003141,MESH:D003643,MESH:D005947,MESH:D006331,MESH:D006493,MESH:D006509,MESH:D007239,MESH:D008055,MESH:D008288,MESH:D008670,MESH:D008751,MESH:D009369,MESH:D009841,MESH:D011014,MESH:D011108,MESH:D011134,MESH:D011137,MESH:D012822,MESH:D012834,MESH:D014867,MESH:D018177,MESH:D018352,MESH:D018455,MESH:D056486
33224626	MESH:C000657245,MESH:D003141,MESH:D003643,MESH:D007239,MESH:D010100,MESH:D011014,MESH:D019851,MESH:D025861
35063714	MESH:C000657245,MESH:D001321,MESH:D001523,MESH:D003072,MESH:D003643,MESH:D006470,MESH:D008607,MESH:D030342
32360231	MESH:C000606551,MESH:C000657245,MESH:C086979,MESH:C558899,MESH:D000998,MESH:D001102,MESH:D001120,MESH:D003643,MESH:D005334,MESH:D006859,MESH:D007239,MESH:D007930,MESH:D008239,MESH:D011024,MESH:D011134,MESH:D012254,MESH:D018352,MESH:D018698,MESH:D053139
35134561	MESH:C000657245,MESH:C537501,MESH:D000370,MESH:D000857,MESH:D003072,MESH:D003371,MESH:D003643,MESH:D004342,MESH:D004408,MESH:D004417,MESH:D005221,MESH:D005334,MESH:D007239,MESH:D009461,MESH:D012640,MESH:D012678,MESH:D012818,MESH:D013256,MESH:D013651,MESH:D014807,MESH:D016638,MESH:D018352,MESH:D030342,MESH:D051271,MESH:D063806
32991794	MESH:C000657245,MESH:D002908,MESH:D003141,MESH:D003643,MESH:D003920,MESH:D004342,MESH:D004890,MESH:D005076,MESH:D005221,MESH:D005334,MESH:D005947,MESH:D005998,MESH:D006261,MESH:D006509,MESH:D007239,MESH:D008055,MESH:D010146,MESH:D011392,MESH:D012140,MESH:D018352,MESH:D051271,MESH:D063806,MESH:D064420
32096566	MESH:D007239,MESH:D011024,MESH:D018352
33824264	MESH:C000657245,MESH:D000079225,MESH:D000275,MESH:D001007,MESH:D001321,MESH:D001523,MESH:D003371,MESH:D003643,MESH:D005334,MESH:D007239,MESH:D018352
32583423	MESH:C000657245,MESH:D000079225,MESH:D001007,MESH:D001102,MESH:D003643,MESH:D003920,MESH:D006527,MESH:D011024,MESH:D018352,MESH:D045169
34790435	MESH:C000657245,MESH:D000079225
32897869	MESH:C000657245,MESH:D011024,MESH:D018352
35437697	MESH:C000657245,MESH:D000067073,MESH:D000079225,MESH:D000275,MESH:D001007,MESH:D001523,MESH:D001991,MESH:D002908,MESH:D003072,MESH:D003920,MESH:D004417,MESH:D004421,MESH:D004646,MESH:D005221,MESH:D006331,MESH:D007239,MESH:D007249,MESH:D007319,MESH:D008569,MESH:D011596,MESH:D019965,MESH:D051271
35173661	MESH:C000657245,MESH:D000079225,MESH:D000275,MESH:D001007,MESH:D001102,MESH:D001249,MESH:D003072,MESH:D003141,MESH:D003903,MESH:D003920,MESH:D007239,MESH:D012967,MESH:D018352,MESH:D043183,MESH:D045169
35597776	MESH:C000657245,MESH:D002908,MESH:D003141,MESH:D007239,MESH:D009369,MESH:D009765,MESH:D059390
33956870	MESH:C000657245,MESH:C536439,MESH:C538137,MESH:D000370,MESH:D000787,MESH:D001102,MESH:D002318,MESH:D002637,MESH:D003141,MESH:D003324,MESH:D003371,MESH:D003404,MESH:D003643,MESH:D003903,MESH:D003920,MESH:D003967,MESH:D004417,MESH:D005221,MESH:D005334,MESH:D005767,MESH:D006330,MESH:D006333,MESH:D006349,MESH:D006973,MESH:D007010,MESH:D007239,MESH:D007249,MESH:D007674,MESH:D008094,MESH:D008107,MESH:D008171,MESH:D009202,MESH:D009203,MESH:D009369,MESH:D009765,MESH:D010100,MESH:D010608,MESH:D011188,MESH:D012128,MESH:D012131,MESH:D012140,MESH:D012141,MESH:D012216,MESH:D012964,MESH:D013923,MESH:D014508,MESH:D016638,MESH:D017093,MESH:D018352,MESH:D020246,MESH:D020521,MESH:D034141,MESH:D050171,MESH:D055370,MESH:D058186,MESH:D058540,MESH:D058729,MESH:D063806
34011221	MESH:C000657245,MESH:C535742,MESH:D002738,MESH:D003141,MESH:D003643,MESH:D005334,MESH:D006886,MESH:D007239,MESH:D012141,MESH:D012818,MESH:D016638
34758179	MESH:C000657245,MESH:D000014,MESH:D000079225,MESH:D000275,MESH:D001007,MESH:D005221,MESH:D006527,MESH:D007239,MESH:D011251
33225308	MESH:C000657245,MESH:C034532,MESH:C502936,MESH:D002738,MESH:D002908,MESH:D003371,MESH:D003550,MESH:D003643,MESH:D003920,MESH:D004417,MESH:D005334,MESH:D006886,MESH:D006935,MESH:D006949,MESH:D006973,MESH:D007239,MESH:D007249,MESH:D008070,MESH:D008180,MESH:D009102,MESH:D009765,MESH:D010100,MESH:D010195,MESH:D010996,MESH:D011014,MESH:D011658,MESH:D012128,MESH:D012694,MESH:D013256,MESH:D016638,MESH:D017963,MESH:D018352,MESH:D018805,MESH:D055370
35572180	MESH:C000657245
33754459	MESH:C000657245,MESH:D000079225,MESH:D001523,MESH:D002908,MESH:D003643,MESH:D003704,MESH:D003920,MESH:D006973,MESH:D007239,MESH:D009369,MESH:D012871,MESH:D014947,MESH:D018805
34139069	MESH:C000657245,MESH:C462182,MESH:D000577,MESH:D006886
35013191	MESH:C000657245,MESH:C003043,MESH:D000077559,MESH:D000431,MESH:D000588,MESH:D001102,MESH:D001778,MESH:D002245,MESH:D003643,MESH:D003645,MESH:D005184,MESH:D006261,MESH:D007239,MESH:D007249,MESH:D007854,MESH:D008171,MESH:D008569,MESH:D009336,MESH:D009584,MESH:D010406,MESH:D011014,MESH:D011126,MESH:D011137,MESH:D013307,MESH:D014947,MESH:D016207,MESH:D018352,MESH:D059390
35114577	MESH:C000657245,MESH:D003324,MESH:D003550,MESH:D003643,MESH:D003920,MESH:D005355,MESH:D006333,MESH:D006973,MESH:D007239,MESH:D008171,MESH:D009538,MESH:D051436,MESH:D058186
33669805	MESH:C000657245,MESH:D001102,MESH:D003141,MESH:D003371,MESH:D003643,MESH:D004417,MESH:D005334,MESH:D006973,MESH:D007239,MESH:D008288,MESH:D011014,MESH:D011051,MESH:D014202,MESH:D014376,MESH:D014839,MESH:D014867,MESH:D015047,MESH:D053609
32315756	MESH:C000657245,MESH:D003371,MESH:D003643,MESH:D003967,MESH:D004417,MESH:D005334,MESH:D007239,MESH:D008231,MESH:D009102,MESH:D011014,MESH:D011024,MESH:D015047,MESH:D018352
33435808	MESH:C000657245,MESH:D001102,MESH:D001424,MESH:D001749,MESH:D003643,MESH:D005334,MESH:D007239,MESH:D007951,MESH:D008070,MESH:D008223,MESH:D008288,MESH:D008545,MESH:D009369,MESH:D012141,MESH:D012400,MESH:D014376,MESH:D014766,MESH:D015179,MESH:D018805,MESH:D050197,MESH:D056486,MESH:D060085
32319129	MESH:C000657245,MESH:D001249,MESH:D002908,MESH:D004342,MESH:D007153,MESH:D011024,MESH:D018352
33666261	MESH:C000657245,MESH:D005759
33169260	MESH:C000657245,MESH:D003643,MESH:D007239,MESH:D012421,MESH:D016638,MESH:D018908
35270760	MESH:C000657245,MESH:D001523,MESH:D002784,MESH:D005947,MESH:D007174,MESH:D008055,MESH:D009069,MESH:D009140,MESH:D009369,MESH:D009765,MESH:D012640,MESH:D050171,MESH:D063806
33410294	MESH:C000657245,MESH:D001102,MESH:D001327,MESH:D007239,MESH:D009101,MESH:D017887,MESH:D058345
32666316	MESH:C000657245,MESH:D001778,MESH:D003643,MESH:D004417,MESH:D007239,MESH:D008171,MESH:D008231,MESH:D010100,MESH:D010996,MESH:D011014,MESH:D011024,MESH:D012131,MESH:D012818,MESH:D018352
33378607	MESH:C000657245,MESH:D003643,MESH:D007239,MESH:D008055,MESH:D014612,MESH:D018352
35592326	MESH:C000657245,MESH:D000208,MESH:D001102,MESH:D001424,MESH:D003596,MESH:D003643,MESH:D004211,MESH:D005334,MESH:D007239,MESH:D009103,MESH:D009369,MESH:D011008,MESH:D012141,MESH:D012640,MESH:D015047,MESH:D015451,MESH:D015658,MESH:D018352,MESH:D019142
33223732	MESH:C000657245,MESH:D000783,MESH:D000860,MESH:D001007,MESH:D003643,MESH:D004211,MESH:D006333,MESH:D006620,MESH:D006973,MESH:D007239,MESH:D007249,MESH:D009765,MESH:D009800,MESH:D010100,MESH:D011655,MESH:D012128,MESH:D013226,MESH:D013923,MESH:D014947,MESH:D018352,MESH:D029424,MESH:D050723
33724560	MESH:C000657245,MESH:D001327
33591938	MESH:C000657245,MESH:D000163,MESH:D000860,MESH:D001249,MESH:D001778,MESH:D002318,MESH:D002908,MESH:D003371,MESH:D003404,MESH:D003643,MESH:D003920,MESH:D004211,MESH:D004417,MESH:D005334,MESH:D006402,MESH:D006973,MESH:D007022,MESH:D007153,MESH:D007239,MESH:D007674,MESH:D007859,MESH:D008171,MESH:D009102,MESH:D009369,MESH:D009422,MESH:D009584,MESH:D011014,MESH:D012080,MESH:D012128,MESH:D012818,MESH:D013921,MESH:D014508,MESH:D015658,MESH:D016638,MESH:D017093,MESH:D025861,MESH:D045169,MESH:D051436,MESH:D051437,MESH:D054556,MESH:D055370,MESH:D056486,MESH:D058186,MESH:D058625,MESH:D063806
34072500	MESH:C000657245,MESH:D003141,MESH:D003643,MESH:D006509,MESH:D007239,MESH:D009369,MESH:D013746,MESH:D030361
34548976	MESH:C000657245,MESH:D000138,MESH:D000860,MESH:D003324,MESH:D003371,MESH:D003404,MESH:D003643,MESH:D003920,MESH:D004417,MESH:D004492,MESH:D005334,MESH:D006461,MESH:D006493,MESH:D006973,MESH:D007239,MESH:D007249,MESH:D007674,MESH:D007676,MESH:D008231,MESH:D009223,MESH:D010100,MESH:D012128,MESH:D013927,MESH:D016638,MESH:D018352,MESH:D029424,MESH:D034141,MESH:D051436,MESH:D051437,MESH:D058186
32495372	MESH:C000657245,MESH:D006461,MESH:D007249,MESH:D011024,MESH:D018352
33735264	MESH:C000657245,MESH:D000857,MESH:D000860,MESH:D003141,MESH:D003324,MESH:D003371,MESH:D003704,MESH:D003920,MESH:D003967,MESH:D004408,MESH:D004417,MESH:D005221,MESH:D005334,MESH:D006261,MESH:D006333,MESH:D007239,MESH:D009202,MESH:D009369,MESH:D009765,MESH:D016638,MESH:D018352,MESH:D029424,MESH:D051436,MESH:D063806
35538681	MESH:C000606551,MESH:C000657245,MESH:C023676,MESH:C086979,MESH:C462182,MESH:C502936,MESH:C535882,MESH:C558899,MESH:D000241,MESH:D000740,MESH:D000860,MESH:D001102,MESH:D001172,MESH:D001247,MESH:D001249,MESH:D001327,MESH:D002318,MESH:D002738,MESH:D003141,MESH:D003371,MESH:D003596,MESH:D003643,MESH:D003645,MESH:D003907,MESH:D003920,MESH:D003967,MESH:D005334,MESH:D006461,MESH:D006480,MESH:D006509,MESH:D006526,MESH:D006886,MESH:D006973,MESH:D007022,MESH:D007239,MESH:D008055,MESH:D008171,MESH:D008231,MESH:D009102,MESH:D009325,MESH:D009336,MESH:D009369,MESH:D009705,MESH:D009765,MESH:D009821,MESH:D010100,MESH:D011014,MESH:D011125,MESH:D011658,MESH:D012128,MESH:D012131,MESH:D012140,MESH:D012254,MESH:D012400,MESH:D012772,MESH:D013256,MESH:D014839,MESH:D015047,MESH:D015658,MESH:D016638,MESH:D017093,MESH:D017963,MESH:D018352,MESH:D018357,MESH:D018805,MESH:D019438,MESH:D055370,MESH:D056486,MESH:D061466,MESH:D064420
35086121	MESH:C000657245,MESH:D000402,MESH:D001523,MESH:D002386,MESH:D005901,MESH:D008268,MESH:D012030,MESH:D012163
32404126	MESH:C000657245,MESH:D000275,MESH:D001007,MESH:D001523,MESH:D001714,MESH:D011024,MESH:D011605,MESH:D018352
33509849	MESH:C000657245,MESH:D001249,MESH:D002908,MESH:D003643,MESH:D007239,MESH:D009223,MESH:D009404,MESH:D012140
34453317	MESH:C000657245,MESH:D000067390,MESH:D000588,MESH:D000857,MESH:D001102,MESH:D001172,MESH:D001327,MESH:D001480,MESH:D002241,MESH:D003141,MESH:D003371,MESH:D003643,MESH:D003920,MESH:D003967,MESH:D004342,MESH:D005221,MESH:D005334,MESH:D006509,MESH:D006973,MESH:D007239,MESH:D007249,MESH:D009369,MESH:D009584,MESH:D010100,MESH:D010455,MESH:D010710,MESH:D011014,MESH:D011136,MESH:D012140,MESH:D012818,MESH:D013746,MESH:D063806
35356264	MESH:C000657245,MESH:D000079225,MESH:D000275,MESH:D001007,MESH:D002908,MESH:D005221,MESH:D007239,MESH:D010146,MESH:D012128,MESH:D013725,MESH:D018352,MESH:D019052,MESH:D020018,MESH:D045169,MESH:D058540
34256928	MESH:C000657245,MESH:D002561,MESH:D020521
32578210	MESH:C000657245,MESH:D011024,MESH:D018352
34262564	MESH:C000596027,MESH:C000606551,MESH:C000657245,MESH:C502936,MESH:C558899,MESH:C569686,MESH:D000860,MESH:D000998,MESH:D002908,MESH:D003643,MESH:D003907,MESH:D003920,MESH:D005921,MESH:D006527,MESH:D006886,MESH:D006973,MESH:D007239,MESH:D007249,MESH:D008171,MESH:D008569,MESH:D010100,MESH:D012128,MESH:D012131,MESH:D016207,MESH:D017830,MESH:D029424,MESH:D055370
33112948	MESH:C000657245
33619888	MESH:C000657245,MESH:D007239
34783127	MESH:C000657245,MESH:D003643
33858931	MESH:C000657245,MESH:D003141,MESH:D003371,MESH:D003643,MESH:D005334,MESH:D007239,MESH:D018908
33706836	MESH:C000657245,MESH:D000431,MESH:D000438,MESH:D004342,MESH:D006861,MESH:D007239,MESH:D007455,MESH:D008055,MESH:D011108,MESH:D012141,MESH:D014777,MESH:D014867,MESH:D064420
34184314	MESH:C000657245,MESH:D003643,MESH:D014693,MESH:D018487,MESH:D018754
35321490	MESH:C000657245,MESH:C535742,MESH:C535882,MESH:C538614,MESH:D000163,MESH:D003141,MESH:D003920,MESH:D004342
35352012	MESH:C000657245,MESH:D000853,MESH:D012030,MESH:D018450
33528827	MESH:C000657245,MESH:C023676,MESH:C558899,MESH:D000079225,MESH:D000275,MESH:D000855,MESH:D000998,MESH:D001007,MESH:D001102,MESH:D001247,MESH:D001523,MESH:D002318,MESH:D002494,MESH:D003072,MESH:D003141,MESH:D003371,MESH:D003643,MESH:D003704,MESH:D003920,MESH:D004417,MESH:D005221,MESH:D005334,MESH:D006261,MESH:D006509,MESH:D006854,MESH:D006886,MESH:D006973,MESH:D007029,MESH:D007154,MESH:D007239,MESH:D007249,MESH:D008581,MESH:D010100,MESH:D010146,MESH:D012893,MESH:D013313,MESH:D014947,MESH:D015673,MESH:D018805,MESH:D019438,MESH:D029424,MESH:D034721,MESH:D040921,MESH:D045169,MESH:D051271,MESH:D053139,MESH:D058625,MESH:D061466,MESH:D063806
33352250	MESH:C000657245,MESH:C502936,MESH:D003141,MESH:D003428,MESH:D003920,MESH:D006973,MESH:D007239,MESH:D008180,MESH:D009369,MESH:D009765,MESH:D012973,MESH:D014640
34228112	MESH:C000657245
34325612	MESH:C000657245,MESH:D002318,MESH:D003141,MESH:D003643,MESH:D003920,MESH:D007239,MESH:D007319,MESH:D009369,MESH:D009765,MESH:D012140,MESH:D014612,MESH:D018352,MESH:D050197
34127735	MESH:C000657245,MESH:D001523,MESH:D001943,MESH:D005221,MESH:D009135,MESH:D009362,MESH:D009369,MESH:D010003,MESH:D010146,MESH:D011471,MESH:D012640
33054263	MESH:C000657245,MESH:C537866,MESH:D003141,MESH:D003643,MESH:D008288,MESH:D011024,MESH:D015658,MESH:D018352
33119257	MESH:C000657245,MESH:D000998,MESH:D003643,MESH:D006859,MESH:D009101,MESH:D009436,MESH:D012128,MESH:D013455,MESH:D014867,MESH:D019438,MESH:D053139,MESH:D061466,MESH:D064420
33461516	MESH:C000657245,MESH:D001321,MESH:D001943,MESH:D003643,MESH:D004827,MESH:D006333,MESH:D009369,MESH:D011471,MESH:D018352
34717713	MESH:C000657245,MESH:D001102,MESH:D003141,MESH:D004630,MESH:D006333,MESH:D007239,MESH:D009821,MESH:D016638,MESH:D018352,MESH:D045169
35265332	MESH:C000657245,MESH:D000067390,MESH:D000998,MESH:D001102,MESH:D001171,MESH:D001281,MESH:D001523,MESH:D003141,MESH:D003643,MESH:D006527,MESH:D006851,MESH:D012220,MESH:D012492,MESH:D012965,MESH:D012967,MESH:D012973,MESH:D014867
32357545	MESH:C000606551,MESH:C000657245,MESH:C558899,MESH:D001224,MESH:D002738,MESH:D003643,MESH:D003903,MESH:D005998,MESH:D007239,MESH:D012128,MESH:D012640,MESH:D061466
32442894	MESH:C000657245,MESH:D000079225,MESH:D001007,MESH:D001102,MESH:D001523,MESH:D002908,MESH:D003141,MESH:D003643,MESH:D007239,MESH:D011024,MESH:D011605,MESH:D011618,MESH:D012559,MESH:D014947,MESH:D015658,MESH:D018352
33768363	MESH:C000657245,MESH:D000275,MESH:D011014,MESH:D015047
34215475	MESH:C000657245,MESH:D000438,MESH:D003643,MESH:D004318,MESH:D006323,MESH:D007022,MESH:D008691,MESH:D019966,MESH:D062787
34879393	MESH:C000657245
34533285	MESH:C000657245,MESH:D000079225,MESH:D000275,MESH:D001007,MESH:D001523,MESH:D003141,MESH:D003643,MESH:D005597,MESH:D007239,MESH:D007319,MESH:D012120,MESH:D018352,MESH:D045169
32381441	MESH:C000657245,MESH:D006620,MESH:D007239,MESH:D011024,MESH:D018352,MESH:D050723
33536042	MESH:C000657245,MESH:D000275,MESH:D001007,MESH:D001523,MESH:D002908,MESH:D003643,MESH:D003680,MESH:D004417,MESH:D005221,MESH:D005334,MESH:D006323,MESH:D007239,MESH:D009325,MESH:D009369,MESH:D010146,MESH:D012120,MESH:D013927,MESH:D016638,MESH:D018908,MESH:D045169,MESH:D051437,MESH:D054556,MESH:D060825
35073855	MESH:C000657245,MESH:D001102,MESH:D003141,MESH:D003643,MESH:D005334,MESH:D007239,MESH:D009422,MESH:D010100,MESH:D012140,MESH:D012818,MESH:D018357,MESH:D060085
32787601	MESH:C000657245,MESH:D000275,MESH:D000438,MESH:D001007,MESH:D001523,MESH:D002280,MESH:D002637,MESH:D002908,MESH:D003643,MESH:D004417,MESH:D007238,MESH:D007239,MESH:D009203,MESH:D009362,MESH:D009369,MESH:D011024,MESH:D012878,MESH:D018352
32799739	MESH:C000657245,MESH:C535742,MESH:D000082,MESH:D002303,MESH:D003643,MESH:D004417,MESH:D004421,MESH:D004827,MESH:D006261,MESH:D007052,MESH:D007239,MESH:D009369,MESH:D010146,MESH:D011024,MESH:D018352
32322046	MESH:C000657245,MESH:D000275,MESH:D001007,MESH:D001523,MESH:D002318,MESH:D002561,MESH:D003920,MESH:D003924,MESH:D003967,MESH:D005334,MESH:D006854,MESH:D006973,MESH:D007022,MESH:D007239,MESH:D007249,MESH:D007674,MESH:D008107,MESH:D008171,MESH:D009325,MESH:D009461,MESH:D011024,MESH:D012141,MESH:D012817,MESH:D012818,MESH:D014839,MESH:D015746,MESH:D018352,MESH:D034141,MESH:D044342,MESH:D055370
32436576	MESH:C000657245
32632359	MESH:C000657245,MESH:D001102,MESH:D002908,MESH:D003643,MESH:D003967,MESH:D006861,MESH:D007239,MESH:D007249,MESH:D007410,MESH:D008055,MESH:D008171,MESH:D010100,MESH:D010743,MESH:D011014,MESH:D012128,MESH:D012141,MESH:D014766,MESH:D016638,MESH:D017093,MESH:D017382,MESH:D018352,MESH:D028361,MESH:D045169,MESH:D055370,MESH:D059808,MESH:D060825
34705530	MESH:C000657245,MESH:D008133,MESH:D009069,MESH:D009369,MESH:D064420
35177037	MESH:C000657245,MESH:D001991,MESH:D002908,MESH:D003371,MESH:D003404,MESH:D003643,MESH:D003920,MESH:D003924,MESH:D003967,MESH:D006973,MESH:D007022,MESH:D007153,MESH:D008055,MESH:D008171,MESH:D009223,MESH:D010996,MESH:D013725,MESH:D014376,MESH:D014508
35178468	MESH:C000657245,MESH:D001007,MESH:D003141,MESH:D003428,MESH:D007022,MESH:D011596,MESH:D012120,MESH:D012128,MESH:D012131,MESH:D012141,MESH:D018352,MESH:D045169
35332270	MESH:C000657245,MESH:D007239,MESH:D012694
34790054	MESH:C000657245,MESH:D001102,MESH:D001943,MESH:D003596,MESH:D006147,MESH:D007153,MESH:D007239,MESH:D007249,MESH:D009369,MESH:D012640,MESH:D015658,MESH:D018352,MESH:D055370
35186672	MESH:C000657245,MESH:D002443,MESH:D003643,MESH:D004660,MESH:D004673,MESH:D005076,MESH:D005334,MESH:D005492,MESH:D005947,MESH:D006258,MESH:D006261,MESH:D007239,MESH:D007964,MESH:D008581,MESH:D009205,MESH:D009325,MESH:D009437,MESH:D009461,MESH:D012213,MESH:D014640,MESH:D014805,MESH:D014839,MESH:D014947,MESH:D015658,MESH:D020271,MESH:D056486,MESH:D060085
34866771	MESH:C000657245,MESH:D000438,MESH:D001007,MESH:D003903,MESH:D004342
32412909	MESH:C000657245,MESH:D000079225,MESH:D000275,MESH:D001007,MESH:D001102,MESH:D001168,MESH:D003141,MESH:D003643,MESH:D003681,MESH:D003704,MESH:D004890,MESH:D006333,MESH:D006973,MESH:D007239,MESH:D009059,MESH:D009207,MESH:D012140,MESH:D013313,MESH:D014456,MESH:D014552,MESH:D016638,MESH:D018352,MESH:D034381,MESH:D044342,MESH:D051271
32530889	MESH:C000657245,MESH:D002908,MESH:D003371,MESH:D003643,MESH:D005221,MESH:D006261,MESH:D007239,MESH:D010608,MESH:D011024,MESH:D012818,MESH:D018352
32446801	MESH:C000606551,MESH:C000657245,MESH:C034532,MESH:C558899,MESH:D000138,MESH:D000450,MESH:D000860,MESH:D001102,MESH:D001172,MESH:D001205,MESH:D002118,MESH:D002318,MESH:D002738,MESH:D003141,MESH:D003643,MESH:D003681,MESH:D003920,MESH:D003922,MESH:D003924,MESH:D004487,MESH:D005355,MESH:D005947,MESH:D006331,MESH:D006333,MESH:D006886,MESH:D006943,MESH:D006973,MESH:D007052,MESH:D007239,MESH:D007930,MESH:D008171,MESH:D008288,MESH:D008659,MESH:D008687,MESH:D009223,MESH:D009325,MESH:D009369,MESH:D009765,MESH:D010190,MESH:D010195,MESH:D010455,MESH:D010649,MESH:D011014,MESH:D011024,MESH:D012128,MESH:D012141,MESH:D012891,MESH:D013921,MESH:D014839,MESH:D017963,MESH:D018352,MESH:D018357,MESH:D019438,MESH:D019808,MESH:D020521,MESH:D045169,MESH:D050197,MESH:D051437,MESH:D053139,MESH:D055370,MESH:D056486,MESH:D060085,MESH:D061466
33373651	MESH:C000606551,MESH:C000657245,MESH:C086979,MESH:C462182,MESH:C558899,MESH:D000998,MESH:D003643,MESH:D006886,MESH:D007239,MESH:D012254,MESH:D018352,MESH:D053139
33641513	MESH:C000657245,MESH:D000079225,MESH:D000275,MESH:D000437,MESH:D000544,MESH:D001007,MESH:D001145,MESH:D001168,MESH:D001523,MESH:D001714,MESH:D002561,MESH:D002908,MESH:D003324,MESH:D003643,MESH:D003920,MESH:D004421,MESH:D005221,MESH:D006333,MESH:D006509,MESH:D006949,MESH:D006973,MESH:D007239,MESH:D007511,MESH:D008545,MESH:D008691,MESH:D009369,MESH:D010698,MESH:D012559,MESH:D014947,MESH:D020521,MESH:D029424,MESH:D051271,MESH:D051436,MESH:D056486,MESH:D059350
34112877	MESH:C000606551,MESH:C000657245,MESH:C003043,MESH:C007293,MESH:D000079225,MESH:D000544,MESH:D000998,MESH:D001102,MESH:D001172,MESH:D001249,MESH:D001424,MESH:D001523,MESH:D001714,MESH:D001932,MESH:D002245,MESH:D002784,MESH:D003643,MESH:D003704,MESH:D003907,MESH:D003920,MESH:D004121,MESH:D004298,MESH:D005557,MESH:D006528,MESH:D007239,MESH:D007249,MESH:D008055,MESH:D008661,MESH:D008727,MESH:D009369,MESH:D010302,MESH:D010406,MESH:D011605,MESH:D011618,MESH:D012141,MESH:D012559,MESH:D012640,MESH:D013256,MESH:D013307,MESH:D014801,MESH:D015212,MESH:D016572,MESH:D018352,MESH:D020521,MESH:D029424,MESH:D060085,MESH:D064420
35128537	MESH:C000657245,MESH:D001064,MESH:D003643,MESH:D003920,MESH:D005767,MESH:D006470,MESH:D007674,MESH:D008094,MESH:D009336,MESH:D014867,MESH:D014947,MESH:D018352,MESH:D050723,MESH:D052016
33507981	MESH:C000657245,MESH:D000370,MESH:D000857,MESH:D002637,MESH:D003371,MESH:D003428,MESH:D003643,MESH:D003967,MESH:D005334,MESH:D006261,MESH:D007239,MESH:D011014,MESH:D012128,MESH:D012216,MESH:D015746,MESH:D018352,MESH:D051271,MESH:D058345,MESH:D063806
34706299	MESH:C000657245
35465974	MESH:C000657245,MESH:D007153,MESH:D007239,MESH:D008661,MESH:D012967,MESH:D045169
32304928	MESH:C000657245,MESH:D001523,MESH:D002908,MESH:D009757,MESH:D010146,MESH:D011024,MESH:D018352,MESH:D019966,MESH:D044342
35287384	MESH:C000657245,MESH:C535742,MESH:D000241,MESH:D000255,MESH:D000275,MESH:D001145,MESH:D001205,MESH:D002244,MESH:D002318,MESH:D003072,MESH:D003141,MESH:D003643,MESH:D003903,MESH:D005221,MESH:D005234,MESH:D006333,MESH:D007239,MESH:D007249,MESH:D008055,MESH:D009202,MESH:D009205,MESH:D009705,MESH:D009765,MESH:D010024,MESH:D010300,MESH:D011794,MESH:D012770,MESH:D013927,MESH:D014867,MESH:D050723,MESH:D055370,MESH:D056486,MESH:D059787
35079784	MESH:C000657245
34724950	MESH:C000657245,MESH:D009369,MESH:D016638
35046607	MESH:C000657245,MESH:D001249,MESH:D003643,MESH:D005557,MESH:D008175,MESH:D009369,MESH:D009584,MESH:D009821,MESH:D010126,MESH:D012140,MESH:D012141
32762346	MESH:C000657245,MESH:C535742,MESH:D000079225,MESH:D003643,MESH:D003920,MESH:D005947,MESH:D006331,MESH:D009369,MESH:D009461
33851272	MESH:C000657245,MESH:D000275,MESH:D000437,MESH:D000438,MESH:D001007,MESH:D001523,MESH:D002908,MESH:D003371,MESH:D003643,MESH:D007239,MESH:D018908
33259882	MESH:C000657245,MESH:D000336,MESH:D000362,MESH:D002713,MESH:D003141,MESH:D003371,MESH:D003428,MESH:D003643,MESH:D007239,MESH:D007319,MESH:D009757,MESH:D010100,MESH:D012131,MESH:D012141,MESH:D012818
33503627	MESH:C000657245,MESH:C502936,MESH:C558899,MESH:D000450,MESH:D000860,MESH:D002318,MESH:D003324,MESH:D003371,MESH:D003643,MESH:D003920,MESH:D003967,MESH:D004318,MESH:D004417,MESH:D005334,MESH:D005862,MESH:D006331,MESH:D006509,MESH:D006886,MESH:D006973,MESH:D007239,MESH:D007249,MESH:D007674,MESH:D007676,MESH:D008231,MESH:D008775,MESH:D009202,MESH:D009203,MESH:D010100,MESH:D011014,MESH:D011241,MESH:D012120,MESH:D012128,MESH:D012131,MESH:D012141,MESH:D014807,MESH:D020521,MESH:D051436
34812845	MESH:C000657245,MESH:D003643,MESH:D003920,MESH:D007239,MESH:D007674,MESH:D009369,MESH:D009765,MESH:D012967,MESH:D029424
35015782	MESH:C000606551,MESH:C000657245,MESH:C502936,MESH:C536439,MESH:D000438,MESH:D000860,MESH:D001102,MESH:D001249,MESH:D001663,MESH:D001919,MESH:D002318,MESH:D002561,MESH:D003128,MESH:D003324,MESH:D003371,MESH:D003404,MESH:D003643,MESH:D003704,MESH:D003920,MESH:D004417,MESH:D004958,MESH:D005221,MESH:D005334,MESH:D005355,MESH:D005947,MESH:D006331,MESH:D006525,MESH:D006943,MESH:D006973,MESH:D007239,MESH:D007249,MESH:D007970,MESH:D008103,MESH:D008107,MESH:D008171,MESH:D008231,MESH:D009102,MESH:D009223,MESH:D009369,MESH:D009765,MESH:D010100,MESH:D011014,MESH:D012128,MESH:D012131,MESH:D012141,MESH:D012694,MESH:D012772,MESH:D013256,MESH:D013610,MESH:D013739,MESH:D013923,MESH:D014947,MESH:D016638,MESH:D017963,MESH:D017984,MESH:D018805,MESH:D019851,MESH:D051436,MESH:D051437,MESH:D058625,MESH:D059787
33614055	MESH:C000657245,MESH:C535742,MESH:D000783,MESH:D004492,MESH:D005221,MESH:D005921,MESH:D006816,MESH:D006973,MESH:D007239,MESH:D007674,MESH:D010300,MESH:D017887,MESH:D051436,MESH:D057049
35440094	MESH:C000606551,MESH:C000657245,MESH:D000082,MESH:D001929,MESH:D002318,MESH:D002543,MESH:D002545,MESH:D002561,MESH:D003404,MESH:D003643,MESH:D003907,MESH:D004417,MESH:D004421,MESH:D004487,MESH:D005334,MESH:D006261,MESH:D006406,MESH:D006525,MESH:D007239,MESH:D007249,MESH:D007251,MESH:D007511,MESH:D008171,MESH:D008206,MESH:D009325,MESH:D009461,MESH:D009584,MESH:D010100,MESH:D010146,MESH:D010608,MESH:D011188,MESH:D011655,MESH:D012640,MESH:D012818,MESH:D012851,MESH:D012964,MESH:D013921,MESH:D013923,MESH:D013927,MESH:D014508,MESH:D014839,MESH:D016638,MESH:D017984,MESH:D019851,MESH:D020246,MESH:D020300,MESH:D020521,MESH:D050497,MESH:D051271,MESH:D056486
35588736	MESH:C000657245,MESH:D007239,MESH:D009101,MESH:D009369
32396251	MESH:C000657245,MESH:D011024,MESH:D012871,MESH:D018352
32562278	MESH:C000657245,MESH:D002738,MESH:D006886,MESH:D011024,MESH:D018352
32583171	MESH:C000657245,MESH:D001247,MESH:D001663,MESH:D002443,MESH:D003371,MESH:D003404,MESH:D003643,MESH:D004417,MESH:D005334,MESH:D006261,MESH:D006973,MESH:D007239,MESH:D008231,MESH:D009207,MESH:D010100,MESH:D011014,MESH:D012128,MESH:D015415,MESH:D016638,MESH:D018352,MESH:D050171
34431023	MESH:C000656865,MESH:C000657245,MESH:D000544,MESH:D000860,MESH:D001102,MESH:D001778,MESH:D001927,MESH:D002493,MESH:D002544,MESH:D002561,MESH:D003141,MESH:D003244,MESH:D003643,MESH:D003693,MESH:D003704,MESH:D003711,MESH:D004244,MESH:D004660,MESH:D004673,MESH:D005355,MESH:D006261,MESH:D006816,MESH:D007239,MESH:D007249,MESH:D009101,MESH:D009127,MESH:D009203,MESH:D009422,MESH:D009437,MESH:D010300,MESH:D011605,MESH:D012128,MESH:D012640,MESH:D013651,MESH:D014867,MESH:D018352,MESH:D019636,MESH:D051271,MESH:D054537,MESH:D055370
33256204	MESH:C000657245,MESH:D002318,MESH:D002544,MESH:D002561,MESH:D003371,MESH:D003643,MESH:D003967,MESH:D004417,MESH:D005334,MESH:D006323,MESH:D006470,MESH:D007239,MESH:D010100,MESH:D010146,MESH:D011014,MESH:D012120,MESH:D012818,MESH:D014947,MESH:D016638,MESH:D018352,MESH:D018771,MESH:D020521
34730819	MESH:C000657245,MESH:D003643,MESH:D004342,MESH:D007239,MESH:D008175,MESH:D008881
33877966	MESH:C000657245,MESH:D000067390,MESH:D003141,MESH:D007239
32222253	MESH:C000657245,MESH:D000438,MESH:D002713,MESH:D003371,MESH:D003643,MESH:D004417,MESH:D005334,MESH:D007239,MESH:D009800,MESH:D011014,MESH:D011024,MESH:D012140,MESH:D012141,MESH:D012818,MESH:D018352
32887260	MESH:C000657245,MESH:D000079225,MESH:D000309,MESH:D000860,MESH:D001102,MESH:D001749,MESH:D001778,MESH:D001855,MESH:D001943,MESH:D002118,MESH:D002244,MESH:D003110,MESH:D003643,MESH:D003920,MESH:D003924,MESH:D004211,MESH:D004487,MESH:D005355,MESH:D006086,MESH:D006323,MESH:D007239,MESH:D007249,MESH:D007319,MESH:D007511,MESH:D008070,MESH:D008171,MESH:D009102,MESH:D009203,MESH:D009336,MESH:D009362,MESH:D009369,MESH:D010146,MESH:D011008,MESH:D011014,MESH:D011024,MESH:D011471,MESH:D011654,MESH:D011658,MESH:D012128,MESH:D012131,MESH:D012140,MESH:D012772,MESH:D012822,MESH:D012878,MESH:D013923,MESH:D013927,MESH:D014947,MESH:D015179,MESH:D015212,MESH:D016638,MESH:D017566,MESH:D018352,MESH:D018805,MESH:D050197,MESH:D054556,MESH:D055370,MESH:D055371
35355988	MESH:C000657245,MESH:D000067390,MESH:D000783,MESH:D001102,MESH:D001416,MESH:D003141,MESH:D003324,MESH:D003643,MESH:D003920,MESH:D006639,MESH:D006854,MESH:D006973,MESH:D007239,MESH:D008171,MESH:D008569,MESH:D009102,MESH:D009369,MESH:D011014,MESH:D012128,MESH:D012131,MESH:D018177,MESH:D018352
35184735	MESH:C000657245,MESH:D000079225,MESH:D000275,MESH:D001007,MESH:D001523,MESH:D003643,MESH:D014947
35317212	MESH:C000657245,MESH:C563010,MESH:D000014,MESH:D000079225,MESH:D000740,MESH:D000860,MESH:D001102,MESH:D001424,MESH:D001855,MESH:D002318,MESH:D003371,MESH:D003643,MESH:D003924,MESH:D004342,MESH:D004417,MESH:D005221,MESH:D005334,MESH:D006402,MESH:D006973,MESH:D007022,MESH:D007037,MESH:D007239,MESH:D007249,MESH:D007938,MESH:D007951,MESH:D007964,MESH:D008231,MESH:D009102,MESH:D009369,MESH:D012128,MESH:D012131,MESH:D012818,MESH:D013921,MESH:D018352,MESH:D018376,MESH:D018805,MESH:D018908,MESH:D051436,MESH:D056587,MESH:D061466
33636357	MESH:C000657245,MESH:D007239,MESH:D015415,MESH:D016638,MESH:D018352
33430698	MESH:C000657245,MESH:C535742,MESH:D000079225,MESH:D001007,MESH:D003643,MESH:D007239,MESH:D013313
32532625	MESH:C000657245,MESH:D003072,MESH:D003680,MESH:D003704,MESH:D007239,MESH:D010300,MESH:D010302,MESH:D011024,MESH:D014202,MESH:D014786,MESH:D018352
34958181	MESH:C000657245,MESH:D003141,MESH:D003643,MESH:D007239,MESH:D011014,MESH:D012817,MESH:D015047
34769806	MESH:C000657245,MESH:C502936,MESH:C563010,MESH:D000740,MESH:D000860,MESH:D001172,MESH:D001205,MESH:D001523,MESH:D003141,MESH:D003643,MESH:D003693,MESH:D003920,MESH:D005334,MESH:D005978,MESH:D006323,MESH:D006861,MESH:D006973,MESH:D007010,MESH:D007239,MESH:D007249,MESH:D008094,MESH:D008231,MESH:D009203,MESH:D009207,MESH:D009325,MESH:D009369,MESH:D009503,MESH:D011605,MESH:D011618,MESH:D012128,MESH:D012559,MESH:D012818,MESH:D013610,MESH:D014202,MESH:D014839,MESH:D016638,MESH:D064420
35006537	MESH:C000657245,MESH:D007239,MESH:D009538,MESH:D012140
32834192	MESH:C000657245,MESH:C536227,MESH:D001007,MESH:D001102,MESH:D001855,MESH:D003371,MESH:D003643,MESH:D003967,MESH:D004417,MESH:D005221,MESH:D005334,MESH:D006261,MESH:D006333,MESH:D006469,MESH:D006935,MESH:D007239,MESH:D008231,MESH:D009102,MESH:D010100,MESH:D011014,MESH:D012120,MESH:D012128,MESH:D012131,MESH:D012141,MESH:D012694,MESH:D012772,MESH:D013921,MESH:D014839,MESH:D018352,MESH:D018805,MESH:D045169,MESH:D063806
32635695	MESH:C000657245,MESH:D001778,MESH:D002544,MESH:D002637,MESH:D003643,MESH:D006470,MESH:D007239,MESH:D007511,MESH:D011014,MESH:D012851,MESH:D018352,MESH:D020271,MESH:D020521
33765004	MESH:C000657245,MESH:D003141,MESH:D003643,MESH:D007239,MESH:D060085
32068012	MESH:C000657245,MESH:D001007,MESH:D005334,MESH:D007239,MESH:D011024,MESH:D014867,MESH:D018352
34926837	MESH:C000657245,MESH:D000079225,MESH:D001102,MESH:D002586,MESH:D003141,MESH:D003371,MESH:D003643,MESH:D004342,MESH:D004837,MESH:D005221,MESH:D005334,MESH:D006261,MESH:D006509,MESH:D007239,MESH:D008055,MESH:D010146,MESH:D010608,MESH:D010996,MESH:D011014,MESH:D011134,MESH:D012140,MESH:D012141,MESH:D012409,MESH:D012640,MESH:D013746,MESH:D014867,MESH:D015047,MESH:D018352,MESH:D018771,MESH:D045169,MESH:D056486,MESH:D063806
32708803	MESH:C000657245,MESH:C537866,MESH:D000067390,MESH:D001102,MESH:D001145,MESH:D001281,MESH:D001943,MESH:D002318,MESH:D002908,MESH:D003141,MESH:D003371,MESH:D003643,MESH:D003920,MESH:D004417,MESH:D005334,MESH:D007239,MESH:D009203,MESH:D009369,MESH:D011014,MESH:D011024,MESH:D012128,MESH:D012141,MESH:D012818,MESH:D014786,MESH:D015047,MESH:D018352,MESH:D045169,MESH:D055370
34720778	MESH:C000657245,MESH:D006859,MESH:D007239,MESH:D007501,MESH:D009223,MESH:D012120
32285949	MESH:C000657245,MESH:D011024,MESH:D015658
33631857	MESH:C000657245,MESH:D015212
35320955	MESH:C000657245,MESH:D000535,MESH:D002244,MESH:D002245,MESH:D003300,MESH:D003643,MESH:D005483,MESH:D006333,MESH:D006371,MESH:D006859,MESH:D009584,MESH:D009821,MESH:D010100,MESH:D012128,MESH:D012131,MESH:D012822,MESH:D017563
32710774	MESH:C000657245,MESH:D011024,MESH:D018352
32050635	MESH:C000657245,MESH:D000067390,MESH:D000855,MESH:D000860,MESH:D001102,MESH:D002318,MESH:D003141,MESH:D003371,MESH:D003643,MESH:D003907,MESH:D003920,MESH:D003967,MESH:D004211,MESH:D004417,MESH:D005221,MESH:D005334,MESH:D005483,MESH:D005947,MESH:D006261,MESH:D006973,MESH:D007022,MESH:D007239,MESH:D007249,MESH:D007676,MESH:D008171,MESH:D009102,MESH:D011014,MESH:D011024,MESH:D011251,MESH:D012120,MESH:D012128,MESH:D012131,MESH:D012140,MESH:D012141,MESH:D012254,MESH:D012421,MESH:D012772,MESH:D012817,MESH:D012818,MESH:D013256,MESH:D013927,MESH:D015047,MESH:D015746,MESH:D016920,MESH:D018352,MESH:D018805,MESH:D018908,MESH:D034141,MESH:D045169,MESH:D050497,MESH:D051437,MESH:D056486,MESH:D063806
33114654	MESH:C000657245,MESH:D000067390,MESH:D001102,MESH:D001416,MESH:D003141,MESH:D003643,MESH:D003920,MESH:D006509,MESH:D007239,MESH:D011014,MESH:D012128,MESH:D012409,MESH:D013746,MESH:D018352
34803106	MESH:C000657245,MESH:D001168,MESH:D001172,MESH:D001327,MESH:D001416,MESH:D003371,MESH:D003404,MESH:D003643,MESH:D003920,MESH:D004408,MESH:D004417,MESH:D004487,MESH:D004890,MESH:D005221,MESH:D005334,MESH:D007239,MESH:D007249,MESH:D008727,MESH:D009080,MESH:D009102,MESH:D010100,MESH:D010146,MESH:D010743,MESH:D011092,MESH:D011239,MESH:D012131,MESH:D012216,MESH:D012871,MESH:D014527,MESH:D018352,MESH:D018771,MESH:D043183,MESH:D051359,MESH:D055501
34031483	MESH:C000657245,MESH:C535882,MESH:D001102,MESH:D001249,MESH:D001281,MESH:D001424,MESH:D001663,MESH:D001778,MESH:D001932,MESH:D003141,MESH:D003324,MESH:D003371,MESH:D003404,MESH:D003643,MESH:D003920,MESH:D004211,MESH:D005334,MESH:D005947,MESH:D006333,MESH:D006402,MESH:D006949,MESH:D006973,MESH:D007037,MESH:D007239,MESH:D007249,MESH:D007676,MESH:D008171,MESH:D008231,MESH:D008274,MESH:D009190,MESH:D011014,MESH:D012120,MESH:D012131,MESH:D014508,MESH:D015415,MESH:D018352,MESH:D029424,MESH:D034141,MESH:D054556,MESH:D055370,MESH:D058186,MESH:D060085,MESH:D063806
33586790	MESH:C000657245,MESH:D001007,MESH:D001249,MESH:D002908,MESH:D003643,MESH:D003920,MESH:D005947,MESH:D006333,MESH:D007153,MESH:D008171,MESH:D015658,MESH:D029424
32387494	MESH:C000657245,MESH:D045169
33675696	MESH:C000657245,MESH:D000138,MESH:D000783,MESH:D001205,MESH:D001241,MESH:D001778,MESH:D002118,MESH:D003324,MESH:D003404,MESH:D004837,MESH:D004890,MESH:D005076,MESH:D005221,MESH:D005334,MESH:D006331,MESH:D006333,MESH:D006493,MESH:D006976,MESH:D007022,MESH:D007239,MESH:D007249,MESH:D008775,MESH:D009059,MESH:D009080,MESH:D009102,MESH:D009140,MESH:D009202,MESH:D009205,MESH:D009336,MESH:D010100,MESH:D011239,MESH:D012640,MESH:D012769,MESH:D012770,MESH:D014456,MESH:D014508,MESH:D014807,MESH:D018352,MESH:D018476,MESH:D018754,MESH:D019344,MESH:D053609,MESH:D061325
34502799	MESH:C000657245,MESH:D007239
33310765	MESH:C000657245,MESH:C502936,MESH:C536439,MESH:D000138,MESH:D000309,MESH:D000857,MESH:D000860,MESH:D001102,MESH:D001259,MESH:D001778,MESH:D001927,MESH:D001930,MESH:D002493,MESH:D002543,MESH:D002544,MESH:D002545,MESH:D002561,MESH:D003072,MESH:D003128,MESH:D003244,MESH:D003324,MESH:D003643,MESH:D003693,MESH:D003711,MESH:D004244,MESH:D004298,MESH:D004408,MESH:D004487,MESH:D004660,MESH:D004673,MESH:D005334,MESH:D006261,MESH:D006402,MESH:D006406,MESH:D006470,MESH:D006973,MESH:D007238,MESH:D007239,MESH:D007249,MESH:D007511,MESH:D007964,MESH:D008231,MESH:D008775,MESH:D009102,MESH:D009103,MESH:D009127,MESH:D009187,MESH:D009205,MESH:D009207,MESH:D009336,MESH:D010243,MESH:D011014,MESH:D011595,MESH:D011605,MESH:D012120,MESH:D012128,MESH:D012141,MESH:D012640,MESH:D012818,MESH:D013345,MESH:D013921,MESH:D013923,MESH:D013927,MESH:D014657,MESH:D014947,MESH:D015658,MESH:D016638,MESH:D017093,MESH:D017114,MESH:D018352,MESH:D018805,MESH:D019965,MESH:D020144,MESH:D020521,MESH:D045169,MESH:D051359,MESH:D054556,MESH:D055501,MESH:D056784,MESH:D057049,MESH:D060825,MESH:D061325
32511752	MESH:C000657245,MESH:D007676,MESH:D011024,MESH:D018352,MESH:D058186
34888708	MESH:C000657245,MESH:C535733,MESH:D003643,MESH:D006623,MESH:D008133,MESH:D010146
33418280	MESH:C000657245,MESH:D003401,MESH:D003404,MESH:D003693,MESH:D009135
35312380	MESH:C000657245,MESH:D019851,MESH:D054556
33626020	MESH:C000657245,MESH:C502936,MESH:C558899,MESH:D001249,MESH:D002637,MESH:D003324,MESH:D003371,MESH:D003404,MESH:D003643,MESH:D003920,MESH:D003924,MESH:D003967,MESH:D004417,MESH:D005334,MESH:D006261,MESH:D006333,MESH:D006816,MESH:D006973,MESH:D007239,MESH:D007676,MESH:D007938,MESH:D008223,MESH:D009102,MESH:D009223,MESH:D009325,MESH:D009369,MESH:D010100,MESH:D010608,MESH:D010996,MESH:D011014,MESH:D012128,MESH:D012141,MESH:D013256,MESH:D013610,MESH:D014376,MESH:D014839,MESH:D015746,MESH:D016638,MESH:D018805,MESH:D050171,MESH:D051271,MESH:D056486
34858231	MESH:C000657245,MESH:D000068376,MESH:D000079225,MESH:D000275,MESH:D001007,MESH:D001102,MESH:D002318,MESH:D003141,MESH:D003643,MESH:D005221,MESH:D007239,MESH:D009436,MESH:D013313,MESH:D014947,MESH:D018352,MESH:D045169
34533996	MESH:C000657245,MESH:C003043,MESH:C007293,MESH:C016679,MESH:C411644,MESH:C536395,MESH:D000069285,MESH:D000431,MESH:D001102,MESH:D001172,MESH:D001327,MESH:D002244,MESH:D002784,MESH:D003092,MESH:D004229,MESH:D004492,MESH:D004801,MESH:D005355,MESH:D005483,MESH:D005557,MESH:D005840,MESH:D005973,MESH:D005978,MESH:D006416,MESH:D006526,MESH:D006531,MESH:D006639,MESH:D007153,MESH:D007239,MESH:D007249,MESH:D007674,MESH:D008055,MESH:D008180,MESH:D009103,MESH:D009369,MESH:D009461,MESH:D010232,MESH:D010406,MESH:D011658,MESH:D012492,MESH:D012685,MESH:D012965,MESH:D012967,MESH:D013307,MESH:D013927,MESH:D014947,MESH:D015658,MESH:D016638,MESH:D018352,MESH:D019698,MESH:D054990,MESH:D055370,MESH:D057772
33833246	MESH:C000657245,MESH:D000077559,MESH:D000438,MESH:D001102,MESH:D003141,MESH:D004492,MESH:D006493,MESH:D007239,MESH:D008094,MESH:D012822,MESH:D014867,MESH:D015047,MESH:D017887
34522397	MESH:C000657245,MESH:D001007,MESH:D001943,MESH:D002908,MESH:D003371,MESH:D003643,MESH:D007239,MESH:D008175,MESH:D009369,MESH:D011471
34696346	MESH:C000657245,MESH:C537418,MESH:C558899,MESH:D000079225,MESH:D000309,MESH:D000370,MESH:D000783,MESH:D000855,MESH:D000857,MESH:D001102,MESH:D001145,MESH:D001247,MESH:D001424,MESH:D001778,MESH:D001855,MESH:D002738,MESH:D003371,MESH:D003643,MESH:D003907,MESH:D003920,MESH:D003967,MESH:D004211,MESH:D004244,MESH:D004342,MESH:D004408,MESH:D004417,MESH:D004487,MESH:D004660,MESH:D004890,MESH:D005076,MESH:D005221,MESH:D005334,MESH:D006261,MESH:D006333,MESH:D006406,MESH:D006417,MESH:D006470,MESH:D006632,MESH:D006886,MESH:D006948,MESH:D006973,MESH:D007239,MESH:D007249,MESH:D007410,MESH:D007511,MESH:D007674,MESH:D008581,MESH:D009059,MESH:D009102,MESH:D009202,MESH:D009203,MESH:D009205,MESH:D009325,MESH:D009336,MESH:D009437,MESH:D009765,MESH:D010100,MESH:D010146,MESH:D010608,MESH:D011014,MESH:D011507,MESH:D011537,MESH:D011655,MESH:D012128,MESH:D012131,MESH:D012769,MESH:D012772,MESH:D012817,MESH:D012818,MESH:D012871,MESH:D013921,MESH:D013927,MESH:D014581,MESH:D014657,MESH:D014839,MESH:D015047,MESH:D015746,MESH:D017093,MESH:D017566,MESH:D018352,MESH:D018771,MESH:D018908,MESH:D019851,MESH:D020144,MESH:D020521,MESH:D034721,MESH:D045169,MESH:D051271,MESH:D052016,MESH:D055501,MESH:D057772,MESH:D060085,MESH:D063806
35233780	MESH:C000657245
32346493	MESH:C000657245,MESH:D000740,MESH:D000855,MESH:D000860,MESH:D001102,MESH:D002908,MESH:D003371,MESH:D003643,MESH:D004417,MESH:D005076,MESH:D005221,MESH:D005334,MESH:D007239,MESH:D007970,MESH:D008180,MESH:D008231,MESH:D010100,MESH:D011014,MESH:D012140,MESH:D012141,MESH:D012818,MESH:D015746,MESH:D018352,MESH:D045169,MESH:D063806
35008505	MESH:C000657245,MESH:C003043,MESH:C007293,MESH:C032159,MESH:D000079225,MESH:D000082,MESH:D000431,MESH:D000432,MESH:D000860,MESH:D000998,MESH:D001172,MESH:D002738,MESH:D003141,MESH:D003371,MESH:D003404,MESH:D003643,MESH:D003920,MESH:D004121,MESH:D004417,MESH:D005227,MESH:D005234,MESH:D005334,MESH:D005355,MESH:D005973,MESH:D006493,MESH:D006528,MESH:D006854,MESH:D006886,MESH:D007239,MESH:D007249,MESH:D007674,MESH:D008055,MESH:D008288,MESH:D008659,MESH:D009765,MESH:D010100,MESH:D010406,MESH:D010743,MESH:D011136,MESH:D012128,MESH:D012141,MESH:D012164,MESH:D012213,MESH:D012216,MESH:D013307,MESH:D014280,MESH:D014508,MESH:D014867,MESH:D017093,MESH:D017830,MESH:D017963,MESH:D018352,MESH:D024821,MESH:D028361,MESH:D051436,MESH:D051437,MESH:D056486,MESH:D058186,MESH:D064420
33461214	MESH:C000657245,MESH:D000208,MESH:D003141,MESH:D003643,MESH:D007239
33452734	MESH:C000657245,MESH:D011794
32311790	MESH:C000657245,MESH:D002561,MESH:D003643,MESH:D008171,MESH:D010100,MESH:D011024,MESH:D016638,MESH:D018352
33177848	MESH:C000657245,MESH:D000081029,MESH:D001102,MESH:D001927,MESH:D002738,MESH:D003072,MESH:D003371,MESH:D003404,MESH:D003643,MESH:D005221,MESH:D005334,MESH:D005355,MESH:D007238,MESH:D007239,MESH:D007249,MESH:D007674,MESH:D009102,MESH:D009336,MESH:D009369,MESH:D011014,MESH:D011507,MESH:D012128,MESH:D014867,MESH:D015047,MESH:D016638,MESH:D018352,MESH:D020521,MESH:D045169,MESH:D051271,MESH:D051436,MESH:D057772,MESH:D058186,MESH:D064420
34882720	MESH:C000657245,MESH:D000275,MESH:D001007,MESH:D001523,MESH:D002637,MESH:D002908,MESH:D003141,MESH:D003643,MESH:D003920,MESH:D003967,MESH:D004417,MESH:D005221,MESH:D005334,MESH:D006261,MESH:D006331,MESH:D006973,MESH:D007239,MESH:D008171,MESH:D008310,MESH:D008881,MESH:D009325,MESH:D009369,MESH:D009765,MESH:D010146,MESH:D010608,MESH:D014839,MESH:D018352,MESH:D018771,MESH:D055370
33505730	MESH:C000606551,MESH:C000657245,MESH:C502936,MESH:D000860,MESH:D001249,MESH:D001424,MESH:D002543,MESH:D003324,MESH:D003371,MESH:D003550,MESH:D003643,MESH:D004417,MESH:D004646,MESH:D005184,MESH:D005334,MESH:D006469,MESH:D006493,MESH:D006886,MESH:D006973,MESH:D007022,MESH:D007239,MESH:D007964,MESH:D008171,MESH:D009765,MESH:D010100,MESH:D011014,MESH:D011020,MESH:D011027,MESH:D011030,MESH:D011655,MESH:D012128,MESH:D012131,MESH:D012141,MESH:D012421,MESH:D013203,MESH:D013256,MESH:D014947,MESH:D016638,MESH:D016920,MESH:D017563,MESH:D017963,MESH:D018805,MESH:D025861,MESH:D055370
33239765	MESH:C000657245,MESH:D000853,MESH:D003643,MESH:D005355,MESH:D007239,MESH:D008268,MESH:D014786,MESH:D018352
34790680	MESH:C000657245,MESH:D000067073,MESH:D000275,MESH:D000855,MESH:D000857,MESH:D001007,MESH:D001102,MESH:D001523,MESH:D002318,MESH:D002637,MESH:D003072,MESH:D003231,MESH:D003248,MESH:D003371,MESH:D003680,MESH:D003704,MESH:D003967,MESH:D004408,MESH:D004417,MESH:D005221,MESH:D005334,MESH:D006261,MESH:D006331,MESH:D006973,MESH:D006976,MESH:D007022,MESH:D007239,MESH:D007319,MESH:D007674,MESH:D008171,MESH:D008569,MESH:D008881,MESH:D009205,MESH:D009325,MESH:D009437,MESH:D009461,MESH:D009771,MESH:D010146,MESH:D010490,MESH:D010608,MESH:D011014,MESH:D011658,MESH:D012131,MESH:D012640,MESH:D012678,MESH:D012817,MESH:D012818,MESH:D013313,MESH:D013651,MESH:D014786,MESH:D014839,MESH:D014987,MESH:D015431,MESH:D015673,MESH:D015746,MESH:D017093,MESH:D018771,MESH:D018908,MESH:D019965,MESH:D020521,MESH:D029424,MESH:D040921,MESH:D051271,MESH:D051437,MESH:D063806
34904088	MESH:C000657245,MESH:D000077266,MESH:D000437,MESH:D000438,MESH:D003092,MESH:D003141,MESH:D003428,MESH:D003643,MESH:D003920,MESH:D003967,MESH:D007239,MESH:D007249,MESH:D007410,MESH:D008103,MESH:D008107,MESH:D009223,MESH:D009369,MESH:D011014,MESH:D012817,MESH:D014640,MESH:D015212,MESH:D015746,MESH:D017963,MESH:D034141,MESH:D043183,MESH:D051436,MESH:D051437,MESH:D060085
35495877	MESH:C000657245,MESH:D003643,MESH:D007239,MESH:D011008,MESH:D011014,MESH:D011134,MESH:D018352,MESH:D018455
35578593	MESH:C000657245,MESH:D007239,MESH:D007592,MESH:D014786,MESH:D014947,MESH:D018352
34129787	MESH:C000657245,MESH:D001102,MESH:D003141,MESH:D007239,MESH:D012140
32245835	MESH:C000657245,MESH:D003643,MESH:D007239,MESH:D009757,MESH:D010608,MESH:D011014,MESH:D011024,MESH:D012120,MESH:D012128,MESH:D012140,MESH:D012141,MESH:D018352
32613934	MESH:C000657245,MESH:D000071079,MESH:D000082,MESH:D000431,MESH:D000438,MESH:D000860,MESH:D001049,MESH:D001241,MESH:D001778,MESH:D002318,MESH:D002710,MESH:D002713,MESH:D002738,MESH:D003141,MESH:D003371,MESH:D003428,MESH:D003643,MESH:D004417,MESH:D005334,MESH:D006330,MESH:D006331,MESH:D006333,MESH:D006349,MESH:D006493,MESH:D006886,MESH:D006973,MESH:D006976,MESH:D007022,MESH:D007052,MESH:D007154,MESH:D007239,MESH:D007249,MESH:D007649,MESH:D008055,MESH:D008133,MESH:D008171,MESH:D009080,MESH:D009202,MESH:D009205,MESH:D009569,MESH:D010100,MESH:D011014,MESH:D011024,MESH:D011654,MESH:D012128,MESH:D012131,MESH:D012140,MESH:D012141,MESH:D012769,MESH:D012818,MESH:D013256,MESH:D014867,MESH:D014947,MESH:D016638,MESH:D017563,MESH:D017963,MESH:D017984,MESH:D018352,MESH:D018805,MESH:D019052,MESH:D030342,MESH:D044342,MESH:D051437,MESH:D054537,MESH:D054549,MESH:D055370,MESH:D055371,MESH:D056587,MESH:D058186
32240633	MESH:C000657245,MESH:D002318,MESH:D003141,MESH:D003643,MESH:D003920,MESH:D006973,MESH:D007239,MESH:D009369,MESH:D011024,MESH:D012140,MESH:D018352,MESH:D045169
32675000	MESH:C000657245,MESH:D000857,MESH:D005334,MESH:D007239,MESH:D011024,MESH:D018352
32580924	MESH:C000657245,MESH:D000079225,MESH:D007239,MESH:D011024,MESH:D016638,MESH:D018352
33556317	MESH:C000657245,MESH:D000079225,MESH:D000275,MESH:D001007,MESH:D003141,MESH:D003643,MESH:D003920,MESH:D005221,MESH:D007239,MESH:D007319,MESH:D010146,MESH:D013313,MESH:D014947,MESH:D016638,MESH:D040921,MESH:D045169
35035205	MESH:C000657245,MESH:D001766,MESH:D003072,MESH:D004342,MESH:D005597
32926122	MESH:C000657245,MESH:C502936,MESH:C540383,MESH:D000740,MESH:D000860,MESH:D000900,MESH:D001663,MESH:D003141,MESH:D003371,MESH:D003520,MESH:D003643,MESH:D003907,MESH:D005334,MESH:D006816,MESH:D007022,MESH:D007239,MESH:D007249,MESH:D007938,MESH:D008231,MESH:D008775,MESH:D009369,MESH:D010100,MESH:D011014,MESH:D011024,MESH:D011092,MESH:D012128,MESH:D012131,MESH:D012769,MESH:D012772,MESH:D013256,MESH:D013921,MESH:D015470,MESH:D016638,MESH:D018352,MESH:D018805,MESH:D051359,MESH:D055501
35222989	MESH:C000657245,MESH:D001007,MESH:D003072,MESH:D007239,MESH:D007859,MESH:D008133
33989322	MESH:C000657245,MESH:D000014,MESH:D001102,MESH:D003643,MESH:D007239,MESH:D009203,MESH:D012640
34690401	MESH:C000657245,MESH:D000860,MESH:D001778,MESH:D007022,MESH:D007239,MESH:D010100,MESH:D012640,MESH:D014202,MESH:D014867,MESH:D016638
32823922	MESH:C000657245,MESH:C535395,MESH:D002908,MESH:D003643,MESH:D005862,MESH:D006527,MESH:D009784,MESH:D049310
32791524	MESH:C000657245,MESH:D009765,MESH:D011024,MESH:D018352
33619245	MESH:C000657245,MESH:D001102,MESH:D003643,MESH:D007239,MESH:D007951,MESH:D012128,MESH:D012131,MESH:D055370
32382516	MESH:C000606551,MESH:C000657245,MESH:C023676,MESH:D000860,MESH:D001663,MESH:D002738,MESH:D003141,MESH:D003371,MESH:D003401,MESH:D003643,MESH:D004417,MESH:D006323,MESH:D006816,MESH:D006886,MESH:D006935,MESH:D006949,MESH:D007037,MESH:D007239,MESH:D009765,MESH:D010100,MESH:D011014,MESH:D011241,MESH:D012128,MESH:D012140,MESH:D013927,MESH:D014280,MESH:D017180,MESH:D017984,MESH:D054556,MESH:D063806
32132521	MESH:C000657245,MESH:D000079225,MESH:D000275,MESH:D001007,MESH:D001102,MESH:D001523,MESH:D003141,MESH:D003324,MESH:D003643,MESH:D003924,MESH:D005221,MESH:D005334,MESH:D006854,MESH:D007239,MESH:D007319,MESH:D008175,MESH:D009103,MESH:D011014,MESH:D011024,MESH:D011471,MESH:D012131,MESH:D012893,MESH:D013313,MESH:D016638,MESH:D018352,MESH:D019052,MESH:D045169
34747367	MESH:C000657245,MESH:C007293,MESH:C411644,MESH:D000163,MESH:D000544,MESH:D001102,MESH:D001168,MESH:D001172,MESH:D001224,MESH:D001249,MESH:D001327,MESH:D001424,MESH:D001778,MESH:D002318,MESH:D002637,MESH:D002908,MESH:D003324,MESH:D003371,MESH:D003643,MESH:D003681,MESH:D003920,MESH:D003967,MESH:D004121,MESH:D004318,MESH:D004342,MESH:D004417,MESH:D004646,MESH:D005076,MESH:D005221,MESH:D005334,MESH:D005355,MESH:D005947,MESH:D005973,MESH:D006331,MESH:D006639,MESH:D006973,MESH:D007239,MESH:D007247,MESH:D007249,MESH:D007592,MESH:D007649,MESH:D007854,MESH:D008070,MESH:D008103,MESH:D008171,MESH:D009362,MESH:D009369,MESH:D009422,MESH:D009765,MESH:D010100,MESH:D010302,MESH:D010406,MESH:D010608,MESH:D011014,MESH:D011596,MESH:D011658,MESH:D012131,MESH:D012140,MESH:D012141,MESH:D012694,MESH:D012817,MESH:D012967,MESH:D013274,MESH:D013307,MESH:D013927,MESH:D014657,MESH:D014766,MESH:D014839,MESH:D014947,MESH:D015451,MESH:D015658,MESH:D015746,MESH:D017563,MESH:D018352,MESH:D020144,MESH:D020271,MESH:D020521,MESH:D024821,MESH:D029424,MESH:D034721,MESH:D048909,MESH:D051436,MESH:D055370,MESH:D055371,MESH:D057772,MESH:D064420
33461841	MESH:C000657245,MESH:D001327,MESH:D003371,MESH:D003920,MESH:D005334,MESH:D006973,MESH:D007239,MESH:D007674,MESH:D009369,MESH:D009800,MESH:D012818,MESH:D018352
33435378	MESH:C000657245,MESH:D001102,MESH:D001919,MESH:D002318,MESH:D003643,MESH:D003920,MESH:D006973,MESH:D007239,MESH:D009202,MESH:D009422,MESH:D011014,MESH:D012891,MESH:D013575
34013051	MESH:C000657245,MESH:D003643,MESH:D015212,MESH:D019698
32591496	MESH:C000657245,MESH:D003643,MESH:D006859,MESH:D007239,MESH:D007703,MESH:D011024,MESH:D018352
33674708	MESH:C000657245,MESH:D000082,MESH:D002303,MESH:D002318,MESH:D002443,MESH:D002908,MESH:D003141,MESH:D003643,MESH:D003693,MESH:D003920,MESH:D006333,MESH:D006949,MESH:D006973,MESH:D007022,MESH:D007239,MESH:D007859,MESH:D008171,MESH:D008310,MESH:D009369,MESH:D009422,MESH:D009765,MESH:D010100,MESH:D011507,MESH:D016638,MESH:D017563,MESH:D020271,MESH:D051436,MESH:D055370,MESH:D063806
34568576	MESH:C000657245,MESH:C536439,MESH:C558899,MESH:D001145,MESH:D001281,MESH:D001778,MESH:D002318,MESH:D002561,MESH:D003141,MESH:D003324,MESH:D003643,MESH:D003920,MESH:D004417,MESH:D004487,MESH:D006331,MESH:D006333,MESH:D006470,MESH:D006973,MESH:D007239,MESH:D007249,MESH:D007511,MESH:D009202,MESH:D009203,MESH:D009205,MESH:D009336,MESH:D011014,MESH:D011655,MESH:D012128,MESH:D012131,MESH:D013923,MESH:D013927,MESH:D014693,MESH:D014947,MESH:D018376,MESH:D018487,MESH:D020246,MESH:D020521,MESH:D029424,MESH:D050171,MESH:D051436,MESH:D054058,MESH:D054549,MESH:D057772,MESH:D058729
33840053	MESH:C000657245,MESH:D001102,MESH:D003092,MESH:D003428,MESH:D003643,MESH:D003920,MESH:D006333,MESH:D006973,MESH:D007239,MESH:D007249,MESH:D007674,MESH:D007676,MESH:D008687,MESH:D010146,MESH:D011014,MESH:D012120,MESH:D012128,MESH:D014456,MESH:D018450,MESH:D051271,MESH:D051436,MESH:D058186,MESH:D060085
35048011	MESH:C000657245,MESH:C535733,MESH:D000438,MESH:D001249,MESH:D002318,MESH:D002710,MESH:D003141,MESH:D003371,MESH:D003428,MESH:D003643,MESH:D003920,MESH:D003967,MESH:D004417,MESH:D004487,MESH:D005076,MESH:D005221,MESH:D005334,MESH:D006331,MESH:D006861,MESH:D007239,MESH:D007249,MESH:D009369,MESH:D009765,MESH:D010146,MESH:D010608,MESH:D011014,MESH:D012128,MESH:D012131,MESH:D012140,MESH:D012141,MESH:D012818,MESH:D012973,MESH:D013651,MESH:D014839,MESH:D014867,MESH:D050723,MESH:D063806
33322462	MESH:C000657245,MESH:C462182,MESH:C558899,MESH:D001007,MESH:D001102,MESH:D001523,MESH:D001766,MESH:D002318,MESH:D003428,MESH:D003643,MESH:D003920,MESH:D004630,MESH:D005221,MESH:D005334,MESH:D006331,MESH:D007239,MESH:D009369,MESH:D011014,MESH:D012120,MESH:D012128,MESH:D012141,MESH:D016638,MESH:D020521
34974674	MESH:C000657245,MESH:C535882,MESH:D000069285,MESH:D001102,MESH:D001379,MESH:D002544,MESH:D003092,MESH:D003141,MESH:D003371,MESH:D003424,MESH:D003643,MESH:D003920,MESH:D004417,MESH:D005076,MESH:D005221,MESH:D005334,MESH:D005767,MESH:D006261,MESH:D006493,MESH:D006509,MESH:D006525,MESH:D006973,MESH:D007239,MESH:D007247,MESH:D007410,MESH:D008727,MESH:D009765,MESH:D009894,MESH:D010146,MESH:D011008,MESH:D011134,MESH:D011239,MESH:D012141,MESH:D012851,MESH:D013256,MESH:D013746,MESH:D013921,MESH:D013927,MESH:D015212,MESH:D016572,MESH:D020246,MESH:D054556,MESH:D056486,MESH:D060085,MESH:D063806
33573397	MESH:C000657245,MESH:D000275,MESH:D001168,MESH:D003643,MESH:D007239,MESH:D007592,MESH:D010146,MESH:D014947
34016743	MESH:C000657245,MESH:D001102,MESH:D003141,MESH:D003371,MESH:D004417,MESH:D005597,MESH:D007022,MESH:D007239,MESH:D008670,MESH:D012140,MESH:D012640,MESH:D012965,MESH:D018352,MESH:D060085
34778740	MESH:C000657245,MESH:D003643,MESH:D003704,MESH:D004827,MESH:D006525,MESH:D007239,MESH:D007859,MESH:D008569,MESH:D012640,MESH:D012892,MESH:D013226,MESH:D013575,MESH:D014867,MESH:D016638
33754150	MESH:C000657245
34795818	MESH:C000657245,MESH:C538137,MESH:D000740,MESH:D000855,MESH:D001663,MESH:D002318,MESH:D002908,MESH:D003371,MESH:D003404,MESH:D003643,MESH:D003920,MESH:D004417,MESH:D005334,MESH:D005947,MESH:D006261,MESH:D006333,MESH:D006417,MESH:D006461,MESH:D006973,MESH:D007239,MESH:D007249,MESH:D007501,MESH:D007674,MESH:D007676,MESH:D009203,MESH:D009404,MESH:D010100,MESH:D011507,MESH:D012128,MESH:D013667,MESH:D016638,MESH:D017093,MESH:D034721,MESH:D051436,MESH:D058186
35305625	MESH:C000657245
35487371	MESH:C000657245,MESH:D001249,MESH:D007239
32590073	MESH:C000657245,MESH:D000740,MESH:D002784,MESH:D003141,MESH:D003371,MESH:D003643,MESH:D005767,MESH:D006470,MESH:D007239,MESH:D008545,MESH:D009369,MESH:D011014,MESH:D011024,MESH:D011027,MESH:D012131,MESH:D015179,MESH:D016638,MESH:D018352
35280451	MESH:C000657245,MESH:D000068376,MESH:D000079225,MESH:D000275,MESH:D000855,MESH:D001007,MESH:D001068,MESH:D001281,MESH:D001321,MESH:D001523,MESH:D003643,MESH:D003920,MESH:D003922,MESH:D005221,MESH:D005597,MESH:D006623,MESH:D007039,MESH:D009325,MESH:D009771,MESH:D010146,MESH:D013313,MESH:D014839,MESH:D014947,MESH:D015431,MESH:D015746,MESH:D018455,MESH:D018980,MESH:D019966,MESH:D030342,MESH:D040921,MESH:D062787
32753072	MESH:C000657245,MESH:D000079225,MESH:D001007,MESH:D003643,MESH:D003967,MESH:D007239,MESH:D009784,MESH:D012120,MESH:D040921
35128391	MESH:C000657245,MESH:D001766,MESH:D006333,MESH:D006859,MESH:D009369,MESH:D009422,MESH:D009821,MESH:D014867,MESH:D015047
34584498	MESH:C000657245,MESH:C536767,MESH:D003643,MESH:D006973,MESH:D007239,MESH:D009223,MESH:D017180,MESH:D018352,MESH:D045169
32530130	MESH:C000657245,MESH:D005076,MESH:D007239,MESH:D011024,MESH:D018352
34288285	MESH:C000657245,MESH:D009103,MESH:D009422
34721912	MESH:C000657245,MESH:D000857,MESH:D001064,MESH:D002245,MESH:D002908,MESH:D003371,MESH:D003428,MESH:D003643,MESH:D004417,MESH:D005221,MESH:D005334,MESH:D007239,MESH:D007247,MESH:D008569,MESH:D009102,MESH:D009369,MESH:D010051,MESH:D010146,MESH:D011027,MESH:D011251,MESH:D012140,MESH:D015179,MESH:D016638,MESH:D018352
34281535	MESH:C000657245,MESH:D000309,MESH:D001102,MESH:D001172,MESH:D001281,MESH:D003141,MESH:D003643,MESH:D007239
34714362	MESH:C000657245,MESH:C032159,MESH:D000069285,MESH:D000096,MESH:D000431,MESH:D000998,MESH:D001102,MESH:D001224,MESH:D002245,MESH:D003300,MESH:D003643,MESH:D004121,MESH:D005334,MESH:D006261,MESH:D006323,MESH:D006639,MESH:D006851,MESH:D007153,MESH:D007239,MESH:D007854,MESH:D008055,MESH:D009325,MESH:D009369,MESH:D010743,MESH:D011014,MESH:D012128,MESH:D012140,MESH:D012163,MESH:D014839,MESH:D014867,MESH:D018352,MESH:D018698,MESH:D020258,MESH:D064420
35493416	MESH:C000657245,MESH:D000014,MESH:D001932,MESH:D001943,MESH:D002245,MESH:D003643,MESH:D004487,MESH:D007239,MESH:D007249,MESH:D008171,MESH:D010003,MESH:D010100,MESH:D011014,MESH:D012141,MESH:D013927,MESH:D016920,MESH:D018352,MESH:D045169,MESH:D055370
33245005	MESH:C000596027,MESH:C000657245,MESH:C540383,MESH:D007249,MESH:D016207
33547335	MESH:C000657245,MESH:C538137,MESH:D000163,MESH:D000740,MESH:D000860,MESH:D001049,MESH:D001102,MESH:D001145,MESH:D001168,MESH:D001249,MESH:D001523,MESH:D003324,MESH:D003404,MESH:D003643,MESH:D003704,MESH:D003920,MESH:D006333,MESH:D006973,MESH:D007153,MESH:D007239,MESH:D007249,MESH:D007674,MESH:D007676,MESH:D009102,MESH:D009336,MESH:D009369,MESH:D009584,MESH:D009765,MESH:D010024,MESH:D010100,MESH:D011014,MESH:D011020,MESH:D012030,MESH:D012131,MESH:D012769,MESH:D014508,MESH:D017093,MESH:D020271,MESH:D020521,MESH:D029424,MESH:D055370,MESH:D056486,MESH:D058186
32382746	MESH:C000657245,MESH:D003371,MESH:D005334,MESH:D011024,MESH:D018352
34430514	MESH:C000657245,MESH:D000438,MESH:D001102,MESH:D002318,MESH:D002713,MESH:D003141,MESH:D003371,MESH:D003643,MESH:D003920,MESH:D005334,MESH:D006973,MESH:D007022,MESH:D007239,MESH:D008107,MESH:D008175,MESH:D009369,MESH:D011008,MESH:D011014,MESH:D012140,MESH:D014867,MESH:D015047,MESH:D018352
32376057	MESH:C000657245,MESH:D001241,MESH:D002245,MESH:D002277,MESH:D005862,MESH:D007239,MESH:D011024,MESH:D018352,MESH:D018455
33682315	MESH:C000657245
34046108	MESH:C000606551,MESH:C000657245,MESH:C462182,MESH:C502936,MESH:C536439,MESH:C558899,MESH:D000275,MESH:D000450,MESH:D000860,MESH:D001007,MESH:D001145,MESH:D001919,MESH:D002311,MESH:D002318,MESH:D002637,MESH:D002713,MESH:D002738,MESH:D003324,MESH:D003371,MESH:D003428,MESH:D003643,MESH:D003645,MESH:D003907,MESH:D003920,MESH:D004211,MESH:D005334,MESH:D005355,MESH:D006331,MESH:D006333,MESH:D006470,MESH:D006493,MESH:D006886,MESH:D006973,MESH:D006976,MESH:D007008,MESH:D007022,MESH:D007239,MESH:D007674,MESH:D008133,MESH:D009202,MESH:D009203,MESH:D009205,MESH:D009223,MESH:D009369,MESH:D009569,MESH:D010100,MESH:D010146,MESH:D011014,MESH:D011655,MESH:D012131,MESH:D012140,MESH:D012141,MESH:D012216,MESH:D012254,MESH:D012421,MESH:D013256,MESH:D013921,MESH:D013923,MESH:D013927,MESH:D015047,MESH:D016638,MESH:D017963,MESH:D018487,MESH:D018754,MESH:D020246,MESH:D020521,MESH:D025861,MESH:D029424,MESH:D050197,MESH:D051436,MESH:D053139,MESH:D054058,MESH:D054549,MESH:D054556
35441967	MESH:C000657245,MESH:C537418,MESH:D001102,MESH:D002241,MESH:D003141,MESH:D003643,MESH:D006025,MESH:D006493,MESH:D006497,MESH:D006859,MESH:D007239,MESH:D008055,MESH:D008070,MESH:D009584,MESH:D011134,MESH:D013746,MESH:D013923,MESH:D013927,MESH:D017984,MESH:D018352,MESH:D019636
34758422	MESH:C000657245,MESH:D000079225,MESH:D000275,MESH:D000438,MESH:D001007,MESH:D001523,MESH:D001714,MESH:D003643,MESH:D006886,MESH:D007319,MESH:D011605,MESH:D011618,MESH:D012893,MESH:D013313,MESH:D014947,MESH:D015658,MESH:D018352
34696235	MESH:C000657245,MESH:D000079225,MESH:D001007,MESH:D001943,MESH:D003141,MESH:D006509,MESH:D007239
35015739	MESH:C000657245,MESH:D007249,MESH:D015658
32658716	MESH:C000657245,MESH:D000096,MESH:D000431,MESH:D000998,MESH:D002104,MESH:D003078,MESH:D003300,MESH:D003643,MESH:D005557,MESH:D006371,MESH:D007239,MESH:D008288,MESH:D008628,MESH:D010272,MESH:D011024,MESH:D012559,MESH:D014376,MESH:D014867,MESH:D015658,MESH:D016638,MESH:D018352,MESH:D019965,MESH:D064420
32985745	MESH:C000657245,MESH:D007239,MESH:D011537,MESH:D012871,MESH:D014987
34091005	MESH:C000657245
33038229	MESH:C000657245,MESH:D000900,MESH:D016638,MESH:D060085
35123395	MESH:C000657245,MESH:C536767,MESH:C537418,MESH:D000079225,MESH:D000275,MESH:D000544,MESH:D001991,MESH:D002277,MESH:D002637,MESH:D002908,MESH:D003141,MESH:D003371,MESH:D003643,MESH:D003704,MESH:D003920,MESH:D005221,MESH:D005334,MESH:D005862,MESH:D006261,MESH:D006331,MESH:D006973,MESH:D007239,MESH:D009325,MESH:D009369,MESH:D010608,MESH:D012141,MESH:D063806
33647988	MESH:C000657245,MESH:D013927
33797339	MESH:C000657245,MESH:D007239,MESH:D009369
35260957	MESH:C000657245,MESH:C537418,MESH:D003643,MESH:D007239,MESH:D007859,MESH:D009436,MESH:D010146,MESH:D014612,MESH:D014867
33941681	MESH:C000657245,MESH:C007293,MESH:C411644,MESH:D000225,MESH:D000255,MESH:D001120,MESH:D002244,MESH:D002245,MESH:D002738,MESH:D003596,MESH:D005557,MESH:D006147,MESH:D006851,MESH:D006859,MESH:D007239,MESH:D008055,MESH:D008239,MESH:D008607,MESH:D011108,MESH:D012685,MESH:D014867,MESH:D017830,MESH:D019810,MESH:D064420
33772419	MESH:C000657245,MESH:C536920,MESH:D000860,MESH:D001327,MESH:D001416,MESH:D002637,MESH:D003324,MESH:D003371,MESH:D003643,MESH:D003920,MESH:D003967,MESH:D004244,MESH:D004417,MESH:D005334,MESH:D006261,MESH:D006973,MESH:D007239,MESH:D008107,MESH:D008171,MESH:D009325,MESH:D009369,MESH:D009765,MESH:D010100,MESH:D010146,MESH:D010300,MESH:D010608,MESH:D012141,MESH:D012818,MESH:D013610,MESH:D014839,MESH:D015658,MESH:D015746,MESH:D016638,MESH:D018352,MESH:D018771,MESH:D051436,MESH:D055370,MESH:D058625,MESH:D063806
33773523	MESH:C000657245,MESH:D000067073,MESH:D000079225,MESH:D000275,MESH:D001007,MESH:D001068,MESH:D001168,MESH:D001172,MESH:D001523,MESH:D002277,MESH:D002908,MESH:D003141,MESH:D003643,MESH:D004421,MESH:D005221,MESH:D007249,MESH:D007319,MESH:D008180,MESH:D009638,MESH:D009771,MESH:D009800,MESH:D010146,MESH:D010300,MESH:D012216,MESH:D012893,MESH:D014947,MESH:D018352,MESH:D018450,MESH:D040921,MESH:D059350
34935594	MESH:C000657245,MESH:D001145,MESH:D003324,MESH:D003643,MESH:D003920,MESH:D005234,MESH:D006973,MESH:D007239,MESH:D008239,MESH:D009223,MESH:D014581,MESH:D059390,MESH:D060085
32417594	MESH:C000657245,MESH:D003643,MESH:D003920,MESH:D006973,MESH:D009102,MESH:D009336,MESH:D009369,MESH:D009765,MESH:D011024,MESH:D012128,MESH:D012131,MESH:D012141,MESH:D012254,MESH:D013256,MESH:D018352,MESH:D055370
34345109	MESH:C000657245,MESH:D000079225,MESH:D000275,MESH:D001007,MESH:D001416,MESH:D001523,MESH:D002908,MESH:D003643,MESH:D005221,MESH:D006261,MESH:D007239
35358722	MESH:C000657245,MESH:D001102,MESH:D001249,MESH:D001281,MESH:D001424,MESH:D003141,MESH:D003324,MESH:D003643,MESH:D003920,MESH:D004342,MESH:D006973,MESH:D007239,MESH:D007249,MESH:D007674,MESH:D008231,MESH:D009369,MESH:D009765,MESH:D011014,MESH:D012818,MESH:D013921,MESH:D016638,MESH:D016751,MESH:D018805,MESH:D018980,MESH:D029424,MESH:D045169,MESH:D051436,MESH:D060085
32996588	MESH:C000657245,MESH:D007239
35206163	MESH:C000657245,MESH:D000079225,MESH:D000275,MESH:D001007,MESH:D001523,MESH:D002908,MESH:D003643,MESH:D007239,MESH:D010146,MESH:D010259,MESH:D011618,MESH:D012559,MESH:D013313,MESH:D014947,MESH:D018352,MESH:D019052
32353545	MESH:C000657245,MESH:C086979,MESH:D000077266,MESH:D000855,MESH:D003141,MESH:D003371,MESH:D003643,MESH:D003967,MESH:D004417,MESH:D005221,MESH:D005334,MESH:D005767,MESH:D006261,MESH:D007239,MESH:D007970,MESH:D009325,MESH:D010100,MESH:D010608,MESH:D011014,MESH:D011024,MESH:D012817,MESH:D012818,MESH:D014839,MESH:D015746,MESH:D018352
32553562	MESH:C000657245,MESH:D000370,MESH:D000857,MESH:D001068,MESH:D001102,MESH:D001249,MESH:D002318,MESH:D003371,MESH:D003920,MESH:D004342,MESH:D004408,MESH:D004417,MESH:D004487,MESH:D004660,MESH:D005221,MESH:D005334,MESH:D006261,MESH:D006973,MESH:D007037,MESH:D007239,MESH:D007249,MESH:D009410,MESH:D009461,MESH:D010608,MESH:D011014,MESH:D011024,MESH:D012141,MESH:D012220,MESH:D012640,MESH:D012818,MESH:D013256,MESH:D013651,MESH:D014777,MESH:D015047,MESH:D016638,MESH:D018352,MESH:D020031,MESH:D045169,MESH:D052016,MESH:D063806
33930636	MESH:C000657245,MESH:C537418,MESH:D001102,MESH:D003141,MESH:D003300,MESH:D003371,MESH:D003643,MESH:D003681,MESH:D006261,MESH:D007239,MESH:D012120,MESH:D014867,MESH:D017180,MESH:D018352
32354772	MESH:C000592401,MESH:C000596027,MESH:C000657245,MESH:C502936,MESH:C536227,MESH:D000082,MESH:D001102,MESH:D001172,MESH:D003371,MESH:D003967,MESH:D005334,MESH:D007239,MESH:D008231,MESH:D008727,MESH:D009336,MESH:D011024,MESH:D012128,MESH:D012216,MESH:D012772,MESH:D013256,MESH:D018352,MESH:D018805,MESH:D063806
32266753	MESH:D011024,MESH:D018352
32684300	MESH:C000657245,MESH:D008175,MESH:D009369,MESH:D011024,MESH:D018352
34286685	MESH:C000657245,MESH:D000431,MESH:D000855,MESH:D001102,MESH:D003141,MESH:D003371,MESH:D003967,MESH:D004417,MESH:D004801,MESH:D005557,MESH:D006416,MESH:D007239,MESH:D007249,MESH:D007649,MESH:D010232,MESH:D011014,MESH:D012694,MESH:D014657,MESH:D014867,MESH:D015047,MESH:D018352,MESH:D053609
32282344	MESH:C000657245,MESH:D003643,MESH:D011024,MESH:D018352
34593052	MESH:C000657245,MESH:D000079225,MESH:D000163,MESH:D000275,MESH:D001007,MESH:D003643,MESH:D003967,MESH:D007153,MESH:D007239,MESH:D008288,MESH:D009369,MESH:D010100,MESH:D012640,MESH:D016638,MESH:D020018,MESH:D044342
35444637	MESH:C000592401,MESH:C000596027,MESH:C000606551,MESH:C000657245,MESH:C502936,MESH:C558899,MESH:D001102,MESH:D001424,MESH:D002303,MESH:D002318,MESH:D002908,MESH:D003141,MESH:D003643,MESH:D003920,MESH:D006493,MESH:D006526,MESH:D006816,MESH:D006886,MESH:D006973,MESH:D007022,MESH:D007239,MESH:D007249,MESH:D007964,MESH:D008103,MESH:D008775,MESH:D010100,MESH:D011014,MESH:D012128,MESH:D012131,MESH:D013256,MESH:D014842,MESH:D015658,MESH:D016638,MESH:D029424,MESH:D054990,MESH:D060085
34177279	MESH:C000657245,MESH:D000079225,MESH:D000275,MESH:D001007,MESH:D001523,MESH:D001714,MESH:D003643,MESH:D004342,MESH:D005221,MESH:D007239,MESH:D007319,MESH:D008881,MESH:D009362,MESH:D009638,MESH:D009765,MESH:D010259,MESH:D010698,MESH:D012640,MESH:D014867,MESH:D018352,MESH:D019964,MESH:D045169
35250113	MESH:C000657245,MESH:D003141,MESH:D003643,MESH:D007239
32631682	MESH:C000657245,MESH:D003141,MESH:D003428,MESH:D003643,MESH:D007239,MESH:D008171,MESH:D011024,MESH:D012128,MESH:D012131,MESH:D016638,MESH:D018352
35151856	MESH:C000657245,MESH:D002303
35458549	MESH:C000657245,MESH:C086979,MESH:D000163,MESH:D000998,MESH:D001102,MESH:D001778,MESH:D002241,MESH:D002245,MESH:D002738,MESH:D002784,MESH:D004121,MESH:D006025,MESH:D006480,MESH:D006493,MESH:D006497,MESH:D006859,MESH:D006886,MESH:D007239,MESH:D007249,MESH:D007854,MESH:D008055,MESH:D009102,MESH:D009369,MESH:D009461,MESH:D009584,MESH:D010406,MESH:D011134,MESH:D012965,MESH:D012967,MESH:D013307,MESH:D013927,MESH:D014867,MESH:D015658,MESH:D017984,MESH:D018771,MESH:D019142,MESH:D020246,MESH:D030361,MESH:D064420
35017876	MESH:C000657245,MESH:D000014,MESH:D000370,MESH:D000783,MESH:D001102,MESH:D001927,MESH:D002494,MESH:D002561,MESH:D003244,MESH:D003371,MESH:D003643,MESH:D003693,MESH:D003920,MESH:D003967,MESH:D004244,MESH:D004417,MESH:D004421,MESH:D005221,MESH:D005334,MESH:D006261,MESH:D007239,MESH:D007319,MESH:D007511,MESH:D009369,MESH:D009422,MESH:D009461,MESH:D010243,MESH:D011241,MESH:D012141,MESH:D012818,MESH:D014947,MESH:D015658,MESH:D018352,MESH:D020300,MESH:D020521,MESH:D051271,MESH:D056784,MESH:D064420
32582329	MESH:C000657245,MESH:D000073893,MESH:D000438,MESH:D001007,MESH:D001102,MESH:D001205,MESH:D002908,MESH:D003141,MESH:D007239,MESH:D007501,MESH:D009765,MESH:D011014,MESH:D012140,MESH:D012492,MESH:D014867,MESH:D044342,MESH:D045169
35098033	MESH:C000657245,MESH:C024865,MESH:D000362,MESH:D000431,MESH:D000438,MESH:D000535,MESH:D000740,MESH:D001249,MESH:D001321,MESH:D002244,MESH:D002245,MESH:D003141,MESH:D003300,MESH:D003371,MESH:D003704,MESH:D005557,MESH:D006323,MESH:D006861,MESH:D007022,MESH:D007239,MESH:D007859,MESH:D008607,MESH:D008670,MESH:D009584,MESH:D009757,MESH:D009821,MESH:D010100,MESH:D010126,MESH:D011108,MESH:D011126,MESH:D011137,MESH:D012140,MESH:D012822,MESH:D012834,MESH:D012965,MESH:D013455,MESH:D013667,MESH:D014867,MESH:D017382,MESH:D034381,MESH:D056784,MESH:D059808,MESH:D064420
33465165	MESH:C000606551,MESH:C000657245,MESH:C034532,MESH:C569686,MESH:D000163,MESH:D001102,MESH:D001327,MESH:D002245,MESH:D002738,MESH:D004121,MESH:D004492,MESH:D006531,MESH:D006816,MESH:D006886,MESH:D007239,MESH:D007854,MESH:D008175,MESH:D008288,MESH:D010406,MESH:D012694,MESH:D013307,MESH:D017830,MESH:D017963,MESH:D018352
35492426	MESH:C000657245,MESH:D000079225,MESH:D000275,MESH:D001007,MESH:D001523,MESH:D003141,MESH:D003643,MESH:D006527,MESH:D007239,MESH:D007589,MESH:D012769,MESH:D018352
33963992	MESH:C000657245,MESH:D001102,MESH:D001249,MESH:D001424,MESH:D002248,MESH:D002318,MESH:D003643,MESH:D005557,MESH:D006333,MESH:D007239,MESH:D007249,MESH:D008055,MESH:D008171,MESH:D009203,MESH:D009223,MESH:D009584,MESH:D010126,MESH:D011014,MESH:D012140,MESH:D012818,MESH:D018352,MESH:D020521,MESH:D029424,MESH:D055371
34017205	MESH:C000657245,MESH:D000079225,MESH:D000275,MESH:D000438,MESH:D001007,MESH:D002318,MESH:D007029,MESH:D007239,MESH:D007859,MESH:D012128,MESH:D019966
35291048	MESH:C000657245
32672061	MESH:C000657245,MESH:C537017,MESH:D000409,MESH:D000577,MESH:D000998,MESH:D001102,MESH:D002784,MESH:D003643,MESH:D005998,MESH:D007239,MESH:D007703,MESH:D008055,MESH:D009800,MESH:D010455,MESH:D011014,MESH:D011024,MESH:D011092,MESH:D011134,MESH:D012140,MESH:D014508,MESH:D015047,MESH:D018352
32964802	MESH:C000657245
32839250	MESH:C000657245,MESH:D000431,MESH:D000432,MESH:D001102,MESH:D002245,MESH:D005557,MESH:D005840,MESH:D007239,MESH:D007455,MESH:D008055,MESH:D008239,MESH:D011024,MESH:D011108,MESH:D011136,MESH:D011137,MESH:D012140,MESH:D012967,MESH:D014867,MESH:D017830,MESH:D018352,MESH:D064420
34364311	MESH:C000657245,MESH:D007239,MESH:D007247
34884216	MESH:C000657245,MESH:C536439,MESH:D000275,MESH:D000370,MESH:D000437,MESH:D000544,MESH:D000857,MESH:D000860,MESH:D001102,MESH:D001480,MESH:D001927,MESH:D003072,MESH:D003643,MESH:D003920,MESH:D004408,MESH:D004417,MESH:D005221,MESH:D005355,MESH:D006261,MESH:D006333,MESH:D007239,MESH:D007249,MESH:D008569,MESH:D009102,MESH:D009325,MESH:D009410,MESH:D009422,MESH:D010300,MESH:D012131,MESH:D012140,MESH:D012818,MESH:D013651,MESH:D015047,MESH:D015673,MESH:D016638,MESH:D018352,MESH:D018771,MESH:D055370
34589017	MESH:C000657245,MESH:D001007
32381073	MESH:C000657245,MESH:D001102,MESH:D003371,MESH:D003404,MESH:D003643,MESH:D005076,MESH:D005334,MESH:D006470,MESH:D007239,MESH:D010146,MESH:D011014,MESH:D011024,MESH:D012128,MESH:D012141,MESH:D016638,MESH:D018352,MESH:D045169
35304067	MESH:C000657245,MESH:D007239,MESH:D010146
35043033	MESH:C000657245,MESH:D002318,MESH:D003643,MESH:D004417,MESH:D004492,MESH:D006851,MESH:D007239,MESH:D007319,MESH:D007854,MESH:D009102,MESH:D009369,MESH:D010100,MESH:D011014,MESH:D011136,MESH:D012128,MESH:D012772,MESH:D012967,MESH:D014867,MESH:D018455
32358675	MESH:C000657245,MESH:D011024,MESH:D018352
33536979	MESH:C000657245,MESH:D000068376,MESH:D000079225,MESH:D001007,MESH:D001523,MESH:D003072,MESH:D005597,MESH:D007859,MESH:D014947
33626376	MESH:C000657245,MESH:D000438,MESH:D001749,MESH:D001919,MESH:D001943,MESH:D003643,MESH:D007938,MESH:D008175,MESH:D009369,MESH:D010190,MESH:D010243,MESH:D015179
33686389	MESH:C000657245,MESH:D004487,MESH:D007239,MESH:D009336,MESH:D051271
33908897	MESH:C000657245,MESH:D000163,MESH:D001102,MESH:D002244,MESH:D002245,MESH:D004487,MESH:D006371,MESH:D006470,MESH:D006965,MESH:D007239,MESH:D007249,MESH:D007854,MESH:D008171,MESH:D008661,MESH:D009336,MESH:D009369,MESH:D011014,MESH:D011136,MESH:D012128,MESH:D012131,MESH:D012685,MESH:D012964,MESH:D013927,MESH:D018352,MESH:D056486
34717886	MESH:C000657245,MESH:D003643,MESH:D003920,MESH:D006973,MESH:D007239,MESH:D009369,MESH:D010100,MESH:D015658,MESH:D018352,MESH:D029424,MESH:D051436
33350677	MESH:C000657245,MESH:D000336,MESH:D000402,MESH:D003371,MESH:D005597,MESH:D007239,MESH:D012131,MESH:D012141,MESH:D014867
32605729	MESH:C000657245,MESH:D011024,MESH:D014867,MESH:D018352
34532354	MESH:C000657245,MESH:D003072
35036079	MESH:C000606551,MESH:C000657245,MESH:C502936,MESH:C537017,MESH:C537418,MESH:D000069285,MESH:D000275,MESH:D000783,MESH:D000860,MESH:D001168,MESH:D001171,MESH:D001172,MESH:D001241,MESH:D001778,MESH:D002318,MESH:D002395,MESH:D002908,MESH:D003141,MESH:D003324,MESH:D003424,MESH:D003643,MESH:D003907,MESH:D003967,MESH:D004298,MESH:D004837,MESH:D005334,MESH:D006261,MESH:D006327,MESH:D006331,MESH:D006333,MESH:D006470,MESH:D006493,MESH:D006495,MESH:D006943,MESH:D006973,MESH:D007239,MESH:D007249,MESH:D007674,MESH:D007970,MESH:D008775,MESH:D009069,MESH:D009080,MESH:D009102,MESH:D009203,MESH:D009205,MESH:D009325,MESH:D009369,MESH:D009461,MESH:D009503,MESH:D009638,MESH:D009765,MESH:D010100,MESH:D011014,MESH:D011239,MESH:D011241,MESH:D011655,MESH:D012128,MESH:D012131,MESH:D012213,MESH:D012769,MESH:D012772,MESH:D013256,MESH:D013610,MESH:D013921,MESH:D013923,MESH:D013927,MESH:D014657,MESH:D014839,MESH:D015746,MESH:D016638,MESH:D017984,MESH:D018754,MESH:D018805,MESH:D019851,MESH:D020246,MESH:D020521,MESH:D021081,MESH:D054537,MESH:D054556,MESH:D055501,MESH:D056486,MESH:D056587,MESH:D057049
34819524	MESH:C000657245,MESH:C537866,MESH:D001416,MESH:D001932,MESH:D001943,MESH:D003643,MESH:D007022,MESH:D007239,MESH:D007859,MESH:D008175,MESH:D009103,MESH:D009369,MESH:D010190,MESH:D012141,MESH:D018352,MESH:D020521
33424954	MESH:C000657245,MESH:D003371,MESH:D007239,MESH:D012141,MESH:D012973,MESH:D014867
34589316	MESH:C000657245,MESH:D003643,MESH:D007239,MESH:D009757,MESH:D011014,MESH:D012140,MESH:D012141,MESH:D018352
32630367	MESH:C000657245,MESH:D000067073,MESH:D000275,MESH:D001007,MESH:D001068,MESH:D002303,MESH:D002318,MESH:D002908,MESH:D003072,MESH:D003643,MESH:D003704,MESH:D005947,MESH:D006620,MESH:D007022,MESH:D007239,MESH:D007859,MESH:D008569,MESH:D009765,MESH:D010300,MESH:D012640,MESH:D015431,MESH:D018352,MESH:D020521,MESH:D050723
33932458	MESH:C000657245,MESH:D000450,MESH:D001416,MESH:D003141,MESH:D003404,MESH:D004342,MESH:D005334,MESH:D006417,MESH:D007674,MESH:D008589,MESH:D011507,MESH:D012141,MESH:D014657,MESH:D063806
35066705	MESH:C000657245,MESH:C502936,MESH:C536395,MESH:D000067390,MESH:D000370,MESH:D000853,MESH:D000857,MESH:D000860,MESH:D001049,MESH:D001068,MESH:D001102,MESH:D001249,MESH:D001259,MESH:D001327,MESH:D001424,MESH:D001778,MESH:D002294,MESH:D002561,MESH:D003141,MESH:D003231,MESH:D003244,MESH:D003371,MESH:D003643,MESH:D003920,MESH:D003967,MESH:D004211,MESH:D004244,MESH:D004342,MESH:D004408,MESH:D004417,MESH:D004487,MESH:D005221,MESH:D005334,MESH:D005355,MESH:D005776,MESH:D006261,MESH:D006333,MESH:D006335,MESH:D006470,MESH:D006495,MESH:D006497,MESH:D006948,MESH:D006965,MESH:D006973,MESH:D006987,MESH:D007239,MESH:D007249,MESH:D007511,MESH:D007674,MESH:D007951,MESH:D008055,MESH:D008171,MESH:D008231,MESH:D008545,MESH:D008670,MESH:D009102,MESH:D009205,MESH:D009325,MESH:D009369,MESH:D009422,MESH:D009461,MESH:D009765,MESH:D009798,MESH:D011014,MESH:D011507,MESH:D011537,MESH:D011655,MESH:D012128,MESH:D012131,MESH:D012140,MESH:D012141,MESH:D012164,MESH:D012640,MESH:D012769,MESH:D012817,MESH:D012818,MESH:D013203,MESH:D013927,MESH:D014786,MESH:D014839,MESH:D014867,MESH:D015047,MESH:D015746,MESH:D016207,MESH:D016638,MESH:D017114,MESH:D017382,MESH:D018352,MESH:D018805,MESH:D019851,MESH:D020246,MESH:D020521,MESH:D028361,MESH:D034721,MESH:D045169,MESH:D050197,MESH:D054556,MESH:D055370,MESH:D056486,MESH:D058186,MESH:D063806,MESH:D064420
32599069	MESH:C000657245,MESH:D000275,MESH:D000900,MESH:D001007,MESH:D001523,MESH:D003141,MESH:D003643,MESH:D006470,MESH:D007039,MESH:D007251,MESH:D007964,MESH:D007970,MESH:D008231,MESH:D011014,MESH:D011024,MESH:D011241,MESH:D012120,MESH:D012131,MESH:D012140,MESH:D012818,MESH:D017563,MESH:D018352,MESH:D055370
32817714	MESH:C000657245,MESH:D000438,MESH:D003141,MESH:D003643,MESH:D003920,MESH:D005355,MESH:D005597,MESH:D007239,MESH:D007249,MESH:D010272,MESH:D011024,MESH:D018352,MESH:D020018
34659041	MESH:C000657245,MESH:D000079225,MESH:D000275,MESH:D001007,MESH:D002318,MESH:D002908,MESH:D003072,MESH:D003324,MESH:D003643,MESH:D007239,MESH:D007589,MESH:D009203,MESH:D009369,MESH:D010146,MESH:D040921
32685880	MESH:C000657245,MESH:C536439,MESH:D000860,MESH:D001241,MESH:D001778,MESH:D002561,MESH:D003141,MESH:D003643,MESH:D004211,MESH:D006323,MESH:D006470,MESH:D006493,MESH:D006495,MESH:D006497,MESH:D006526,MESH:D007239,MESH:D007249,MESH:D007511,MESH:D008171,MESH:D009102,MESH:D009203,MESH:D010100,MESH:D011014,MESH:D011655,MESH:D012128,MESH:D012131,MESH:D012818,MESH:D013921,MESH:D013923,MESH:D013927,MESH:D014842,MESH:D016638,MESH:D017984,MESH:D018805,MESH:D019851,MESH:D020246,MESH:D025861,MESH:D054556
32451343	MESH:C000657245,MESH:D001464,MESH:D003643,MESH:D003920,MESH:D006323,MESH:D012131,MESH:D016638,MESH:D029424
34909404	MESH:C000606551,MESH:C000657245,MESH:C502936,MESH:D000860,MESH:D001102,MESH:D001663,MESH:D002318,MESH:D003371,MESH:D003643,MESH:D003920,MESH:D005234,MESH:D005334,MESH:D005355,MESH:D006509,MESH:D006525,MESH:D006526,MESH:D006528,MESH:D007239,MESH:D007249,MESH:D008107,MESH:D008171,MESH:D008231,MESH:D009173,MESH:D009422,MESH:D009765,MESH:D011014,MESH:D012131,MESH:D012141,MESH:D012254,MESH:D012818,MESH:D015047,MESH:D015658,MESH:D016559,MESH:D017093,MESH:D017114,MESH:D018352,MESH:D018455,MESH:D019698,MESH:D019851,MESH:D034141,MESH:D051436,MESH:D056486,MESH:D058186,MESH:D058625
34736354	MESH:C000657245,MESH:D001102,MESH:D003643,MESH:D004487,MESH:D004801,MESH:D005557,MESH:D006416,MESH:D006965,MESH:D007239,MESH:D007249,MESH:D009422,MESH:D011014,MESH:D012140,MESH:D012967,MESH:D016207,MESH:D018352
32686375	MESH:C000657245,MESH:D001102,MESH:D001778,MESH:D003371,MESH:D003643,MESH:D004417,MESH:D005184,MESH:D006470,MESH:D006973,MESH:D009102,MESH:D010100,MESH:D011024,MESH:D012128,MESH:D012131,MESH:D012421,MESH:D012772,MESH:D013921,MESH:D018352,MESH:D045169,MESH:D054549,MESH:D059246
33257418	MESH:C000657245,MESH:D006973,MESH:D009207,MESH:D009223,MESH:D012141
34149003	MESH:C000657245,MESH:D003643,MESH:D007239,MESH:D010100
34894119	MESH:C000657245,MESH:D005334
35284208	MESH:C000657245,MESH:D004487,MESH:D007501,MESH:D008206,MESH:D011239,MESH:D014581
35095602	MESH:C000657245,MESH:D000079225,MESH:D000275,MESH:D001007,MESH:D001102,MESH:D007239,MESH:D007319,MESH:D012893,MESH:D013313,MESH:D058540
34008930	MESH:C000657245,MESH:C502936,MESH:C558899,MESH:D000163,MESH:D000437,MESH:D000857,MESH:D001102,MESH:D001205,MESH:D001249,MESH:D002738,MESH:D003078,MESH:D003371,MESH:D003404,MESH:D003643,MESH:D003704,MESH:D003907,MESH:D003920,MESH:D003967,MESH:D004417,MESH:D005334,MESH:D005947,MESH:D006261,MESH:D006886,MESH:D007239,MESH:D008775,MESH:D009325,MESH:D009369,MESH:D009584,MESH:D010100,MESH:D011014,MESH:D012128,MESH:D012772,MESH:D012818,MESH:D013256,MESH:D014508,MESH:D015658,MESH:D016638,MESH:D017963,MESH:D020271,MESH:D020521,MESH:D029424,MESH:D051436,MESH:D054058,MESH:D058625
33337295	MESH:C000657245,MESH:D000275,MESH:D002908,MESH:D003141,MESH:D003643,MESH:D009765
34404498	MESH:C000657245
34641391	MESH:C000657245,MESH:D000069283,MESH:D000230,MESH:D000409,MESH:D000577,MESH:D000588,MESH:D001327,MESH:D001943,MESH:D002245,MESH:D002289,MESH:D002318,MESH:D002945,MESH:D003520,MESH:D003545,MESH:D003920,MESH:D003967,MESH:D004229,MESH:D005998,MESH:D006147,MESH:D006323,MESH:D006859,MESH:D007239,MESH:D007938,MESH:D008175,MESH:D008223,MESH:D008239,MESH:D009101,MESH:D009369,MESH:D009436,MESH:D010300,MESH:D010649,MESH:D011092,MESH:D011241,MESH:D015470,MESH:D016393,MESH:D064420
35332047	MESH:C000657245,MESH:D000079225,MESH:D001749,MESH:D001943,MESH:D002908,MESH:D003643,MESH:D004067,MESH:D006258,MESH:D007239,MESH:D009369,MESH:D012878,MESH:D015179
35382039	MESH:C000657245,MESH:D000079225,MESH:D000275,MESH:D001007,MESH:D001289,MESH:D001523,MESH:D003072,MESH:D004417,MESH:D005221,MESH:D006261,MESH:D007319,MESH:D010146,MESH:D012128,MESH:D059350
33688413	MESH:C000657245,MESH:C502936,MESH:D000275,MESH:D001145,MESH:D001241,MESH:D002311,MESH:D002637,MESH:D003078,MESH:D003324,MESH:D003371,MESH:D003404,MESH:D003643,MESH:D003920,MESH:D004417,MESH:D004487,MESH:D005334,MESH:D006331,MESH:D006333,MESH:D006349,MESH:D006886,MESH:D007022,MESH:D007052,MESH:D007239,MESH:D008231,MESH:D008775,MESH:D009202,MESH:D009205,MESH:D009336,MESH:D009638,MESH:D010100,MESH:D010490,MESH:D010493,MESH:D011014,MESH:D011655,MESH:D012128,MESH:D012769,MESH:D012770,MESH:D012772,MESH:D013256,MESH:D013610,MESH:D014508,MESH:D017963,MESH:D018476,MESH:D018487,MESH:D018908,MESH:D054058,MESH:D054549,MESH:D058186,MESH:D059246,MESH:D059787
32997560	MESH:C000657245,MESH:D001102,MESH:D011014
34901700	MESH:C000657245,MESH:D003643
35250739	MESH:C000657245,MESH:D001007,MESH:D003693,MESH:D003903,MESH:D007859
32100024	MESH:C000657245,MESH:D011024,MESH:D018352
33793460	MESH:C000657245,MESH:C535882,MESH:D003371,MESH:D003643,MESH:D003967,MESH:D004417,MESH:D005221,MESH:D005334,MESH:D006261,MESH:D007239,MESH:D008589,MESH:D009784,MESH:D010608,MESH:D012818,MESH:D063806
32664634	MESH:C000657245,MESH:D000309,MESH:D007239
32590006	MESH:C000657245,MESH:D011024,MESH:D018352
34256781	MESH:C000657245,MESH:D000402,MESH:D001064,MESH:D001281,MESH:D002245,MESH:D003141,MESH:D003643,MESH:D004630,MESH:D006470,MESH:D007239,MESH:D008171,MESH:D009102,MESH:D010146,MESH:D010996,MESH:D011014,MESH:D011027,MESH:D012131,MESH:D012772,MESH:D013667,MESH:D014552,MESH:D014947,MESH:D015212,MESH:D015746,MESH:D016751,MESH:D018805,MESH:D051437
34630838	MESH:C000606551,MESH:C000657245,MESH:C502936,MESH:D000438,MESH:D000998,MESH:D003141,MESH:D003643,MESH:D004318,MESH:D005334,MESH:D006261,MESH:D006886,MESH:D006973,MESH:D007239,MESH:D008288,MESH:D008581,MESH:D008775,MESH:D012120,MESH:D012128,MESH:D012141,MESH:D014867,MESH:D017963,MESH:D018352,MESH:D018908
34844968	MESH:C000606551,MESH:C000657245,MESH:D000069283,MESH:D001327,MESH:D003371,MESH:D003643,MESH:D003907,MESH:D003922,MESH:D004417,MESH:D006333,MESH:D006973,MESH:D007239,MESH:D007676,MESH:D008055,MESH:D008171,MESH:D009103,MESH:D009173,MESH:D009369,MESH:D010100,MESH:D011008,MESH:D011014,MESH:D011241,MESH:D011655,MESH:D012128,MESH:D012131,MESH:D013256,MESH:D013746,MESH:D016559,MESH:D018352
34831965	MESH:C000657245,MESH:D001007,MESH:D001523,MESH:D001766,MESH:D002386,MESH:D003141,MESH:D003248,MESH:D003920,MESH:D003924,MESH:D005221,MESH:D005901,MESH:D005947,MESH:D007239,MESH:D008687,MESH:D010146,MESH:D014376,MESH:D014786,MESH:D014867,MESH:D020521,MESH:D048909
35010471	MESH:C000657245,MESH:D001007,MESH:D003141,MESH:D003428,MESH:D006861,MESH:D007239,MESH:D014867,MESH:D018352
33587790	MESH:C000657245,MESH:D014947
33684592	MESH:C000592401,MESH:C000596027,MESH:C000606551,MESH:C000657245,MESH:C502936,MESH:C538137,MESH:C563010,MESH:D000740,MESH:D000860,MESH:D001102,MESH:D001168,MESH:D001171,MESH:D001778,MESH:D001855,MESH:D003643,MESH:D003907,MESH:D005334,MESH:D006323,MESH:D006402,MESH:D006854,MESH:D006886,MESH:D006948,MESH:D007239,MESH:D007249,MESH:D007938,MESH:D008107,MESH:D008171,MESH:D008180,MESH:D008231,MESH:D008661,MESH:D008775,MESH:D009080,MESH:D009102,MESH:D009369,MESH:D010100,MESH:D011014,MESH:D012120,MESH:D012128,MESH:D012131,MESH:D012216,MESH:D013256,MESH:D013921,MESH:D013927,MESH:D014280,MESH:D014947,MESH:D016572,MESH:D016638,MESH:D017093,MESH:D017566,MESH:D017963,MESH:D018352,MESH:D018805,MESH:D034141,MESH:D051359,MESH:D055501,MESH:D057049,MESH:D060825,MESH:D061325,MESH:D064420
35247550	MESH:C000657245,MESH:D000860,MESH:D001523,MESH:D003324,MESH:D004417,MESH:D005334,MESH:D006973,MESH:D007239,MESH:D007249,MESH:D007674,MESH:D008171,MESH:D008231,MESH:D010100,MESH:D011014,MESH:D012128,MESH:D012131,MESH:D012141,MESH:D012772,MESH:D013927,MESH:D050171,MESH:D055370
34058573	MESH:C000657245,MESH:D000014,MESH:D001102,MESH:D002245,MESH:D002543,MESH:D002784,MESH:D003141,MESH:D003643,MESH:D004487,MESH:D006470,MESH:D007239,MESH:D008055,MESH:D009705,MESH:D010051,MESH:D011092,MESH:D012965,MESH:D013746,MESH:D014801,MESH:D014867,MESH:D015430,MESH:D019052,MESH:D045169,MESH:D064420
34159155	MESH:C000657245,MESH:D000079225,MESH:D000275,MESH:D000370,MESH:D000857,MESH:D001007,MESH:D001049,MESH:D002637,MESH:D002908,MESH:D003231,MESH:D003371,MESH:D003643,MESH:D003920,MESH:D003967,MESH:D004244,MESH:D004417,MESH:D005076,MESH:D005221,MESH:D005334,MESH:D005355,MESH:D006261,MESH:D006331,MESH:D006333,MESH:D006470,MESH:D007153,MESH:D007239,MESH:D007249,MESH:D007674,MESH:D008171,MESH:D008881,MESH:D009059,MESH:D009102,MESH:D009203,MESH:D009205,MESH:D009325,MESH:D009369,MESH:D009422,MESH:D010146,MESH:D010608,MESH:D011014,MESH:D012128,MESH:D013313,MESH:D014839,MESH:D014867,MESH:D015746,MESH:D018352,MESH:D018771,MESH:D018908,MESH:D056587,MESH:D058186
34342092	MESH:D000336
34415401	MESH:C000657245,MESH:D000079225,MESH:D000275,MESH:D001007,MESH:D003072,MESH:D003371,MESH:D006470,MESH:D007239,MESH:D007455,MESH:D010146,MESH:D010300
35272613	MESH:C000657245,MESH:D000163,MESH:D000544,MESH:D000855,MESH:D002318,MESH:D002637,MESH:D003324,MESH:D003371,MESH:D003643,MESH:D003920,MESH:D003967,MESH:D004244,MESH:D004417,MESH:D005221,MESH:D005334,MESH:D005767,MESH:D006261,MESH:D006331,MESH:D006402,MESH:D006973,MESH:D007039,MESH:D007239,MESH:D007249,MESH:D007511,MESH:D008107,MESH:D008171,MESH:D008231,MESH:D009325,MESH:D009369,MESH:D009422,MESH:D010100,MESH:D010146,MESH:D010243,MESH:D010608,MESH:D012128,MESH:D012131,MESH:D012140,MESH:D012640,MESH:D012817,MESH:D012818,MESH:D014839,MESH:D015658,MESH:D015746,MESH:D016638,MESH:D018352,MESH:D019966,MESH:D020271,MESH:D029424,MESH:D045169,MESH:D051271,MESH:D051436,MESH:D055370,MESH:D060085,MESH:D063806
33203639	MESH:C000657245,MESH:D000014,MESH:D001102,MESH:D002908,MESH:D003920,MESH:D005947,MESH:D006973,MESH:D007239,MESH:D009765,MESH:D010649,MESH:D011014,MESH:D011125,MESH:D011251,MESH:D051271,MESH:D051436
34836825	MESH:C000657245,MESH:D001102,MESH:D003141,MESH:D003643,MESH:D003920,MESH:D006331,MESH:D006509,MESH:D006949,MESH:D006973,MESH:D007239,MESH:D008171,MESH:D010100,MESH:D011014,MESH:D014766,MESH:D015658
33513875	MESH:C000657245,MESH:C502936,MESH:D000275,MESH:D000857,MESH:D001102,MESH:D003643,MESH:D004408,MESH:D005334,MESH:D007239,MESH:D008171,MESH:D009190,MESH:D009369,MESH:D009503,MESH:D009765,MESH:D009894,MESH:D010100,MESH:D010608,MESH:D012128,MESH:D012131,MESH:D012141,MESH:D015470,MESH:D016638,MESH:D060085
35512712	MESH:C000657245,MESH:D003643,MESH:D006402,MESH:D007022,MESH:D007239,MESH:D008223,MESH:D009101,MESH:D009190,MESH:D009369,MESH:D013256,MESH:D015470,MESH:D019337,MESH:D059390
34519768	MESH:C000657245,MESH:D000163,MESH:D000370,MESH:D000857,MESH:D001068,MESH:D001247,MESH:D002318,MESH:D002908,MESH:D003141,MESH:D003371,MESH:D003643,MESH:D003920,MESH:D003967,MESH:D004417,MESH:D005334,MESH:D006261,MESH:D006973,MESH:D007239,MESH:D008171,MESH:D008288,MESH:D009325,MESH:D009765,MESH:D010100,MESH:D011014,MESH:D011654,MESH:D012120,MESH:D012128,MESH:D012220,MESH:D012818,MESH:D014376,MESH:D014839,MESH:D015658,MESH:D056486,MESH:D063806
33165674	MESH:C000657245,MESH:C558899,MESH:D000860,MESH:D001102,MESH:D002637,MESH:D003141,MESH:D003371,MESH:D003643,MESH:D003907,MESH:D003920,MESH:D004417,MESH:D005221,MESH:D005334,MESH:D005355,MESH:D006333,MESH:D006973,MESH:D007239,MESH:D007964,MESH:D008171,MESH:D008775,MESH:D009369,MESH:D009765,MESH:D011014,MESH:D011024,MESH:D011125,MESH:D011655,MESH:D011658,MESH:D012131,MESH:D016638,MESH:D017563,MESH:D018352,MESH:D018450,MESH:D056486
35194549	MESH:C000657245,MESH:C535882,MESH:D000275,MESH:D001007,MESH:D001289,MESH:D001523,MESH:D002908,MESH:D006886,MESH:D009771,MESH:D011618,MESH:D016584
33364344	MESH:C000657245,MESH:D007239,MESH:D009059
33588706	MESH:C000657245,MESH:C535742,MESH:D000079225,MESH:D000275,MESH:D001007,MESH:D002908,MESH:D003072,MESH:D003643,MESH:D007239,MESH:D007319,MESH:D009369,MESH:D010146,MESH:D012128,MESH:D012893,MESH:D012967,MESH:D013313,MESH:D014947,MESH:D050723
32721925	MESH:C000657245,MESH:D000079225,MESH:D001007,MESH:D002318,MESH:D002908,MESH:D003643,MESH:D003920,MESH:D007239,MESH:D007674,MESH:D009765,MESH:D011024,MESH:D018352
34110314	MESH:C000657245,MESH:D001943,MESH:D002280,MESH:D006258,MESH:D009369,MESH:D014947,MESH:D050723
34611034	MESH:C000657245,MESH:D000208,MESH:D000740,MESH:D001007,MESH:D001102,MESH:D002637,MESH:D003643,MESH:D003967,MESH:D004342,MESH:D004492,MESH:D005221,MESH:D005334,MESH:D005483,MESH:D005767,MESH:D006261,MESH:D006632,MESH:D006973,MESH:D007154,MESH:D007239,MESH:D007249,MESH:D007319,MESH:D009369,MESH:D010146,MESH:D011014,MESH:D014581,MESH:D015673,MESH:D018771,MESH:D051271,MESH:D060085,MESH:D063806
35282893	MESH:C000657245,MESH:D002277,MESH:D003643,MESH:D004487,MESH:D007239,MESH:D008171,MESH:D011014,MESH:D011654,MESH:D012128,MESH:D012131,MESH:D012140,MESH:D014947,MESH:D015431,MESH:D055370,MESH:D059390
35439249	MESH:C000657245,MESH:D000067390,MESH:D000535,MESH:D002244,MESH:D002245,MESH:D006258,MESH:D006973,MESH:D007859,MESH:D009223,MESH:D010300,MESH:D011108,MESH:D011126,MESH:D011137,MESH:D012834
34803818	MESH:C000657245,MESH:D001007,MESH:D007239,MESH:D007859
32794209	MESH:C000657245,MESH:D000857,MESH:D012640,MESH:D013651
32694498	MESH:C000657245,MESH:D000071079,MESH:D001241,MESH:D001778,MESH:D002908,MESH:D003404,MESH:D003643,MESH:D003967,MESH:D004211,MESH:D004646,MESH:D005334,MESH:D006261,MESH:D006323,MESH:D006493,MESH:D007238,MESH:D007249,MESH:D007455,MESH:D008171,MESH:D008231,MESH:D010100,MESH:D010608,MESH:D011014,MESH:D011024,MESH:D011654,MESH:D011655,MESH:D012128,MESH:D012140,MESH:D012640,MESH:D013921,MESH:D013923,MESH:D013927,MESH:D014947,MESH:D016638,MESH:D018352,MESH:D018805,MESH:D019344,MESH:D019851,MESH:D025861,MESH:D050171,MESH:D054556,MESH:D055370,MESH:D057049,MESH:D063806
34790223	MESH:C000657245,MESH:D005221,MESH:D008268,MESH:D009135,MESH:D009207,MESH:D009223,MESH:D009404,MESH:D012128,MESH:D012131
32268212	MESH:C000606551,MESH:C000657245,MESH:C502936,MESH:C538137,MESH:D001102,MESH:D001168,MESH:D001171,MESH:D001327,MESH:D002738,MESH:D003141,MESH:D003371,MESH:D003643,MESH:D004660,MESH:D005334,MESH:D006886,MESH:D007239,MESH:D007249,MESH:D007970,MESH:D008180,MESH:D011024,MESH:D012131,MESH:D012772,MESH:D015415,MESH:D018352,MESH:D018805,MESH:D030361,MESH:D051359,MESH:D055501,MESH:D061325
34595468	MESH:C000657245,MESH:D000740,MESH:D002318,MESH:D003371,MESH:D003404,MESH:D003643,MESH:D004417,MESH:D005221,MESH:D005334,MESH:D006331,MESH:D006509,MESH:D007239,MESH:D007249,MESH:D008171,MESH:D009369,MESH:D010195,MESH:D012128,MESH:D012140,MESH:D016393,MESH:D018805,MESH:D029424,MESH:D058186
34407607	MESH:C000657245,MESH:C535882,MESH:D000409,MESH:D001102,MESH:D001778,MESH:D001927,MESH:D002311,MESH:D002318,MESH:D002543,MESH:D002544,MESH:D003550,MESH:D003643,MESH:D004211,MESH:D004417,MESH:D004492,MESH:D006025,MESH:D006261,MESH:D006402,MESH:D006470,MESH:D006493,MESH:D006495,MESH:D006528,MESH:D007153,MESH:D007238,MESH:D007239,MESH:D007249,MESH:D007511,MESH:D007964,MESH:D007970,MESH:D009203,MESH:D009369,MESH:D009422,MESH:D009503,MESH:D011136,MESH:D011655,MESH:D012140,MESH:D012769,MESH:D012851,MESH:D013256,MESH:D013921,MESH:D013923,MESH:D013927,MESH:D014612,MESH:D014786,MESH:D014839,MESH:D015179,MESH:D015746,MESH:D020246,MESH:D020521,MESH:D025861,MESH:D030342,MESH:D054556,MESH:D055501,MESH:D056486,MESH:D057049,MESH:D064420
34665318	MESH:C000657245,MESH:D002386,MESH:D003428,MESH:D003643,MESH:D007239,MESH:D050723
33388064	MESH:C000657245,MESH:D000079225,MESH:D000275,MESH:D000438,MESH:D001007,MESH:D001523,MESH:D002277,MESH:D003920,MESH:D003924,MESH:D006973,MESH:D007239,MESH:D007319,MESH:D008881,MESH:D012492,MESH:D014867,MESH:D058540
32253318	MESH:C000606551,MESH:C000657245,MESH:C086979,MESH:C558899,MESH:D000077266,MESH:D000077559,MESH:D001102,MESH:D001663,MESH:D002318,MESH:D002561,MESH:D002637,MESH:D002738,MESH:D002908,MESH:D003141,MESH:D003371,MESH:D003428,MESH:D003643,MESH:D003967,MESH:D004342,MESH:D004417,MESH:D005334,MESH:D006261,MESH:D006509,MESH:D006973,MESH:D007239,MESH:D007249,MESH:D008171,MESH:D008231,MESH:D008751,MESH:D008775,MESH:D009102,MESH:D009205,MESH:D009325,MESH:D010100,MESH:D010608,MESH:D011014,MESH:D011024,MESH:D012120,MESH:D012128,MESH:D012141,MESH:D012254,MESH:D014766,MESH:D014839,MESH:D015047,MESH:D016638,MESH:D017093,MESH:D018352,MESH:D018771,MESH:D019142,MESH:D053139,MESH:D054058,MESH:D055370,MESH:D058186,MESH:D060085,MESH:D063806
32301809	MESH:D003428,MESH:D011024,MESH:D018352
32352535	MESH:C000592401,MESH:C000606551,MESH:C000657245,MESH:C034532,MESH:C502936,MESH:C536227,MESH:C536439,MESH:C558899,MESH:D000069285,MESH:D000079225,MESH:D000081029,MESH:D000208,MESH:D000275,MESH:D000370,MESH:D000450,MESH:D000740,MESH:D000806,MESH:D000857,MESH:D000860,MESH:D001102,MESH:D001145,MESH:D001171,MESH:D001172,MESH:D001281,MESH:D001327,MESH:D001424,MESH:D001943,MESH:D002241,MESH:D002311,MESH:D002318,MESH:D002637,MESH:D002738,MESH:D002784,MESH:D003141,MESH:D003300,MESH:D003324,MESH:D003371,MESH:D003643,MESH:D003645,MESH:D003920,MESH:D003967,MESH:D004211,MESH:D004298,MESH:D004417,MESH:D004958,MESH:D005221,MESH:D005334,MESH:D005355,MESH:D005767,MESH:D005947,MESH:D006261,MESH:D006327,MESH:D006331,MESH:D006333,MESH:D006335,MESH:D006349,MESH:D006402,MESH:D006470,MESH:D006854,MESH:D006886,MESH:D006973,MESH:D007008,MESH:D007022,MESH:D007029,MESH:D007154,MESH:D007239,MESH:D007249,MESH:D007511,MESH:D007674,MESH:D008055,MESH:D008133,MESH:D008171,MESH:D008231,MESH:D008659,MESH:D008775,MESH:D009102,MESH:D009103,MESH:D009202,MESH:D009203,MESH:D009205,MESH:D009336,MESH:D009369,MESH:D009461,MESH:D009638,MESH:D009765,MESH:D010051,MESH:D010100,MESH:D010146,MESH:D010490,MESH:D010608,MESH:D010996,MESH:D011014,MESH:D011024,MESH:D011030,MESH:D011188,MESH:D011655,MESH:D012080,MESH:D012128,MESH:D012131,MESH:D012140,MESH:D012141,MESH:D012254,MESH:D012694,MESH:D012769,MESH:D012818,MESH:D013256,MESH:D013610,MESH:D013739,MESH:D013927,MESH:D014693,MESH:D014947,MESH:D015658,MESH:D016638,MESH:D017180,MESH:D017563,MESH:D017566,MESH:D018352,MESH:D018476,MESH:D018487,MESH:D018754,MESH:D018805,MESH:D019808,MESH:D020257,MESH:D020521,MESH:D021081,MESH:D024821,MESH:D025861,MESH:D029424,MESH:D045169,MESH:D050197,MESH:D051359,MESH:D051436,MESH:D054537,MESH:D055370,MESH:D055371,MESH:D056486,MESH:D058186,MESH:D063806,MESH:D064420,MESH:D066126
34567255	MESH:C000657245,MESH:D001943,MESH:D002318,MESH:D002908,MESH:D003643,MESH:D003920,MESH:D005355,MESH:D007239,MESH:D009362,MESH:D009369,MESH:D015179,MESH:D018352
35126566	MESH:C000657245,MESH:D000067390,MESH:D000535,MESH:D001120,MESH:D001224,MESH:D003141,MESH:D003300,MESH:D003371,MESH:D003545,MESH:D003643,MESH:D005492,MESH:D005973,MESH:D005998,MESH:D006480,MESH:D006859,MESH:D007239,MESH:D007501,MESH:D008055,MESH:D008070,MESH:D008670,MESH:D009207,MESH:D009223,MESH:D010126,MESH:D012834,MESH:D014376,MESH:D014805,MESH:D014867,MESH:D018352,MESH:D018698,MESH:D019966,MESH:D049310
33822099	MESH:C000657245,MESH:D003643
32762083	MESH:C000657245,MESH:D000860,MESH:D003324,MESH:D003920,MESH:D004660,MESH:D009765,MESH:D010300,MESH:D013927,MESH:D014947,MESH:D056784
34343468	MESH:C000657245,MESH:D003643,MESH:D003920,MESH:D006973
35051130	MESH:C000657245,MESH:C535882
32878481	MESH:C000657245,MESH:D000336,MESH:D001249,MESH:D002318,MESH:D003141,MESH:D003371,MESH:D003643,MESH:D003920,MESH:D004342,MESH:D007239,MESH:D009080,MESH:D011014,MESH:D011024,MESH:D012140,MESH:D012141,MESH:D012772,MESH:D014376,MESH:D015047,MESH:D018352,MESH:D056587
32813879	MESH:C000657245,MESH:D003920,MESH:D011024,MESH:D018352,MESH:D018450
35308745	MESH:C000657245,MESH:D000071079,MESH:D000860,MESH:D001205,MESH:D003371,MESH:D003643,MESH:D003967,MESH:D004417,MESH:D005767,MESH:D006973,MESH:D007239,MESH:D008775,MESH:D009102,MESH:D010100,MESH:D010195,MESH:D011655,MESH:D015746,MESH:D017984,MESH:D018352,MESH:D018908,MESH:D030342
34436248	MESH:C000596027,MESH:C000606551,MESH:C000657245,MESH:D000241,MESH:D000255,MESH:D000998,MESH:D001102,MESH:D001120,MESH:D003248,MESH:D003643,MESH:D003907,MESH:D006261,MESH:D006639,MESH:D006859,MESH:D007008,MESH:D007022,MESH:D007239,MESH:D007249,MESH:D008239,MESH:D009325,MESH:D009369,MESH:D009447,MESH:D010272,MESH:D010710,MESH:D011108,MESH:D011134,MESH:D011794,MESH:D012131,MESH:D012140,MESH:D014867,MESH:D015658,MESH:D018352,MESH:D064420
35169259	MESH:C000657245,MESH:D001102,MESH:D002908,MESH:D005221,MESH:D005597,MESH:D007153,MESH:D007239,MESH:D008569,MESH:D015673,MESH:D051271
35259642	MESH:C000657245,MESH:D000079225,MESH:D001007,MESH:D003141,MESH:D003643,MESH:D005221,MESH:D007239,MESH:D007247,MESH:D012640
34804509	MESH:C000657245,MESH:D000163,MESH:D003141,MESH:D003643,MESH:D005334,MESH:D007239,MESH:D010243,MESH:D015658,MESH:D018352,MESH:D019966,MESH:D045169
35392309	MESH:C000657245,MESH:D000544,MESH:D002303,MESH:D003643,MESH:D009127,MESH:D010300,MESH:D010302,MESH:D018476,MESH:D019636
32330531	MESH:C000657245,MESH:D003643,MESH:D005184,MESH:D006417,MESH:D007239,MESH:D010146,MESH:D011024,MESH:D018352
34966387	MESH:C000657245,MESH:C537017,MESH:D000409,MESH:D000588,MESH:D001102,MESH:D002244,MESH:D002245,MESH:D003643,MESH:D004487,MESH:D004492,MESH:D004801,MESH:D005557,MESH:D005840,MESH:D005998,MESH:D006416,MESH:D006531,MESH:D006639,MESH:D006851,MESH:D006859,MESH:D007153,MESH:D007239,MESH:D007249,MESH:D007674,MESH:D008171,MESH:D010232,MESH:D010406,MESH:D011014,MESH:D011136,MESH:D012965,MESH:D013307,MESH:D017830
34867130	MESH:C000657245,MESH:C032159,MESH:D000577,MESH:D001102,MESH:D001710,MESH:D006851,MESH:D012965,MESH:D014867
33073247	MESH:C000657245
32661235	MESH:C000657245,MESH:C536395,MESH:D000079225,MESH:D000163,MESH:D000230,MESH:D000255,MESH:D000544,MESH:D000783,MESH:D000860,MESH:D000998,MESH:D001102,MESH:D001120,MESH:D001205,MESH:D001327,MESH:D001424,MESH:D001749,MESH:D001943,MESH:D002118,MESH:D002294,MESH:D002318,MESH:D002493,MESH:D002784,MESH:D002908,MESH:D003141,MESH:D003324,MESH:D003545,MESH:D003643,MESH:D003681,MESH:D003704,MESH:D003907,MESH:D004660,MESH:D004958,MESH:D005076,MESH:D005334,MESH:D005355,MESH:D005419,MESH:D005759,MESH:D005947,MESH:D005978,MESH:D005998,MESH:D006258,MESH:D006323,MESH:D006333,MESH:D006480,MESH:D006493,MESH:D006509,MESH:D006525,MESH:D006526,MESH:D006528,MESH:D006816,MESH:D007153,MESH:D007239,MESH:D007249,MESH:D007501,MESH:D007930,MESH:D007938,MESH:D007951,MESH:D008055,MESH:D008070,MESH:D008103,MESH:D008107,MESH:D008175,MESH:D008206,MESH:D008223,MESH:D008545,MESH:D009059,MESH:D009101,MESH:D009103,MESH:D009336,MESH:D009369,MESH:D009447,MESH:D009584,MESH:D009894,MESH:D010100,MESH:D010190,MESH:D010300,MESH:D010455,MESH:D011024,MESH:D011051,MESH:D011392,MESH:D011471,MESH:D011794,MESH:D012128,MESH:D012140,MESH:D012141,MESH:D012400,MESH:D012694,MESH:D012818,MESH:D012878,MESH:D013256,MESH:D013274,MESH:D013739,MESH:D014456,MESH:D014867,MESH:D015658,MESH:D016638,MESH:D016751,MESH:D017093,MESH:D017382,MESH:D018177,MESH:D018352,MESH:D018805,MESH:D018980,MESH:D019636,MESH:D019698,MESH:D019965,MESH:D020031,MESH:D020258,MESH:D020271,MESH:D020521,MESH:D028361,MESH:D030342,MESH:D030361,MESH:D050197,MESH:D056486,MESH:D058186,MESH:D060085,MESH:D064420
35051664	MESH:C000657245,MESH:C023676,MESH:C536439,MESH:C558899,MESH:D000783,MESH:D000860,MESH:D001778,MESH:D002104,MESH:D002118,MESH:D002386,MESH:D002493,MESH:D002561,MESH:D003231,MESH:D003324,MESH:D003371,MESH:D003920,MESH:D003967,MESH:D004211,MESH:D004417,MESH:D004660,MESH:D005221,MESH:D005334,MESH:D005901,MESH:D006886,MESH:D007239,MESH:D007249,MESH:D007511,MESH:D008268,MESH:D008775,MESH:D009798,MESH:D010100,MESH:D010146,MESH:D012030,MESH:D012140,MESH:D012164,MESH:D012216,MESH:D012818,MESH:D013923,MESH:D013927,MESH:D014657,MESH:D014786,MESH:D014839,MESH:D014947,MESH:D018352,MESH:D018805,MESH:D057772,MESH:D063806
32494062	MESH:C000657245,MESH:D009369
34824253	MESH:C000657245,MESH:C024865,MESH:C034532,MESH:D001102,MESH:D002245,MESH:D003110,MESH:D003424,MESH:D005184,MESH:D005973,MESH:D007239,MESH:D007674,MESH:D008175,MESH:D010100,MESH:D010406,MESH:D011014,MESH:D012140,MESH:D012967,MESH:D013307,MESH:D015047,MESH:D015179
33400475	MESH:C000657245,MESH:C535882,MESH:C536920,MESH:D000860,MESH:D001249,MESH:D001778,MESH:D002637,MESH:D003072,MESH:D003128,MESH:D003141,MESH:D003404,MESH:D003643,MESH:D004417,MESH:D004837,MESH:D005221,MESH:D005355,MESH:D006886,MESH:D007022,MESH:D007239,MESH:D009102,MESH:D009638,MESH:D010100,MESH:D012128,MESH:D012131,MESH:D012140,MESH:D012678,MESH:D014947,MESH:D016638,MESH:D018805,MESH:D018980,MESH:D029424,MESH:D054990,MESH:D055370
35453906	MESH:C000657245,MESH:C502936,MESH:C563010,MESH:D000860,MESH:D001102,MESH:D001424,MESH:D002118,MESH:D002289,MESH:D002318,MESH:D002544,MESH:D002908,MESH:D003141,MESH:D003324,MESH:D003371,MESH:D003401,MESH:D003643,MESH:D003920,MESH:D003967,MESH:D004417,MESH:D004492,MESH:D005334,MESH:D006261,MESH:D006331,MESH:D006333,MESH:D006493,MESH:D006943,MESH:D006973,MESH:D007239,MESH:D007249,MESH:D008171,MESH:D008175,MESH:D008231,MESH:D009102,MESH:D009203,MESH:D009369,MESH:D009765,MESH:D010100,MESH:D012128,MESH:D012131,MESH:D012213,MESH:D013274,MESH:D014693,MESH:D014807,MESH:D015179,MESH:D016638,MESH:D018805,MESH:D018980,MESH:D019636,MESH:D020521,MESH:D029424,MESH:D051436,MESH:D054556,MESH:D060085,MESH:D063806
32502119	MESH:C000657245,MESH:D000431,MESH:D000438,MESH:D003141,MESH:D003643,MESH:D007239,MESH:D011014,MESH:D011024,MESH:D014867,MESH:D018352,MESH:D045169
32808505	MESH:C000657245,MESH:D010051
32613682	MESH:C000657245,MESH:D001927,MESH:D003128,MESH:D011024,MESH:D012128,MESH:D012769,MESH:D018352,MESH:D051437
34881206	MESH:C000657245,MESH:C537017,MESH:D000077731,MESH:D001102,MESH:D001241,MESH:D001778,MESH:D002311,MESH:D003231,MESH:D003371,MESH:D003404,MESH:D003907,MESH:D003967,MESH:D004417,MESH:D005076,MESH:D005334,MESH:D006258,MESH:D006261,MESH:D006331,MESH:D006349,MESH:D006976,MESH:D007022,MESH:D007239,MESH:D007511,MESH:D008206,MESH:D008231,MESH:D009080,MESH:D009102,MESH:D009325,MESH:D009638,MESH:D010100,MESH:D010490,MESH:D010608,MESH:D010996,MESH:D012769,MESH:D012772,MESH:D012817,MESH:D012818,MESH:D014508,MESH:D014640,MESH:D014839,MESH:D015746,MESH:D017984,MESH:D018352,MESH:D020031,MESH:D055501,MESH:D056587,MESH:D058186
33501506	MESH:C000657245,MESH:D000079225,MESH:D000275,MESH:D000370,MESH:D000544,MESH:D000857,MESH:D000860,MESH:D001007,MESH:D001523,MESH:D001927,MESH:D002544,MESH:D002561,MESH:D002637,MESH:D003072,MESH:D003371,MESH:D003920,MESH:D003967,MESH:D004408,MESH:D004417,MESH:D004421,MESH:D004660,MESH:D005221,MESH:D005334,MESH:D006261,MESH:D006886,MESH:D007029,MESH:D007239,MESH:D007249,MESH:D007319,MESH:D008659,MESH:D009422,MESH:D010100,MESH:D010146,MESH:D010608,MESH:D012220,MESH:D012893,MESH:D013313,MESH:D014947,MESH:D018352,MESH:D018771,MESH:D020271,MESH:D020521,MESH:D040921,MESH:D060085
35441801	MESH:C000657245,MESH:C502936,MESH:D000138,MESH:D000437,MESH:D000438,MESH:D002318,MESH:D002908,MESH:D003141,MESH:D003643,MESH:D003704,MESH:D003920,MESH:D003924,MESH:D005947,MESH:D006261,MESH:D006331,MESH:D006973,MESH:D007239,MESH:D007511,MESH:D008659,MESH:D008687,MESH:D009102,MESH:D009202,MESH:D009203,MESH:D009765,MESH:D011014,MESH:D012128,MESH:D012131,MESH:D012769,MESH:D016638,MESH:D018352,MESH:D045169,MESH:D051436,MESH:D058186
32688022	MESH:C000657245,MESH:D000067073,MESH:D000079225,MESH:D000275,MESH:D001007,MESH:D001523,MESH:D002303,MESH:D002908,MESH:D003141,MESH:D003371,MESH:D003643,MESH:D003967,MESH:D004244,MESH:D005334,MESH:D006261,MESH:D007239,MESH:D010608,MESH:D011014,MESH:D011024,MESH:D013313,MESH:D014947,MESH:D018352,MESH:D063806
34735268	MESH:C000657245,MESH:D001007,MESH:D003141
35128648	MESH:C000657245,MESH:C536439,MESH:D000079225,MESH:D000081029,MESH:D000588,MESH:D000783,MESH:D000860,MESH:D001145,MESH:D001778,MESH:D002493,MESH:D002544,MESH:D002561,MESH:D002908,MESH:D003324,MESH:D003404,MESH:D003643,MESH:D003920,MESH:D005334,MESH:D006333,MESH:D006935,MESH:D006973,MESH:D007010,MESH:D007029,MESH:D007249,MESH:D007674,MESH:D009102,MESH:D009203,MESH:D009369,MESH:D009765,MESH:D010100,MESH:D011014,MESH:D011655,MESH:D012128,MESH:D012141,MESH:D012772,MESH:D012964,MESH:D014508,MESH:D014842,MESH:D014947,MESH:D015415,MESH:D016638,MESH:D018805,MESH:D019337,MESH:D020246,MESH:D020521,MESH:D029424,MESH:D051436,MESH:D054556,MESH:D058186
32398902	MESH:C000657245,MESH:D000067390,MESH:D000079225,MESH:D000163,MESH:D000275,MESH:D001943,MESH:D003371,MESH:D004417,MESH:D005221,MESH:D006261,MESH:D007239,MESH:D008628,MESH:D009140,MESH:D009369,MESH:D009784,MESH:D010146,MESH:D011537,MESH:D012893,MESH:D014376,MESH:D014456,MESH:D015658,MESH:D034381,MESH:D045169,MESH:D060085
34491565	MESH:C000606551,MESH:C000657245,MESH:D000860,MESH:D001102,MESH:D003643,MESH:D003907,MESH:D004211,MESH:D006526,MESH:D006886,MESH:D007022,MESH:D007153,MESH:D007239,MESH:D008133,MESH:D011014,MESH:D011188,MESH:D011654,MESH:D012128,MESH:D014867,MESH:D014947,MESH:D015673,MESH:D018908,MESH:D055370
32596482	MESH:C000657245,MESH:D003643,MESH:D009538,MESH:D011014,MESH:D055370
32252855	MESH:C000657245,MESH:D000336,MESH:D003643,MESH:D005483,MESH:D007239,MESH:D011024,MESH:D014867,MESH:D018352
33880597	MESH:C000657245,MESH:D000013,MESH:D000079225,MESH:D001064,MESH:D003643,MESH:D005184,MESH:D005221,MESH:D006330,MESH:D006331,MESH:D007039,MESH:D007239,MESH:D007249,MESH:D008171,MESH:D009223,MESH:D009369,MESH:D012128,MESH:D014947,MESH:D018352,MESH:D019851
34008016	MESH:C000657245,MESH:D007239
32677385	MESH:C000657245,MESH:D002318,MESH:D002561,MESH:D003141,MESH:D003371,MESH:D003643,MESH:D003967,MESH:D005221,MESH:D005334,MESH:D006261,MESH:D007153,MESH:D007154,MESH:D007239,MESH:D007970,MESH:D008103,MESH:D008206,MESH:D008231,MESH:D008607,MESH:D009102,MESH:D010195,MESH:D010996,MESH:D011014,MESH:D011020,MESH:D011024,MESH:D012128,MESH:D012818,MESH:D016638,MESH:D017093,MESH:D018352,MESH:D018805,MESH:D045169
33336018	MESH:C000657245,MESH:C538614,MESH:D000230,MESH:D001102,MESH:D001943,MESH:D002318,MESH:D002561,MESH:D003110,MESH:D003371,MESH:D003643,MESH:D003920,MESH:D003967,MESH:D004067,MESH:D004417,MESH:D005334,MESH:D006331,MESH:D006973,MESH:D006976,MESH:D007239,MESH:D008175,MESH:D009325,MESH:D009336,MESH:D009369,MESH:D011014,MESH:D011654,MESH:D012128,MESH:D012131,MESH:D012509,MESH:D012769,MESH:D012818,MESH:D014839,MESH:D015179,MESH:D015746,MESH:D018352,MESH:D018908,MESH:D029424,MESH:D055370,MESH:D055371,MESH:D058186
32583347	MESH:C000657245,MESH:D007239,MESH:D009800,MESH:D011024,MESH:D018352
32386843	MESH:C000657245,MESH:D001102,MESH:D003643,MESH:D007239,MESH:D011024,MESH:D012640,MESH:D018352
32868442	MESH:C000657245,MESH:D002244,MESH:D003643,MESH:D007239,MESH:D011024,MESH:D011108,MESH:D012140,MESH:D014867,MESH:D016638,MESH:D018352
32730222	MESH:C000657245,MESH:D003428,MESH:D007239,MESH:D007674,MESH:D011024,MESH:D012141,MESH:D018352
33330343	MESH:C000657245,MESH:D000438,MESH:D000783,MESH:D002318,MESH:D002908,MESH:D003141,MESH:D003643,MESH:D003920,MESH:D006973,MESH:D007239,MESH:D008659,MESH:D009369,MESH:D009765,MESH:D011014,MESH:D012640,MESH:D019636
33623608	MESH:C000657245,MESH:D003141,MESH:D003371,MESH:D003404,MESH:D003643,MESH:D004417,MESH:D005334,MESH:D006261,MESH:D007239,MESH:D010100,MESH:D011014,MESH:D014376,MESH:D060085
35281394	MESH:C000657245,MESH:D000079225,MESH:D000275,MESH:D001007,MESH:D001523,MESH:D002908,MESH:D003643,MESH:D007239,MESH:D009422,MESH:D018352,MESH:D019052,MESH:D050497
34403943	MESH:C000657245,MESH:D000014,MESH:D004342,MESH:D005557,MESH:D006371,MESH:D007239,MESH:D008094,MESH:D008607,MESH:D009757,MESH:D011108,MESH:D011126,MESH:D013739,MESH:D018352,MESH:D064420
34622413	MESH:C000657245
35464749	MESH:C000596027,MESH:C000606551,MESH:C000657245,MESH:C502936,MESH:C538137,MESH:D000013,MESH:D000014,MESH:D000275,MESH:D000450,MESH:D000740,MESH:D000860,MESH:D001102,MESH:D001145,MESH:D001171,MESH:D001259,MESH:D001281,MESH:D001778,MESH:D001927,MESH:D002318,MESH:D002493,MESH:D002561,MESH:D003141,MESH:D003643,MESH:D003645,MESH:D003920,MESH:D004417,MESH:D005221,MESH:D005334,MESH:D006333,MESH:D006495,MESH:D006526,MESH:D007239,MESH:D007247,MESH:D007249,MESH:D007501,MESH:D007511,MESH:D008103,MESH:D008171,MESH:D008231,MESH:D009069,MESH:D009102,MESH:D009190,MESH:D009202,MESH:D009203,MESH:D009336,MESH:D009369,MESH:D009422,MESH:D009765,MESH:D010051,MESH:D010100,MESH:D010243,MESH:D011014,MESH:D011655,MESH:D012128,MESH:D012131,MESH:D012140,MESH:D012141,MESH:D012640,MESH:D012678,MESH:D012769,MESH:D012772,MESH:D013313,MESH:D013921,MESH:D013923,MESH:D013927,MESH:D015047,MESH:D016638,MESH:D016920,MESH:D018352,MESH:D018805,MESH:D018908,MESH:D019851,MESH:D020246,MESH:D020521,MESH:D021081,MESH:D029424,MESH:D051436,MESH:D055370,MESH:D055501,MESH:D056486,MESH:D056587,MESH:D058186,MESH:D061325,MESH:D064420
33785197	MESH:C000657245,MESH:D004827,MESH:D005947,MESH:D012640,MESH:D013226,MESH:D016638,MESH:D018352
34711266	MESH:C000657245,MESH:D000013,MESH:D000014,MESH:D000438,MESH:D000544,MESH:D000787,MESH:D001145,MESH:D001281,MESH:D002318,MESH:D002784,MESH:D003324,MESH:D003404,MESH:D003643,MESH:D003704,MESH:D003920,MESH:D005221,MESH:D006331,MESH:D006349,MESH:D006527,MESH:D006973,MESH:D007511,MESH:D007674,MESH:D009203,MESH:D009223,MESH:D010100,MESH:D012492,MESH:D012640,MESH:D014947,MESH:D015431,MESH:D018980,MESH:D020521,MESH:D051436,MESH:D058729
35126138	MESH:C000592401,MESH:C000606551,MESH:C000657245,MESH:C462182,MESH:C502936,MESH:C537017,MESH:C558899,MESH:D000275,MESH:D000309,MESH:D000740,MESH:D001145,MESH:D001171,MESH:D001172,MESH:D001249,MESH:D001281,MESH:D001327,MESH:D001424,MESH:D001749,MESH:D002318,MESH:D002908,MESH:D003324,MESH:D003428,MESH:D003643,MESH:D003920,MESH:D004067,MESH:D004417,MESH:D005334,MESH:D005767,MESH:D006331,MESH:D006333,MESH:D006470,MESH:D006509,MESH:D006528,MESH:D006623,MESH:D006886,MESH:D006943,MESH:D006948,MESH:D006949,MESH:D006973,MESH:D007010,MESH:D007037,MESH:D007239,MESH:D007249,MESH:D007674,MESH:D007676,MESH:D008171,MESH:D008775,MESH:D009101,MESH:D009102,MESH:D009181,MESH:D009369,MESH:D009503,MESH:D009765,MESH:D010100,MESH:D011014,MESH:D011655,MESH:D012080,MESH:D012128,MESH:D012131,MESH:D012140,MESH:D012141,MESH:D012772,MESH:D013256,MESH:D013921,MESH:D013923,MESH:D013927,MESH:D014376,MESH:D014552,MESH:D014766,MESH:D015658,MESH:D016559,MESH:D016638,MESH:D016920,MESH:D018805,MESH:D020521,MESH:D029424,MESH:D045169,MESH:D050171,MESH:D051359,MESH:D051436,MESH:D055370,MESH:D055371,MESH:D055501,MESH:D058186,MESH:D060085,MESH:D064420
35287838	MESH:C000657245,MESH:D000275,MESH:D000783,MESH:D001778,MESH:D002544,MESH:D003643,MESH:D003920,MESH:D006470,MESH:D006493,MESH:D006987,MESH:D007239,MESH:D007249,MESH:D007319,MESH:D008171,MESH:D009069,MESH:D009203,MESH:D009765,MESH:D010100,MESH:D010146,MESH:D012131,MESH:D012818,MESH:D013610,MESH:D013921,MESH:D013927,MESH:D014693,MESH:D016638,MESH:D019851,MESH:D020246,MESH:D020521,MESH:D054556,MESH:D058729
32259124	MESH:C000657245,MESH:D003643,MESH:D007239,MESH:D018352
33082265	MESH:C000657245,MESH:D001379,MESH:D003643,MESH:D015212
33141912	MESH:C000657245
33779211	MESH:C000657245,MESH:D000163,MESH:D001778,MESH:D003141,MESH:D003643,MESH:D003920,MESH:D007239,MESH:D009765,MESH:D011014,MESH:D012128,MESH:D014947,MESH:D015658,MESH:D029424,MESH:D051436
34541765	MESH:C000657245
32665985	MESH:C000657245,MESH:D002294,MESH:D003141,MESH:D003371,MESH:D003643,MESH:D004417,MESH:D005221,MESH:D005334,MESH:D007239,MESH:D009841,MESH:D011014,MESH:D012685,MESH:D014867,MESH:D018352
33532356	MESH:C000606551,MESH:C000657245,MESH:C023676,MESH:C535882,MESH:D000432,MESH:D001241,MESH:D002738,MESH:D003404,MESH:D003643,MESH:D006261,MESH:D006851,MESH:D006886,MESH:D007239,MESH:D007649,MESH:D008288,MESH:D012140,MESH:D014508,MESH:D014527,MESH:D014867,MESH:D017093,MESH:D018352,MESH:D045169,MESH:D051437,MESH:D064420
33644484	MESH:C000657245,MESH:C502936,MESH:C536439,MESH:D000370,MESH:D000857,MESH:D001102,MESH:D001241,MESH:D001281,MESH:D001778,MESH:D001927,MESH:D001929,MESH:D002543,MESH:D002544,MESH:D002545,MESH:D003324,MESH:D003371,MESH:D003643,MESH:D003693,MESH:D003920,MESH:D004211,MESH:D004417,MESH:D005334,MESH:D006261,MESH:D006331,MESH:D006335,MESH:D006470,MESH:D006493,MESH:D006526,MESH:D006886,MESH:D006973,MESH:D007153,MESH:D007238,MESH:D007239,MESH:D007249,MESH:D008775,MESH:D009102,MESH:D009203,MESH:D009336,MESH:D009410,MESH:D009422,MESH:D009461,MESH:D009765,MESH:D010100,MESH:D011595,MESH:D011655,MESH:D012128,MESH:D012131,MESH:D012140,MESH:D012772,MESH:D013203,MESH:D013927,MESH:D014657,MESH:D015658,MESH:D016638,MESH:D017093,MESH:D017566,MESH:D017963,MESH:D017984,MESH:D018352,MESH:D019851,MESH:D020246,MESH:D020521,MESH:D029424,MESH:D045169,MESH:D050197,MESH:D051437,MESH:D057049,MESH:D058186,MESH:D063806
34207721	MESH:C000657245,MESH:D000275,MESH:D001007,MESH:D001943,MESH:D005221,MESH:D007239
32639559	MESH:C000657245,MESH:D005334,MESH:D011024,MESH:D018352
35255100	MESH:C000657245,MESH:C569686,MESH:D000432,MESH:D000438,MESH:D001102,MESH:D003681,MESH:D005557,MESH:D006497,MESH:D006861,MESH:D007239,MESH:D007854,MESH:D008055,MESH:D008171,MESH:D008175,MESH:D010100,MESH:D010232,MESH:D012140,MESH:D012141,MESH:D012640,MESH:D012694,MESH:D014867,MESH:D015047,MESH:D017830,MESH:D019810
34061905	MESH:C000657245,MESH:D000225,MESH:D000241,MESH:D001102,MESH:D003596,MESH:D003967,MESH:D005355,MESH:D006147,MESH:D006509,MESH:D006526,MESH:D007153,MESH:D007239,MESH:D008569,MESH:D009584,MESH:D012409
33749986	MESH:C000657245,MESH:D000998,MESH:D006859,MESH:D007239,MESH:D012694,MESH:D018352
35087975	MESH:C000657245,MESH:C536439,MESH:D000069285,MESH:D000073893,MESH:D000077731,MESH:D000163,MESH:D001766,MESH:D002544,MESH:D002784,MESH:D003141,MESH:D003404,MESH:D003643,MESH:D003907,MESH:D003920,MESH:D004487,MESH:D004801,MESH:D005334,MESH:D005947,MESH:D006261,MESH:D006323,MESH:D006371,MESH:D006402,MESH:D006416,MESH:D006470,MESH:D006943,MESH:D006987,MESH:D007008,MESH:D007010,MESH:D007239,MESH:D007501,MESH:D007674,MESH:D007676,MESH:D007938,MESH:D008055,MESH:D008223,MESH:D008231,MESH:D008775,MESH:D009223,MESH:D009336,MESH:D009369,MESH:D009503,MESH:D009584,MESH:D009798,MESH:D009894,MESH:D010100,MESH:D010146,MESH:D011188,MESH:D012131,MESH:D012163,MESH:D012851,MESH:D013256,MESH:D013923,MESH:D014456,MESH:D014508,MESH:D014786,MESH:D020521
32619319	MESH:C000657245
35564648	MESH:C000606551,MESH:C000657245,MESH:D001102,MESH:D001249,MESH:D001464,MESH:D001943,MESH:D001991,MESH:D002784,MESH:D002945,MESH:D003141,MESH:D003371,MESH:D003550,MESH:D003643,MESH:D003967,MESH:D005334,MESH:D005419,MESH:D005947,MESH:D006025,MESH:D006859,MESH:D007239,MESH:D007249,MESH:D007501,MESH:D008055,MESH:D008670,MESH:D009325,MESH:D009369,MESH:D010146,MESH:D011794,MESH:D012140,MESH:D012141,MESH:D012400,MESH:D012965,MESH:D014376,MESH:D014867,MESH:D015658,MESH:D017093,MESH:D018352,MESH:D019698,MESH:D056486,MESH:D059808,MESH:D064420
32624433	MESH:C000657245,MESH:D002318,MESH:D003643,MESH:D006886,MESH:D007239,MESH:D009203,MESH:D010146,MESH:D011024,MESH:D016638,MESH:D018352
34782790	MESH:C000606551,MESH:C000657245,MESH:C032159,MESH:C502936,MESH:C536227,MESH:C563010,MESH:C569686,MESH:D000067390,MESH:D000096,MESH:D000432,MESH:D000860,MESH:D001102,MESH:D001327,MESH:D001424,MESH:D002241,MESH:D003404,MESH:D003428,MESH:D003545,MESH:D003643,MESH:D003907,MESH:D004492,MESH:D006323,MESH:D006333,MESH:D006493,MESH:D007239,MESH:D007249,MESH:D007854,MESH:D008171,MESH:D008175,MESH:D008231,MESH:D008569,MESH:D008661,MESH:D009369,MESH:D010455,MESH:D011014,MESH:D011126,MESH:D011137,MESH:D012128,MESH:D012131,MESH:D012141,MESH:D012694,MESH:D013256,MESH:D013921,MESH:D014508,MESH:D014867,MESH:D016207,MESH:D016638,MESH:D016920,MESH:D017830,MESH:D018805,MESH:D055370,MESH:D058186
35236317	MESH:C000657245,MESH:D002494,MESH:D003141,MESH:D003643,MESH:D007239,MESH:D011014,MESH:D012128,MESH:D012141,MESH:D012818,MESH:D013274,MESH:D014552,MESH:D018805
32234343	MESH:C000657245,MESH:D001102,MESH:D003141,MESH:D003643,MESH:D007239,MESH:D011024,MESH:D012640,MESH:D018352,MESH:D045169
33392422	MESH:C000657245,MESH:D001007,MESH:D003643,MESH:D005334,MESH:D007239,MESH:D011014,MESH:D012141,MESH:D015835,MESH:D018352,MESH:D058540
34405427	MESH:C000657245,MESH:D000900,MESH:D001102,MESH:D001249,MESH:D003141,MESH:D004318,MESH:D005759,MESH:D005767,MESH:D007239,MESH:D012141,MESH:D014552,MESH:D029424
34424156	MESH:C000657245,MESH:D000013,MESH:D000163,MESH:D000783,MESH:D000857,MESH:D000860,MESH:D001102,MESH:D001766,MESH:D002318,MESH:D002561,MESH:D003072,MESH:D003141,MESH:D003643,MESH:D003920,MESH:D003922,MESH:D004660,MESH:D005355,MESH:D005947,MESH:D006025,MESH:D006335,MESH:D006470,MESH:D006480,MESH:D006526,MESH:D007153,MESH:D007154,MESH:D007239,MESH:D007249,MESH:D007511,MESH:D007674,MESH:D008070,MESH:D008171,MESH:D009102,MESH:D009103,MESH:D009205,MESH:D009336,MESH:D009369,MESH:D009765,MESH:D011014,MESH:D012140,MESH:D012164,MESH:D012769,MESH:D012818,MESH:D013921,MESH:D014777,MESH:D014786,MESH:D014801,MESH:D015658,MESH:D017566,MESH:D018805,MESH:D018908,MESH:D019965,MESH:D019966,MESH:D020144,MESH:D020257,MESH:D020521,MESH:D030342,MESH:D057772,MESH:D058625,MESH:D064420
32360210	MESH:C000657245,MESH:D001663,MESH:D003404,MESH:D003643,MESH:D003920,MESH:D003924,MESH:D005947,MESH:D007239,MESH:D008055,MESH:D008231,MESH:D009102,MESH:D009369,MESH:D009584,MESH:D011024,MESH:D011188,MESH:D012140,MESH:D014508,MESH:D016638,MESH:D018352
32301765	MESH:C000657245,MESH:D005901
35328249	MESH:C000657245,MESH:D000860,MESH:D003141,MESH:D003643,MESH:D003920,MESH:D006333,MESH:D007239,MESH:D007249,MESH:D008171,MESH:D009102,MESH:D009369,MESH:D010100,MESH:D011014,MESH:D011658,MESH:D012128,MESH:D012131,MESH:D012141,MESH:D012769,MESH:D016638,MESH:D018352,MESH:D058186
34178300	MESH:C000657245,MESH:C535742,MESH:D000857,MESH:D001289,MESH:D001523,MESH:D003072,MESH:D003643,MESH:D003704,MESH:D007859,MESH:D009422,MESH:D018352
34493506	MESH:C000657245,MESH:D000275,MESH:D000438,MESH:D001523,MESH:D002908,MESH:D002945,MESH:D003643,MESH:D006526,MESH:D008691,MESH:D012131,MESH:D012140,MESH:D012559,MESH:D013739,MESH:D018352,MESH:D019966,MESH:D062787
33251983	MESH:C000657245,MESH:D000998,MESH:D005419,MESH:D007239
34736445	MESH:C000657245,MESH:D001464,MESH:D003141,MESH:D003643,MESH:D005334,MESH:D007239,MESH:D011014,MESH:D014867,MESH:D018352,MESH:D045169
32458459	MESH:C000657245,MESH:D003643,MESH:D015415,MESH:D016638,MESH:D019337
35421155	MESH:C000657245,MESH:D003141,MESH:D006333,MESH:D007239,MESH:D011051,MESH:D014376,MESH:D018352,MESH:D045169
34817214	MESH:C000657245,MESH:D015047
32500431	MESH:C000657245,MESH:C538614,MESH:D000230,MESH:D001102,MESH:D002318,MESH:D003141,MESH:D003643,MESH:D005234,MESH:D005334,MESH:D005355,MESH:D006526,MESH:D006528,MESH:D007239,MESH:D007676,MESH:D008103,MESH:D008107,MESH:D009362,MESH:D009369,MESH:D009461,MESH:D011014,MESH:D011024,MESH:D012509,MESH:D012817,MESH:D013274,MESH:D013927,MESH:D015179,MESH:D015212,MESH:D015658,MESH:D017093,MESH:D018352,MESH:D045169,MESH:D056486
33036293	MESH:C000606551,MESH:C000657245,MESH:D000431,MESH:D000577,MESH:D000998,MESH:D001102,MESH:D002244,MESH:D003903,MESH:D003920,MESH:D006526,MESH:D006851,MESH:D006859,MESH:D007455,MESH:D008175,MESH:D008628,MESH:D009369,MESH:D009584,MESH:D011024,MESH:D012254,MESH:D012965,MESH:D013455,MESH:D014867,MESH:D018352,MESH:D056486
32652368	MESH:C000657245,MESH:D000081029,MESH:D000783,MESH:D001172,MESH:D002318,MESH:D002637,MESH:D003643,MESH:D003920,MESH:D004417,MESH:D005221,MESH:D006333,MESH:D007239,MESH:D010272,MESH:D010302,MESH:D010996,MESH:D018352
34096576	MESH:C000657245,MESH:D013927
32533432	MESH:C000657245,MESH:D001523,MESH:D011024,MESH:D018352
32717208	MESH:C000657245,MESH:D001102,MESH:D003141,MESH:D003645,MESH:D005597,MESH:D007239,MESH:D008288,MESH:D011024,MESH:D012141,MESH:D014376,MESH:D015658,MESH:D018352
32539647	MESH:C000657245,MESH:C535742,MESH:D000860,MESH:D001049,MESH:D003324,MESH:D003643,MESH:D003920,MESH:D006333,MESH:D006527,MESH:D006886,MESH:D006973,MESH:D006976,MESH:D007239,MESH:D009569,MESH:D011024,MESH:D012120,MESH:D012128,MESH:D012131,MESH:D017963,MESH:D018352,MESH:D045169,MESH:D051436,MESH:D055371
35124470	MESH:C000657245,MESH:D007410,MESH:D058625
33988145	MESH:C000657245,MESH:D000071079,MESH:D001102,MESH:D002244,MESH:D003428,MESH:D003643,MESH:D006480,MESH:D007239,MESH:D007249,MESH:D007674,MESH:D012141,MESH:D012409,MESH:D014867,MESH:D045169
35030101	MESH:C000657245,MESH:C003043,MESH:C535882,MESH:D000069283,MESH:D000588,MESH:D001327,MESH:D001710,MESH:D002118,MESH:D002245,MESH:D003141,MESH:D004121,MESH:D004492,MESH:D005973,MESH:D006531,MESH:D007239,MESH:D007854,MESH:D008231,MESH:D008274,MESH:D008569,MESH:D009103,MESH:D009584,MESH:D011125,MESH:D011136,MESH:D013256,MESH:D019810
35433558	MESH:C000657245,MESH:D001247,MESH:D003643,MESH:D003967,MESH:D005334,MESH:D007239,MESH:D014867,MESH:D016638,MESH:D018352,MESH:D045169
33670316	MESH:C000657245,MESH:D000362,MESH:D001102,MESH:D001424,MESH:D002443,MESH:D003324,MESH:D003643,MESH:D003907,MESH:D003920,MESH:D003924,MESH:D006886,MESH:D006973,MESH:D007239,MESH:D009181,MESH:D009765,MESH:D010100,MESH:D011014,MESH:D012120,MESH:D012128,MESH:D012141,MESH:D012965,MESH:D013256,MESH:D015658,MESH:D016638,MESH:D017093,MESH:D017963,MESH:D051436,MESH:D060085
34747190	MESH:C000657245,MESH:C540383,MESH:D000069283,MESH:D003643,MESH:D007239,MESH:D007249,MESH:D008223,MESH:D008545,MESH:D009173,MESH:D009369,MESH:D019337,MESH:D019965,MESH:D064420
33883315	MESH:C000657245,MESH:D005776,MESH:D007239,MESH:D008661,MESH:D030342
32500589	MESH:C000657245,MESH:D006493,MESH:D011024,MESH:D015415,MESH:D018352
34958284	MESH:C000657245,MESH:C558899,MESH:D000163,MESH:D001145,MESH:D001281,MESH:D002318,MESH:D002738,MESH:D002784,MESH:D003141,MESH:D003371,MESH:D003920,MESH:D004244,MESH:D004298,MESH:D004958,MESH:D005978,MESH:D006331,MESH:D006333,MESH:D006349,MESH:D006470,MESH:D006886,MESH:D006973,MESH:D007052,MESH:D007239,MESH:D008288,MESH:D009135,MESH:D009202,MESH:D010146,MESH:D011655,MESH:D012254,MESH:D013923,MESH:D013927,MESH:D015430,MESH:D015658,MESH:D016559,MESH:D016638,MESH:D017963,MESH:D018942,MESH:D019808,MESH:D020246,MESH:D020258,MESH:D020521,MESH:D030342,MESH:D050171,MESH:D054556,MESH:D061466,MESH:D064420
33902480	MESH:C000606551,MESH:C000657245,MESH:C462182,MESH:C502936,MESH:C558899,MESH:D000077731,MESH:D000577,MESH:D000998,MESH:D002318,MESH:D002443,MESH:D002561,MESH:D002738,MESH:D003141,MESH:D003371,MESH:D003404,MESH:D003428,MESH:D003643,MESH:D003920,MESH:D003967,MESH:D004417,MESH:D005334,MESH:D005355,MESH:D006261,MESH:D006886,MESH:D006973,MESH:D007039,MESH:D007239,MESH:D007674,MESH:D007970,MESH:D008107,MESH:D008133,MESH:D008171,MESH:D008231,MESH:D009102,MESH:D009325,MESH:D009584,MESH:D009765,MESH:D010100,MESH:D010608,MESH:D011014,MESH:D012128,MESH:D012131,MESH:D012141,MESH:D012772,MESH:D012818,MESH:D014508,MESH:D014640,MESH:D014867,MESH:D017963,MESH:D018352,MESH:D018450,MESH:D018805,MESH:D019438,MESH:D020271,MESH:D045169,MESH:D050171,MESH:D051436,MESH:D053139,MESH:D060085,MESH:D061466,MESH:D063806
34975646	MESH:C000657245,MESH:D000067073,MESH:D000275,MESH:D001007,MESH:D001068,MESH:D003903,MESH:D009771,MESH:D016584,MESH:D030342
34178332	MESH:C000657245,MESH:D000082,MESH:D000309,MESH:D000438,MESH:D001102,MESH:D001327,MESH:D002118,MESH:D003404,MESH:D003681,MESH:D003920,MESH:D003922,MESH:D004244,MESH:D004342,MESH:D005076,MESH:D005221,MESH:D005334,MESH:D005947,MESH:D006327,MESH:D006402,MESH:D006886,MESH:D006943,MESH:D007037,MESH:D007239,MESH:D008274,MESH:D010100,MESH:D010195,MESH:D011507,MESH:D012128,MESH:D013610,MESH:D014508,MESH:D014987,MESH:D015431,MESH:D018908,MESH:D053139
34610907	MESH:C000657245,MESH:D003643,MESH:D005334,MESH:D007239,MESH:D008589
32653855	MESH:C000657245,MESH:D000079225,MESH:D000275,MESH:D001007,MESH:D001523,MESH:D002908,MESH:D003643,MESH:D007239,MESH:D011605,MESH:D018352,MESH:D019052,MESH:D045169
32558002	MESH:C000657245,MESH:D000370,MESH:D000857,MESH:D001927,MESH:D002561,MESH:D003244,MESH:D006261,MESH:D007239,MESH:D011595,MESH:D020271,MESH:D063806
34986676	MESH:C000657245,MESH:C535742,MESH:D001249,MESH:D003324,MESH:D003643,MESH:D003920,MESH:D006949,MESH:D006973,MESH:D007239,MESH:D007249,MESH:D010100,MESH:D011014,MESH:D012131,MESH:D012141,MESH:D018352,MESH:D029424
32592835	MESH:C000657245,MESH:D003920,MESH:D003924,MESH:D005947,MESH:D007022,MESH:D007674,MESH:D018352
33862667	MESH:C000657245,MESH:D000275,MESH:D001007
34268819	MESH:C000657245,MESH:D000336,MESH:D007239
35263375	MESH:C000657245,MESH:D002908,MESH:D003424,MESH:D003643,MESH:D004342,MESH:D006973,MESH:D007239,MESH:D015658,MESH:D020018
32502597	MESH:C000657245,MESH:D000138,MESH:D006973,MESH:D007010,MESH:D007239,MESH:D007674,MESH:D011024,MESH:D011188,MESH:D012131,MESH:D018352,MESH:D058186
34075622	MESH:C000657245,MESH:D002908,MESH:D003072,MESH:D003141,MESH:D003704,MESH:D003920,MESH:D007239,MESH:D008171,MESH:D015658
32508391	MESH:C000657245
33461626	MESH:C000657245,MESH:D000336,MESH:D002543,MESH:D002544,MESH:D003371,MESH:D003428,MESH:D003643,MESH:D003920,MESH:D005221,MESH:D005334,MESH:D006331,MESH:D006973,MESH:D007239,MESH:D011014,MESH:D012128,MESH:D014867,MESH:D014947,MESH:D016638,MESH:D018352
32609380	MESH:C000657245,MESH:D011024,MESH:D018352
33444411	MESH:C000592401,MESH:C000657245,MESH:C502936,MESH:C558899,MESH:D000860,MESH:D001919,MESH:D003324,MESH:D003371,MESH:D003643,MESH:D003907,MESH:D003920,MESH:D003967,MESH:D004417,MESH:D005334,MESH:D005355,MESH:D006886,MESH:D006948,MESH:D006973,MESH:D007239,MESH:D008107,MESH:D008545,MESH:D008775,MESH:D009336,MESH:D009369,MESH:D009765,MESH:D010100,MESH:D012818,MESH:D013256,MESH:D014508,MESH:D016638,MESH:D017984,MESH:D018352,MESH:D029424,MESH:D045169,MESH:D051436,MESH:D058625
33458805	MESH:C000657245,MESH:D001249,MESH:D001991,MESH:D002294,MESH:D003643,MESH:D003920,MESH:D004801,MESH:D004890,MESH:D005334,MESH:D006331,MESH:D006416,MESH:D007022,MESH:D007249,MESH:D008545,MESH:D009362,MESH:D009369,MESH:D009765,MESH:D012878,MESH:D013256,MESH:D014456,MESH:D018352,MESH:D051436
33742196	MESH:C000657245,MESH:D014807
32387409	MESH:C000657245,MESH:C086979,MESH:C558899,MESH:D000998,MESH:D001145,MESH:D001424,MESH:D002443,MESH:D002738,MESH:D003141,MESH:D003324,MESH:D003371,MESH:D003643,MESH:D003645,MESH:D003920,MESH:D003967,MESH:D004318,MESH:D004342,MESH:D005076,MESH:D005334,MESH:D006261,MESH:D006331,MESH:D006886,MESH:D006973,MESH:D007008,MESH:D007239,MESH:D007319,MESH:D008133,MESH:D008687,MESH:D009205,MESH:D009369,MESH:D010100,MESH:D011014,MESH:D011024,MESH:D011188,MESH:D012128,MESH:D012131,MESH:D012140,MESH:D012141,MESH:D012817,MESH:D013256,MESH:D014581,MESH:D014786,MESH:D015746,MESH:D017963,MESH:D018352,MESH:D019438,MESH:D030342,MESH:D045169,MESH:D061466,MESH:D066126
34193982	MESH:C000657245,MESH:D004298,MESH:D005901,MESH:D007239,MESH:D008268,MESH:D012030,MESH:D012163,MESH:D012164,MESH:D012892,MESH:D014786
34588946	MESH:C000606551,MESH:C000657245,MESH:C023676,MESH:C502936,MESH:C558899,MESH:D000014,MESH:D000450,MESH:D000857,MESH:D000860,MESH:D001102,MESH:D001424,MESH:D001778,MESH:D002318,MESH:D002494,MESH:D002738,MESH:D003371,MESH:D003404,MESH:D003643,MESH:D003920,MESH:D004417,MESH:D004660,MESH:D005221,MESH:D005334,MESH:D005355,MESH:D005947,MESH:D006493,MESH:D006495,MESH:D006509,MESH:D006886,MESH:D006948,MESH:D006973,MESH:D007022,MESH:D007239,MESH:D007249,MESH:D007674,MESH:D008055,MESH:D008231,MESH:D010100,MESH:D011655,MESH:D012128,MESH:D012131,MESH:D012140,MESH:D012769,MESH:D012817,MESH:D013746,MESH:D013927,MESH:D014842,MESH:D016638,MESH:D017566,MESH:D017963,MESH:D018352,MESH:D018805,MESH:D018942,MESH:D019851,MESH:D020246,MESH:D045169,MESH:D058186
35018049	MESH:C000657245,MESH:D002244,MESH:D002710,MESH:D003141,MESH:D003371,MESH:D003643,MESH:D007239,MESH:D014867
35503234	MESH:C000657245,MESH:C535742,MESH:D001102,MESH:D001205,MESH:D002908,MESH:D003141,MESH:D003643,MESH:D004417,MESH:D005767,MESH:D007239,MESH:D012131,MESH:D012141,MESH:D014807,MESH:D020521,MESH:D051437,MESH:D063806
34834586	MESH:C000657245,MESH:C502936,MESH:D000450,MESH:D001172,MESH:D001205,MESH:D001778,MESH:D002738,MESH:D003643,MESH:D004342,MESH:D004417,MESH:D005221,MESH:D006493,MESH:D007239,MESH:D009102,MESH:D009422,MESH:D009461,MESH:D010146,MESH:D011658,MESH:D012120,MESH:D012128,MESH:D012131,MESH:D014640,MESH:D016638,MESH:D061325
34177254	MESH:C000657245
34713472	MESH:C000657245
34897635	MESH:C000657245,MESH:D003643,MESH:D004421,MESH:D006331,MESH:D007239,MESH:D007674,MESH:D012080,MESH:D014552,MESH:D051436,MESH:D058186
34179404	MESH:C000657245,MESH:C535742,MESH:D000079225,MESH:D000740,MESH:D001007,MESH:D005221,MESH:D009422,MESH:D014202,MESH:D014805
34683149	MESH:C000657245,MESH:C537866,MESH:D001424,MESH:D001943,MESH:D003643,MESH:D007239,MESH:D007859,MESH:D009369,MESH:D012141,MESH:D012164,MESH:D018352
34594139	MESH:C000657245,MESH:D001007,MESH:D003141,MESH:D003643,MESH:D007239,MESH:D012141,MESH:D012640,MESH:D045169
34623194	MESH:C000657245,MESH:C535742,MESH:D001102,MESH:D001249,MESH:D002318,MESH:D003643,MESH:D003920,MESH:D006973,MESH:D007239,MESH:D008171,MESH:D008310,MESH:D009102,MESH:D009765,MESH:D011014,MESH:D012131,MESH:D012140,MESH:D029424,MESH:D055370
35320487	MESH:C000657245,MESH:D000073893,MESH:D002318,MESH:D002908,MESH:D003643,MESH:D003920,MESH:D006949,MESH:D006973,MESH:D007239,MESH:D007249,MESH:D008171,MESH:D009223,MESH:D009369,MESH:D009765,MESH:D010100,MESH:D010300,MESH:D011471,MESH:D011655,MESH:D012128,MESH:D012131,MESH:D012694,MESH:D013739,MESH:D014766,MESH:D024821,MESH:D051436,MESH:D055370
34706272	MESH:C000657245,MESH:C007293,MESH:C569686,MESH:D000230,MESH:D001102,MESH:D001480,MESH:D002118,MESH:D002318,MESH:D003404,MESH:D003643,MESH:D003920,MESH:D004121,MESH:D004492,MESH:D005767,MESH:D005947,MESH:D006973,MESH:D007022,MESH:D007239,MESH:D007249,MESH:D007649,MESH:D007859,MESH:D007970,MESH:D008171,MESH:D008569,MESH:D009369,MESH:D009404,MESH:D009410,MESH:D009584,MESH:D010743,MESH:D011014,MESH:D012818,MESH:D013927,MESH:D014508,MESH:D014527,MESH:D014867,MESH:D015658,MESH:D018352,MESH:D020271,MESH:D048909,MESH:D059390,MESH:D060825
32220243	MESH:C000657245,MESH:D000079225,MESH:D000275,MESH:D001007,MESH:D003428,MESH:D003643,MESH:D007239,MESH:D007319,MESH:D045169
32363809	MESH:C000657245,MESH:D004417,MESH:D005334,MESH:D010608,MESH:D011024,MESH:D018352,MESH:D063806
34142877	MESH:C000657245,MESH:D001007
34193877	MESH:C000606551,MESH:C000657245,MESH:C536439,MESH:D000450,MESH:D000806,MESH:D001778,MESH:D002318,MESH:D003643,MESH:D003681,MESH:D003907,MESH:D003920,MESH:D006886,MESH:D006973,MESH:D007239,MESH:D007674,MESH:D012128,MESH:D014947,MESH:D016638,MESH:D018352,MESH:D051436,MESH:D058186
32610808	MESH:C000657245,MESH:D003643,MESH:D007239,MESH:D009369,MESH:D010100,MESH:D010146
32589348	MESH:C000657245,MESH:D007239,MESH:D011024,MESH:D018352,MESH:D020521
33351828	MESH:C000657245,MESH:D003643,MESH:D006509,MESH:D007239,MESH:D007249,MESH:D008175,MESH:D008545,MESH:D009369,MESH:D012694,MESH:D045169
33541486	MESH:C000657245,MESH:D001068,MESH:D003643,MESH:D003704,MESH:D007239,MESH:D018352,MESH:D018908,MESH:D053609
34281994	MESH:C000657245,MESH:D001523
34535859	MESH:C000657245,MESH:D002245,MESH:D003643,MESH:D007239,MESH:D008288,MESH:D009181,MESH:D009203,MESH:D009569,MESH:D010100,MESH:D010243,MESH:D011014,MESH:D013256,MESH:D013455,MESH:D014867,MESH:D018805
32357378	MESH:C000657245,MESH:D006258,MESH:D009369,MESH:D011024,MESH:D012128,MESH:D018352
34728719	MESH:C000657245,MESH:C563010,MESH:D001102,MESH:D001424,MESH:D001943,MESH:D002318,MESH:D003643,MESH:D005334,MESH:D007022,MESH:D007239,MESH:D007249,MESH:D007251,MESH:D008231,MESH:D009369,MESH:D010100,MESH:D010243,MESH:D011014,MESH:D012128,MESH:D012131,MESH:D012141,MESH:D012216,MESH:D012509,MESH:D012818,MESH:D014280,MESH:D016638,MESH:D018352,MESH:D018357,MESH:D055501,MESH:D060085
34780978	MESH:C000657245,MESH:C558899,MESH:D000998,MESH:D002738,MESH:D003643,MESH:D004417,MESH:D006886,MESH:D006973,MESH:D007239,MESH:D014947,MESH:D017963
35081177	MESH:C000657245,MESH:D018352
32527570	MESH:C000657245,MESH:C558899,MESH:D000138,MESH:D000998,MESH:D001102,MESH:D002294,MESH:D003141,MESH:D003643,MESH:D004417,MESH:D006886,MESH:D006973,MESH:D007239,MESH:D007249,MESH:D007676,MESH:D009369,MESH:D010100,MESH:D011014,MESH:D011024,MESH:D012131,MESH:D012141,MESH:D017984,MESH:D018352,MESH:D029424,MESH:D058186
32701938	MESH:C000657245,MESH:D002637,MESH:D003371,MESH:D003643,MESH:D003967,MESH:D004417,MESH:D005221,MESH:D005334,MESH:D006261,MESH:D007239,MESH:D010608,MESH:D011024,MESH:D014839,MESH:D018352,MESH:D063806
34877562	MESH:C000657245,MESH:D000535,MESH:D001249,MESH:D002244,MESH:D002248,MESH:D003643,MESH:D007501,MESH:D008175,MESH:D009584,MESH:D010126,MESH:D011014,MESH:D012141
34591874	MESH:C000657245,MESH:D002908,MESH:D003141,MESH:D003643,MESH:D005334,MESH:D007239,MESH:D007674,MESH:D014376,MESH:D018352
35126030	MESH:C000657245,MESH:D000079225,MESH:D000275,MESH:D001007,MESH:D001523,MESH:D003643,MESH:D007239,MESH:D007859,MESH:D013313,MESH:D014947,MESH:D040921
34273304	MESH:C000657245,MESH:C502936,MESH:D000069285,MESH:D000275,MESH:D001007,MESH:D001102,MESH:D001259,MESH:D001523,MESH:D001714,MESH:D001927,MESH:D002318,MESH:D002543,MESH:D002544,MESH:D002545,MESH:D002561,MESH:D003141,MESH:D003643,MESH:D003711,MESH:D004421,MESH:D004487,MESH:D004660,MESH:D004673,MESH:D004827,MESH:D005076,MESH:D005221,MESH:D005334,MESH:D005947,MESH:D006261,MESH:D006470,MESH:D007022,MESH:D007239,MESH:D007249,MESH:D007511,MESH:D007964,MESH:D008581,MESH:D008775,MESH:D009069,MESH:D009080,MESH:D009103,MESH:D009135,MESH:D009187,MESH:D009369,MESH:D009422,MESH:D009447,MESH:D011239,MESH:D011605,MESH:D012640,MESH:D012678,MESH:D012769,MESH:D012818,MESH:D012851,MESH:D013226,MESH:D013256,MESH:D013345,MESH:D016638,MESH:D018352,MESH:D018698,MESH:D019965,MESH:D020271,MESH:D020521,MESH:D030342,MESH:D040921,MESH:D051359,MESH:D056587,MESH:D056784
35309721	MESH:C000657245,MESH:D000163,MESH:D003141,MESH:D003643,MESH:D007239,MESH:D014947,MESH:D018980
35518554	MESH:C000657245,MESH:D001007
32527466	MESH:C000657245,MESH:D000438,MESH:D002248,MESH:D002318,MESH:D003324,MESH:D003643,MESH:D006333,MESH:D006632,MESH:D007239,MESH:D007249,MESH:D007511,MESH:D008171,MESH:D009584,MESH:D010126,MESH:D011024,MESH:D012140,MESH:D013927,MESH:D018352,MESH:D050171,MESH:D050197
34316049	MESH:C000657245,MESH:C536920,MESH:D000079225,MESH:D000163,MESH:D000275,MESH:D001007,MESH:D002908,MESH:D003643,MESH:D006323,MESH:D007239,MESH:D009771,MESH:D010259,MESH:D011014,MESH:D011605,MESH:D012559,MESH:D013345,MESH:D014867,MESH:D014947,MESH:D016638,MESH:D051271
35149232	MESH:C000657245,MESH:D014612
32842607	MESH:C000657245,MESH:D000163,MESH:D000438,MESH:D003141,MESH:D003643,MESH:D005597,MESH:D009784,MESH:D011014,MESH:D012120,MESH:D014947,MESH:D015658,MESH:D018352,MESH:D019142,MESH:D045169
34748218	MESH:C000657245,MESH:D003643,MESH:D014947
32680602	MESH:C000657245,MESH:D000857,MESH:D000860,MESH:D002303,MESH:D003231,MESH:D003371,MESH:D003643,MESH:D003920,MESH:D005334,MESH:D006973,MESH:D007037,MESH:D007239,MESH:D010146,MESH:D011537,MESH:D012128,MESH:D012871,MESH:D014867,MESH:D014987,MESH:D015746,MESH:D016638,MESH:D018352,MESH:D063806
35336843	MESH:C000657245,MESH:C411644,MESH:D000067390,MESH:D000096,MESH:D000432,MESH:D000740,MESH:D000783,MESH:D000860,MESH:D001068,MESH:D001102,MESH:D001172,MESH:D001714,MESH:D002908,MESH:D003324,MESH:D003371,MESH:D003424,MESH:D003643,MESH:D004244,MESH:D005334,MESH:D005355,MESH:D006261,MESH:D006509,MESH:D006528,MESH:D007239,MESH:D007249,MESH:D007511,MESH:D007674,MESH:D007854,MESH:D008070,MESH:D008107,MESH:D009103,MESH:D009369,MESH:D009447,MESH:D009584,MESH:D010051,MESH:D011125,MESH:D012128,MESH:D012141,MESH:D012770,MESH:D012965,MESH:D014842,MESH:D014867,MESH:D014947,MESH:D015431,MESH:D016638,MESH:D018352,MESH:D018771,MESH:D018805,MESH:D019698,MESH:D019851,MESH:D034141,MESH:D053609,MESH:D055370,MESH:D056486,MESH:D063806
32437831	MESH:C000657245,MESH:D005234,MESH:D005355,MESH:D007249,MESH:D011024,MESH:D018352
33706626	MESH:C000657245,MESH:D000998,MESH:D003643,MESH:D007239
33831079	MESH:C000657245,MESH:D000275,MESH:D000438,MESH:D001281,MESH:D001321,MESH:D001416,MESH:D001714,MESH:D001943,MESH:D002118,MESH:D002277,MESH:D002586,MESH:D002784,MESH:D003643,MESH:D003920,MESH:D007938,MESH:D008055,MESH:D009369,MESH:D009765,MESH:D011014,MESH:D012559,MESH:D012892,MESH:D012893,MESH:D015179,MESH:D050197
35340778	MESH:C000657245,MESH:D000740,MESH:D001778,MESH:D003371,MESH:D003643,MESH:D003920,MESH:D004342,MESH:D004417,MESH:D004487,MESH:D005334,MESH:D006406,MESH:D006470,MESH:D006493,MESH:D006495,MESH:D006973,MESH:D007239,MESH:D008775,MESH:D009102,MESH:D010100,MESH:D012128,MESH:D013345,MESH:D013923,MESH:D013927,MESH:D014839,MESH:D015746,MESH:D016638,MESH:D017984,MESH:D050197,MESH:D051437,MESH:D054556
33782759	MESH:C000657245,MESH:D000275,MESH:D001007,MESH:D003920,MESH:D006973,MESH:D009223,MESH:D009765,MESH:D012891
32088847	MESH:C000657245,MESH:C536227,MESH:D001416,MESH:D003141,MESH:D003371,MESH:D004244,MESH:D004417,MESH:D005221,MESH:D005334,MESH:D007239,MESH:D007249,MESH:D007970,MESH:D008171,MESH:D008206,MESH:D009103,MESH:D009369,MESH:D010608,MESH:D011014,MESH:D011024,MESH:D012120,MESH:D012141,MESH:D012818,MESH:D015047,MESH:D018352,MESH:D063806
32659213	MESH:C000657245,MESH:C536439,MESH:D001778,MESH:D002561,MESH:D003324,MESH:D003643,MESH:D004211,MESH:D004417,MESH:D006495,MESH:D007239,MESH:D007249,MESH:D009102,MESH:D009336,MESH:D011024,MESH:D012128,MESH:D012772,MESH:D013921,MESH:D013923,MESH:D013927,MESH:D018352,MESH:D018805,MESH:D025861,MESH:D051359,MESH:D054556,MESH:D057049
33393462	MESH:C000606551,MESH:C000657245,MESH:C016679,MESH:C024865,MESH:C034532,MESH:D000230,MESH:D000431,MESH:D000432,MESH:D000857,MESH:D001102,MESH:D001120,MESH:D002245,MESH:D002738,MESH:D003643,MESH:D004121,MESH:D004492,MESH:D005557,MESH:D005998,MESH:D006416,MESH:D006531,MESH:D006639,MESH:D007239,MESH:D007854,MESH:D008175,MESH:D009369,MESH:D010195,MESH:D010232,MESH:D010406,MESH:D011014,MESH:D011392,MESH:D012120,MESH:D012694,MESH:D012817,MESH:D012834,MESH:D012965,MESH:D012967,MESH:D013307,MESH:D013927,MESH:D014867,MESH:D015047,MESH:D017830,MESH:D018352,MESH:D019966,MESH:D045169,MESH:D058186
34492105	MESH:D001102,MESH:D002318,MESH:D003920,MESH:D009103,MESH:D009765,MESH:D015179,MESH:D015212
32321654	MESH:C000657245,MESH:D001145,MESH:D002318,MESH:D003141,MESH:D003643,MESH:D003920,MESH:D006331,MESH:D006973,MESH:D007239,MESH:D009369,MESH:D009765,MESH:D011014,MESH:D011024,MESH:D012128,MESH:D012140,MESH:D012141,MESH:D012770,MESH:D015047,MESH:D018352,MESH:D030342,MESH:D045169
32634003	MESH:C000657245,MESH:D000079225,MESH:D001007,MESH:D002908,MESH:D003643,MESH:D003920,MESH:D006261,MESH:D006973,MESH:D007239,MESH:D011024,MESH:D016638,MESH:D018352,MESH:D019966
32512187	MESH:C000606551,MESH:C000657245,MESH:D001102,MESH:D004630,MESH:D006886,MESH:D007239,MESH:D011024,MESH:D011471,MESH:D012140,MESH:D016638,MESH:D017963,MESH:D018352,MESH:D018805
35170714	MESH:C000657245,MESH:D000740,MESH:D001102,MESH:D001991,MESH:D002245,MESH:D002443,MESH:D003141,MESH:D003371,MESH:D003404,MESH:D003643,MESH:D003907,MESH:D004417,MESH:D004487,MESH:D005076,MESH:D005334,MESH:D006261,MESH:D006469,MESH:D006470,MESH:D006480,MESH:D006973,MESH:D007153,MESH:D007239,MESH:D007854,MESH:D008171,MESH:D008288,MESH:D011241,MESH:D012120,MESH:D012818,MESH:D013203,MESH:D013921,MESH:D014508,MESH:D014766,MESH:D018352,MESH:D018771,MESH:D019808,MESH:D051271,MESH:D056486,MESH:D060085,MESH:D063806
35317712	MESH:C000657245,MESH:D000079225,MESH:D000275,MESH:D001007,MESH:D005221,MESH:D014867
34487685	MESH:C000657245,MESH:D003643,MESH:D008288,MESH:D008569,MESH:D013725,MESH:D014376,MESH:D015658,MESH:D044342,MESH:D060085
35330391	MESH:C000606551,MESH:C000657245,MESH:C502936,MESH:C536439,MESH:C558899,MESH:D000081029,MESH:D000163,MESH:D000438,MESH:D000783,MESH:D001102,MESH:D001247,MESH:D002318,MESH:D002784,MESH:D002908,MESH:D003404,MESH:D003643,MESH:D003907,MESH:D003920,MESH:D003924,MESH:D005221,MESH:D005947,MESH:D006886,MESH:D006973,MESH:D007239,MESH:D007249,MESH:D008288,MESH:D008659,MESH:D009369,MESH:D009765,MESH:D010100,MESH:D010195,MESH:D010996,MESH:D011014,MESH:D011655,MESH:D012128,MESH:D012131,MESH:D012140,MESH:D012559,MESH:D012772,MESH:D012818,MESH:D014657,MESH:D016638,MESH:D017963,MESH:D018352,MESH:D018805,MESH:D024821,MESH:D045169,MESH:D050171,MESH:D050197,MESH:D051436,MESH:D058186
34866720	MESH:C000657245,MESH:D001523,MESH:D009223,MESH:D012640,MESH:D014867,MESH:D018352
34415553	MESH:C000657245,MESH:D003371,MESH:D003643,MESH:D005862,MESH:D006526,MESH:D006632,MESH:D007239,MESH:D007854,MESH:D010100,MESH:D011092,MESH:D012965,MESH:D014867,MESH:D018352
33853700	MESH:C000657245,MESH:D007239
34824162	MESH:C000657245,MESH:D003643,MESH:D007239,MESH:D009369,MESH:D011125,MESH:D018352
32561113	MESH:C000657245,MESH:D000138,MESH:D000163,MESH:D000860,MESH:D001102,MESH:D001424,MESH:D001778,MESH:D002318,MESH:D002544,MESH:D003141,MESH:D003371,MESH:D003643,MESH:D003920,MESH:D003967,MESH:D004417,MESH:D005221,MESH:D005334,MESH:D005355,MESH:D006323,MESH:D006470,MESH:D006526,MESH:D006973,MESH:D007239,MESH:D008055,MESH:D009102,MESH:D009369,MESH:D010100,MESH:D010608,MESH:D011014,MESH:D012128,MESH:D012131,MESH:D012141,MESH:D012772,MESH:D014693,MESH:D014867,MESH:D016638,MESH:D018352,MESH:D019142,MESH:D051437,MESH:D055370
32516844	MESH:C000657245,MESH:D006335
32358765	MESH:C000657245,MESH:D000860,MESH:D001172,MESH:D003371,MESH:D006327,MESH:D007239,MESH:D010100,MESH:D010243,MESH:D011024,MESH:D012131,MESH:D018352
32377486	MESH:C000657245,MESH:D000079225,MESH:D000275,MESH:D001007,MESH:D001523,MESH:D003643,MESH:D005221,MESH:D007239,MESH:D018352,MESH:D019964,MESH:D019966,MESH:D045169
34174778	MESH:C000657245,MESH:D000073893,MESH:D000163,MESH:D001007,MESH:D011125,MESH:D014867,MESH:D020018
35252081	MESH:C000657245,MESH:D001007,MESH:D001205,MESH:D003141,MESH:D003643,MESH:D003920,MESH:D006816,MESH:D007239,MESH:D007251,MESH:D007589,MESH:D009369,MESH:D011014,MESH:D012120,MESH:D012409,MESH:D013927,MESH:D016638,MESH:D018352
34219197	MESH:C000657245,MESH:D001064,MESH:D003643,MESH:D007239,MESH:D008171,MESH:D010146,MESH:D014947,MESH:D018352,MESH:D018805,MESH:D030361
35384599	MESH:C000657245,MESH:D000067390,MESH:D000208,MESH:D000370,MESH:D000857,MESH:D000860,MESH:D001102,MESH:D001145,MESH:D001247,MESH:D001281,MESH:D001919,MESH:D002118,MESH:D002280,MESH:D002318,MESH:D002395,MESH:D002637,MESH:D002784,MESH:D003141,MESH:D003324,MESH:D003404,MESH:D003643,MESH:D003920,MESH:D004417,MESH:D004487,MESH:D004837,MESH:D005221,MESH:D005234,MESH:D005334,MESH:D005355,MESH:D005921,MESH:D005947,MESH:D006323,MESH:D006327,MESH:D006331,MESH:D006333,MESH:D006973,MESH:D007022,MESH:D007239,MESH:D007249,MESH:D007511,MESH:D007674,MESH:D008055,MESH:D008659,MESH:D008687,MESH:D009173,MESH:D009202,MESH:D009203,MESH:D009205,MESH:D009362,MESH:D009369,MESH:D009422,MESH:D009461,MESH:D009765,MESH:D010146,MESH:D010493,MESH:D010996,MESH:D012128,MESH:D012871,MESH:D012892,MESH:D013575,MESH:D013923,MESH:D014280,MESH:D014839,MESH:D018376,MESH:D018476,MESH:D018487,MESH:D018754,MESH:D021081,MESH:D034381,MESH:D050171,MESH:D050197,MESH:D051437,MESH:D054537,MESH:D061325
35096642	MESH:C000657245,MESH:C536439,MESH:D000450,MESH:D001102,MESH:D001120,MESH:D002318,MESH:D003324,MESH:D003643,MESH:D005355,MESH:D006333,MESH:D007239,MESH:D007249,MESH:D007674,MESH:D007703,MESH:D008107,MESH:D008239,MESH:D009102,MESH:D009765,MESH:D010190,MESH:D010300,MESH:D010455,MESH:D012128,MESH:D014766,MESH:D014947,MESH:D016638,MESH:D018805,MESH:D051436,MESH:D055370,MESH:D058186
34126613	MESH:C000657245,MESH:C536439,MESH:D000783,MESH:D001523,MESH:D001778,MESH:D002543,MESH:D006406,MESH:D006470,MESH:D007238,MESH:D007239,MESH:D007249,MESH:D009422,MESH:D009584,MESH:D011251,MESH:D014657,MESH:D017566,MESH:D019851,MESH:D020300,MESH:D020521,MESH:D051271,MESH:D053609,MESH:D056587,MESH:D056784,MESH:D059246
35284994	MESH:C000657245,MESH:D000069283,MESH:D000783,MESH:D000787,MESH:D001068,MESH:D001145,MESH:D001249,MESH:D001281,MESH:D001919,MESH:D002543,MESH:D003371,MESH:D003643,MESH:D003920,MESH:D004417,MESH:D006086,MESH:D006331,MESH:D006406,MESH:D006509,MESH:D006943,MESH:D006973,MESH:D007039,MESH:D007239,MESH:D007249,MESH:D008775,MESH:D009103,MESH:D009202,MESH:D009336,MESH:D009369,MESH:D009765,MESH:D010146,MESH:D010608,MESH:D011014,MESH:D012131,MESH:D012818,MESH:D013610,MESH:D013927,MESH:D014807,MESH:D018352,MESH:D029424,MESH:D059390
32291501	MESH:C000657245,MESH:D000860,MESH:D001049,MESH:D001523,MESH:D001778,MESH:D003128,MESH:D003371,MESH:D003681,MESH:D003967,MESH:D004417,MESH:D005221,MESH:D005334,MESH:D006261,MESH:D006331,MESH:D006973,MESH:D007239,MESH:D007249,MESH:D008171,MESH:D008206,MESH:D009102,MESH:D009325,MESH:D010100,MESH:D010608,MESH:D010996,MESH:D011014,MESH:D011024,MESH:D012128,MESH:D012131,MESH:D012141,MESH:D012640,MESH:D012772,MESH:D012817,MESH:D012818,MESH:D014839,MESH:D015746,MESH:D017093,MESH:D018352,MESH:D018450,MESH:D053139,MESH:D053609,MESH:D063806
34202298	MESH:C000657245,MESH:C535882,MESH:D001007,MESH:D002908,MESH:D003141,MESH:D003643,MESH:D006470,MESH:D007239,MESH:D013921,MESH:D013923,MESH:D054556
32837512	MESH:C000657245,MESH:D003643,MESH:D005767,MESH:D007239,MESH:D009369,MESH:D011027,MESH:D012120,MESH:D012140
33855698	MESH:C000657245,MESH:D013921
32179701	MESH:C000657245,MESH:D003141,MESH:D007239,MESH:D011014,MESH:D011024,MESH:D012818,MESH:D014766,MESH:D018352
34080223	MESH:C000657245,MESH:D008545,MESH:D008569
33246573	MESH:C000657245,MESH:D002277,MESH:D007239,MESH:D009362,MESH:D009369
35145444	MESH:C000657245,MESH:D000079225,MESH:D000275,MESH:D001007,MESH:D002244,MESH:D007174,MESH:D007239,MESH:D007319,MESH:D007589,MESH:D012128,MESH:D051271
34767767	MESH:C000657245,MESH:C536767,MESH:D000860,MESH:D002318,MESH:D003128,MESH:D003141,MESH:D003371,MESH:D003643,MESH:D003907,MESH:D006333,MESH:D006973,MESH:D007239,MESH:D007249,MESH:D008231,MESH:D009102,MESH:D009765,MESH:D010100,MESH:D010698,MESH:D011014,MESH:D011655,MESH:D012120,MESH:D012128,MESH:D012131,MESH:D012141,MESH:D016638,MESH:D018352,MESH:D055370,MESH:D058186
35289365	MESH:C000657245,MESH:D007239
34682939	MESH:C000657245,MESH:D000068376,MESH:D000079225,MESH:D000275,MESH:D001007,MESH:D001068,MESH:D001102,MESH:D001416,MESH:D001523,MESH:D002303,MESH:D003141,MESH:D003248,MESH:D003643,MESH:D003967,MESH:D005221,MESH:D006261,MESH:D006323,MESH:D007239,MESH:D007319,MESH:D011537,MESH:D012871,MESH:D012893,MESH:D013313,MESH:D014947,MESH:D018352,MESH:D040921,MESH:D045169,MESH:D063806
34029345	MESH:C000657245,MESH:C535882,MESH:D001281,MESH:D003643,MESH:D005597,MESH:D007239,MESH:D009325,MESH:D010146,MESH:D010698,MESH:D018980
34745449	MESH:C000657245,MESH:D003643,MESH:D007239,MESH:D010100,MESH:D010146,MESH:D012965,MESH:D018352
32565264	MESH:C000657245,MESH:D000740,MESH:D000860,MESH:D006973,MESH:D007239,MESH:D007511,MESH:D008171,MESH:D009336,MESH:D009765,MESH:D010232,MESH:D011014,MESH:D011024,MESH:D012128,MESH:D012131,MESH:D012871,MESH:D013927,MESH:D014456,MESH:D014801,MESH:D017093,MESH:D017566,MESH:D018352,MESH:D020144
34326985	MESH:C000657245,MESH:C535882,MESH:D002586,MESH:D003643,MESH:D007239,MESH:D013921
35128319	MESH:C000656865,MESH:C000657245,MESH:D000860,MESH:D001049,MESH:D001172,MESH:D001281,MESH:D001991,MESH:D002245,MESH:D003371,MESH:D003428,MESH:D003643,MESH:D003704,MESH:D006333,MESH:D006527,MESH:D007239,MESH:D009207,MESH:D009765,MESH:D010100,MESH:D010146,MESH:D010608,MESH:D011014,MESH:D011030,MESH:D011654,MESH:D011655,MESH:D012120,MESH:D012131,MESH:D012140,MESH:D014867,MESH:D014987,MESH:D016638,MESH:D018805,MESH:D018980,MESH:D029424,MESH:D045169,MESH:D054990,MESH:D055370
35486106	MESH:C000657245,MESH:D003643,MESH:D008180
34822228	MESH:C000657245,MESH:D003141,MESH:D003643,MESH:D007239
33955567	MESH:C000657245,MESH:D003643
35261542	MESH:C000657245,MESH:C502936,MESH:D001991,MESH:D002318,MESH:D003371,MESH:D003643,MESH:D003920,MESH:D003967,MESH:D005221,MESH:D005334,MESH:D006261,MESH:D006973,MESH:D008171,MESH:D009102,MESH:D009369,MESH:D011014,MESH:D012128,MESH:D015047,MESH:D016638,MESH:D018352,MESH:D018805,MESH:D025861,MESH:D034721,MESH:D051436
33928065	MESH:C000657245,MESH:D000079225,MESH:D000275,MESH:D000438,MESH:D000544,MESH:D000787,MESH:D001007,MESH:D001168,MESH:D001991,MESH:D002303,MESH:D002318,MESH:D002908,MESH:D003072,MESH:D003141,MESH:D003324,MESH:D003643,MESH:D003920,MESH:D003924,MESH:D004646,MESH:D006331,MESH:D006509,MESH:D007674,MESH:D008545,MESH:D009203,MESH:D009369,MESH:D009765,MESH:D010024,MESH:D012128,MESH:D012640,MESH:D012878,MESH:D015430,MESH:D017887,MESH:D018352,MESH:D020521,MESH:D029424
33988134	MESH:C000657245,MESH:D000067390,MESH:D000857,MESH:D005076,MESH:D006258,MESH:D007239,MESH:D009369,MESH:D009461,MESH:D012128,MESH:D013651,MESH:D018352,MESH:D030342,MESH:D034381,MESH:D060825
34840464	MESH:C000657245,MESH:D001102,MESH:D003141,MESH:D003643,MESH:D003967,MESH:D005334,MESH:D007239,MESH:D009059,MESH:D009422,MESH:D011014,MESH:D012131,MESH:D012871,MESH:D014376,MESH:D014552,MESH:D014807,MESH:D014867,MESH:D015047,MESH:D016638,MESH:D018352
32511859	MESH:C000657245,MESH:D001714,MESH:D011024,MESH:D018352
33720028	MESH:C000657245,MESH:D000014,MESH:D000275,MESH:D001249,MESH:D001523,MESH:D002908,MESH:D003643,MESH:D005221,MESH:D006331,MESH:D007859,MESH:D009369,MESH:D012559,MESH:D012893,MESH:D020521
34101494	MESH:C000657245,MESH:D000438,MESH:D001007,MESH:D003141,MESH:D003643,MESH:D006323,MESH:D006526,MESH:D007153,MESH:D007239,MESH:D008691,MESH:D015658,MESH:D019966,MESH:D062787
32480420	MESH:C000657245,MESH:D000998,MESH:D006331,MESH:D007239,MESH:D009404,MESH:D009422,MESH:D011024,MESH:D012141,MESH:D012817,MESH:D018352,MESH:D064420
34962356	MESH:C000657245,MESH:D002241,MESH:D002245,MESH:D003967,MESH:D005767,MESH:D007239,MESH:D007249,MESH:D008055,MESH:D009325,MESH:D011014,MESH:D012817,MESH:D012818,MESH:D014839
34976910	MESH:D000275,MESH:D001943,MESH:D002543,MESH:D003428,MESH:D003643,MESH:D003920,MESH:D004067,MESH:D004827,MESH:D005597,MESH:D006620,MESH:D007022,MESH:D008180,MESH:D009369,MESH:D010190,MESH:D012772,MESH:D013274,MESH:D014947,MESH:D015179,MESH:D016638,MESH:D018805,MESH:D020521,MESH:D029424
35246082	MESH:C000657245,MESH:C535882,MESH:D001172,MESH:D003920,MESH:D007239,MESH:D013667
35316929	MESH:C000657245,MESH:D000860,MESH:D002244,MESH:D002289,MESH:D003643,MESH:D005355,MESH:D006333,MESH:D007022,MESH:D008171,MESH:D008175,MESH:D008569,MESH:D009336,MESH:D009362,MESH:D009369,MESH:D011014,MESH:D064420
32624392	MESH:C000657245,MESH:C536920,MESH:D002245,MESH:D002303,MESH:D003371,MESH:D008171,MESH:D008628,MESH:D010100,MESH:D011024,MESH:D011030,MESH:D012120,MESH:D018352,MESH:D045169,MESH:D054549
33659612	MESH:C000657245
34117772	MESH:C000657245
34280038	MESH:C000657245,MESH:C537866,MESH:D000163,MESH:D001102,MESH:D003141,MESH:D003643,MESH:D006470,MESH:D006509,MESH:D007239,MESH:D007970,MESH:D008231,MESH:D009102,MESH:D011014,MESH:D012131,MESH:D012772,MESH:D013921,MESH:D015658,MESH:D016638,MESH:D018352
35482656	MESH:C000657245,MESH:D001007,MESH:D002318,MESH:D003141,MESH:D006323,MESH:D015658
32602111	MESH:C000657245
32621859	MESH:C000657245,MESH:D000275,MESH:D001007,MESH:D001102,MESH:D002318,MESH:D003141,MESH:D003643,MESH:D004417,MESH:D006527,MESH:D006816,MESH:D007239,MESH:D007674,MESH:D009207,MESH:D011251,MESH:D012131,MESH:D012140,MESH:D014839,MESH:D018352,MESH:D034721
34000814	MESH:C000657245,MESH:D002318,MESH:D002561,MESH:D003643,MESH:D006331
34755180	MESH:C000657245,MESH:D000900,MESH:D001424,MESH:D004318,MESH:D007239,MESH:D010608,MESH:D012141,MESH:D012818,MESH:D014552,MESH:D017963,MESH:D018942,MESH:D060085
34178343	MESH:C000657245,MESH:C535742,MESH:D000163,MESH:D000438,MESH:D000855,MESH:D001007,MESH:D001102,MESH:D002908,MESH:D003141,MESH:D003371,MESH:D003643,MESH:D004417,MESH:D005221,MESH:D005334,MESH:D007239,MESH:D011014,MESH:D012640,MESH:D013226,MESH:D014867,MESH:D016638,MESH:D018352,MESH:D063806
34413324	MESH:C000657245,MESH:D000275,MESH:D000740,MESH:D000857,MESH:D001007,MESH:D001172,MESH:D001249,MESH:D001281,MESH:D001424,MESH:D002318,MESH:D003141,MESH:D003324,MESH:D003371,MESH:D003643,MESH:D003693,MESH:D003920,MESH:D003924,MESH:D004417,MESH:D005221,MESH:D005334,MESH:D005759,MESH:D006816,MESH:D006973,MESH:D007022,MESH:D007239,MESH:D007674,MESH:D007859,MESH:D008171,MESH:D009103,MESH:D009325,MESH:D009369,MESH:D009765,MESH:D009800,MESH:D010003,MESH:D010100,MESH:D010146,MESH:D010300,MESH:D011014,MESH:D012131,MESH:D013274,MESH:D013575,MESH:D014552,MESH:D014839,MESH:D016920,MESH:D018980,MESH:D020521,MESH:D029424,MESH:D043183,MESH:D045169,MESH:D058186,MESH:D063806
34910338	MESH:C000657245,MESH:D007239,MESH:D059390
34870100	MESH:C000657245,MESH:D000740,MESH:D001102,MESH:D002318,MESH:D003141,MESH:D003324,MESH:D003404,MESH:D003643,MESH:D003920,MESH:D004417,MESH:D005334,MESH:D005759,MESH:D006331,MESH:D006509,MESH:D006886,MESH:D006949,MESH:D006973,MESH:D007239,MESH:D007674,MESH:D007676,MESH:D008171,MESH:D008231,MESH:D008659,MESH:D009203,MESH:D009369,MESH:D010608,MESH:D011014,MESH:D012120,MESH:D012140,MESH:D013923,MESH:D013927,MESH:D017984,MESH:D053139,MESH:D054556
34786319	MESH:C000657245,MESH:D001007,MESH:D001289,MESH:D003141,MESH:D003643,MESH:D007022,MESH:D007239,MESH:D010146,MESH:D016638
32407564	MESH:C000657245,MESH:D000370,MESH:D004244,MESH:D005076,MESH:D014581
34976906	MESH:C000657245,MESH:D003141,MESH:D003643,MESH:D005862,MESH:D010100,MESH:D014202,MESH:D014867,MESH:D018352
32275855	MESH:C000657245,MESH:C003043,MESH:C007293,MESH:D000067390,MESH:D000073893,MESH:D000082,MESH:D000431,MESH:D000588,MESH:D000806,MESH:D001102,MESH:D001205,MESH:D001379,MESH:D002443,MESH:D002738,MESH:D002945,MESH:D003078,MESH:D003520,MESH:D003545,MESH:D003643,MESH:D003907,MESH:D004417,MESH:D004958,MESH:D005334,MESH:D005947,MESH:D005998,MESH:D006531,MESH:D006851,MESH:D006861,MESH:D007239,MESH:D007703,MESH:D007854,MESH:D008070,MESH:D008670,MESH:D008687,MESH:D009584,MESH:D009821,MESH:D010100,MESH:D011014,MESH:D011125,MESH:D011134,MESH:D011136,MESH:D011794,MESH:D012140,MESH:D012640,MESH:D012694,MESH:D012822,MESH:D012834,MESH:D012965,MESH:D013739,MESH:D014640,MESH:D014801,MESH:D014867,MESH:D015047,MESH:D016559,MESH:D016572,MESH:D018352,MESH:D019808,MESH:D029424,MESH:D045169,MESH:D056486
34350637	MESH:C000657245,MESH:D007239
32693101	MESH:C000657245,MESH:C535882,MESH:D000081029,MESH:D000860,MESH:D002248,MESH:D002311,MESH:D002637,MESH:D002908,MESH:D003550,MESH:D003643,MESH:D005355,MESH:D006333,MESH:D006935,MESH:D006973,MESH:D006976,MESH:D007239,MESH:D007674,MESH:D007676,MESH:D008171,MESH:D010100,MESH:D011658,MESH:D012140,MESH:D016638,MESH:D017563,MESH:D018754,MESH:D020521,MESH:D029424,MESH:D054990
32395098	MESH:C000657245,MESH:C003043,MESH:C007293,MESH:D000402,MESH:D000431,MESH:D000535,MESH:D001102,MESH:D001523,MESH:D002104,MESH:D002245,MESH:D003141,MESH:D003643,MESH:D004342,MESH:D004801,MESH:D005483,MESH:D005557,MESH:D006416,MESH:D006859,MESH:D007239,MESH:D007249,MESH:D007854,MESH:D008055,MESH:D008171,MESH:D008288,MESH:D010232,MESH:D010406,MESH:D010743,MESH:D011014,MESH:D011655,MESH:D012131,MESH:D012141,MESH:D012965,MESH:D013307,MESH:D014376,MESH:D014867,MESH:D015431,MESH:D017180,MESH:D018352,MESH:D052016,MESH:D064420
34624245	MESH:C000657245,MESH:D003141,MESH:D014867
34648525	MESH:C000657245,MESH:D001249,MESH:D002318,MESH:D003141,MESH:D003643,MESH:D003920,MESH:D006331,MESH:D006973,MESH:D007239,MESH:D009369,MESH:D009765,MESH:D011014,MESH:D012640,MESH:D016638,MESH:D018352,MESH:D020521,MESH:D029424
34678266	MESH:C000657245,MESH:D000079225,MESH:D003141,MESH:D003643,MESH:D005221,MESH:D007239,MESH:D012131,MESH:D018352
32820721	MESH:C000657245,MESH:D000857,MESH:D003141,MESH:D003371,MESH:D003643,MESH:D003693,MESH:D003967,MESH:D004417,MESH:D005221,MESH:D005334,MESH:D007239,MESH:D009325,MESH:D010608,MESH:D011014,MESH:D011024,MESH:D012128,MESH:D012140,MESH:D014839,MESH:D016638,MESH:D018352,MESH:D058345,MESH:D063806
32911311	MESH:C000657245,MESH:D000079225,MESH:D000857,MESH:D000860,MESH:D001102,MESH:D001259,MESH:D001778,MESH:D001927,MESH:D001929,MESH:D002543,MESH:D002544,MESH:D002561,MESH:D003244,MESH:D003371,MESH:D003643,MESH:D003711,MESH:D004211,MESH:D004244,MESH:D004417,MESH:D004487,MESH:D004660,MESH:D005221,MESH:D005334,MESH:D006261,MESH:D006470,MESH:D006493,MESH:D006973,MESH:D007238,MESH:D007239,MESH:D007249,MESH:D007501,MESH:D007511,MESH:D009102,MESH:D009422,MESH:D009461,MESH:D010100,MESH:D011024,MESH:D011595,MESH:D012128,MESH:D012131,MESH:D012640,MESH:D013923,MESH:D013927,MESH:D016638,MESH:D018352,MESH:D019851,MESH:D019965,MESH:D020246,MESH:D020258,MESH:D020271,MESH:D020521,MESH:D029424,MESH:D054556,MESH:D056784
33735836	MESH:C000657245,MESH:D000077559,MESH:D000163,MESH:D001102,MESH:D003643,MESH:D003920,MESH:D004342,MESH:D006331,MESH:D006526,MESH:D007239,MESH:D008751,MESH:D008775,MESH:D009102,MESH:D009369,MESH:D012141,MESH:D013746,MESH:D014376,MESH:D014766,MESH:D015658,MESH:D016638,MESH:D018352,MESH:D045169,MESH:D056486
35380101	MESH:C000657245,MESH:D000577,MESH:D003141,MESH:D006859,MESH:D007239,MESH:D007930,MESH:D010649
34622966	MESH:C000657245,MESH:D000857,MESH:D001247,MESH:D001259,MESH:D001927,MESH:D002544,MESH:D003244,MESH:D003680,MESH:D003693,MESH:D003704,MESH:D003920,MESH:D005184,MESH:D006258,MESH:D006973,MESH:D007239,MESH:D009369,MESH:D009422,MESH:D009765,MESH:D012128,MESH:D012140,MESH:D012141,MESH:D012640,MESH:D016638,MESH:D020271,MESH:D020521,MESH:D029424,MESH:D051271,MESH:D055371
32495830	MESH:C000657245,MESH:D000275,MESH:D001007,MESH:D003141,MESH:D007239,MESH:D011024,MESH:D014947,MESH:D018352
33503002	MESH:C000657245,MESH:D009369,MESH:D012030,MESH:D018980
34431693	MESH:C000657245,MESH:D000163,MESH:D001102,MESH:D003141,MESH:D003643,MESH:D005221,MESH:D005334,MESH:D006261,MESH:D006526,MESH:D007239,MESH:D007319,MESH:D012685,MESH:D013923,MESH:D014766,MESH:D015658,MESH:D018352,MESH:D019698,MESH:D063806
34252379	MESH:C000657245,MESH:C502936,MESH:D003643,MESH:D003907,MESH:D006886,MESH:D010100,MESH:D012140,MESH:D017963,MESH:D018942
35262049	MESH:C000657245,MESH:D003428,MESH:D003920,MESH:D004487,MESH:D006261,MESH:D006987,MESH:D007239,MESH:D010146,MESH:D012640,MESH:D016638
35032051	MESH:C000657245
32681166	MESH:C000657245,MESH:D001929,MESH:D003643,MESH:D006371,MESH:D011024,MESH:D014280,MESH:D018352,MESH:D051359
32646505	MESH:C000657245,MESH:D000081029,MESH:D001523,MESH:D003371,MESH:D003643,MESH:D003920,MESH:D004417,MESH:D005221,MESH:D005334,MESH:D006331,MESH:D007239,MESH:D007249,MESH:D008171,MESH:D008175,MESH:D008223,MESH:D008545,MESH:D009369,MESH:D011014,MESH:D011024,MESH:D011471,MESH:D012128,MESH:D012509,MESH:D016638,MESH:D018352,MESH:D060085
32682490	MESH:C000657245,MESH:D003141,MESH:D011024,MESH:D018352
33844359	MESH:C000657245
32292259	MESH:C000657245,MESH:D000855,MESH:D001007,MESH:D001068,MESH:D003141,MESH:D003248,MESH:D003371,MESH:D003643,MESH:D003967,MESH:D004417,MESH:D005221,MESH:D005334,MESH:D007153,MESH:D007239,MESH:D007319,MESH:D008175,MESH:D008670,MESH:D009325,MESH:D010608,MESH:D011014,MESH:D014839,MESH:D014867,MESH:D014987,MESH:D018908
33660134	MESH:C000657245,MESH:C016679,MESH:D003141,MESH:D004229,MESH:D006531,MESH:D007239,MESH:D009207,MESH:D011014,MESH:D011136,MESH:D012141,MESH:D012834,MESH:D012965,MESH:D012967,MESH:D014867,MESH:D018352
34274539	MESH:C000657245,MESH:D000069285,MESH:D001102,MESH:D001120,MESH:D001172,MESH:D001327,MESH:D005355,MESH:D007239,MESH:D007249,MESH:D007592,MESH:D008103,MESH:D008180,MESH:D009140,MESH:D009538,MESH:D012213,MESH:D012216,MESH:D017563,MESH:D045169
35002970	MESH:C000606551,MESH:C000657245,MESH:C502936,MESH:C558899,MESH:D001172,MESH:D002318,MESH:D002908,MESH:D003141,MESH:D003643,MESH:D003907,MESH:D003920,MESH:D003924,MESH:D004342,MESH:D005947,MESH:D006333,MESH:D007239,MESH:D008107,MESH:D008171,MESH:D009461,MESH:D010100,MESH:D011014,MESH:D011134,MESH:D018352,MESH:D048909
34675256	MESH:C000657245,MESH:D013746
32534631	MESH:C000657245,MESH:D003141,MESH:D007239,MESH:D011024,MESH:D011051,MESH:D018352
33253073	MESH:D005221,MESH:D007239
34308825	MESH:C000657245
33491147	MESH:C000657245,MESH:D003643,MESH:D005862,MESH:D006816,MESH:D007039,MESH:D010100,MESH:D010996,MESH:D011014,MESH:D011655,MESH:D012120,MESH:D012128,MESH:D012131,MESH:D012818,MESH:D013927,MESH:D016638,MESH:D018352,MESH:D018980,MESH:D020246,MESH:D045169
33560863	MESH:C000606551,MESH:C000657245,MESH:D000998,MESH:D003643,MESH:D011024
34772117	MESH:C000657245,MESH:D000079225,MESH:D000544,MESH:D002104,MESH:D002244,MESH:D002245,MESH:D007239,MESH:D010100,MESH:D012834,MESH:D014867
34873885	MESH:C000657245,MESH:D000079225,MESH:D000275,MESH:D001007,MESH:D001523,MESH:D003141,MESH:D005334,MESH:D007239,MESH:D007319,MESH:D011014,MESH:D012120,MESH:D012128,MESH:D012818,MESH:D012893,MESH:D013313,MESH:D014947,MESH:D015835,MESH:D018352,MESH:D045169
33006551	MESH:C000657245,MESH:D002241,MESH:D003920,MESH:D003922,MESH:D005947,MESH:D006943,MESH:D007022
34857753	MESH:C000606551,MESH:C000657245,MESH:C462182,MESH:D000225,MESH:D000255,MESH:D006147,MESH:D006859,MESH:D009705,MESH:D009841
33190222	MESH:C000657245,MESH:D003128,MESH:D003324,MESH:D003404,MESH:D003643,MESH:D003920,MESH:D005334,MESH:D006333,MESH:D006973,MESH:D007022,MESH:D007239,MESH:D007511,MESH:D007674,MESH:D007676,MESH:D008171,MESH:D009369,MESH:D011014,MESH:D012128,MESH:D012964,MESH:D014508,MESH:D014867,MESH:D015415,MESH:D016638,MESH:D018805,MESH:D051436,MESH:D051437,MESH:D058186
34077572	MESH:C000657245
35383994	MESH:C000657245,MESH:D007239
33563638	MESH:C000657245,MESH:D000067390,MESH:D000370,MESH:D000857,MESH:D001102,MESH:D003371,MESH:D003643,MESH:D003967,MESH:D004408,MESH:D004417,MESH:D005221,MESH:D005334,MESH:D006261,MESH:D007239,MESH:D008231,MESH:D010608,MESH:D012140,MESH:D012640,MESH:D012817,MESH:D012818,MESH:D018352,MESH:D063806
33382861	MESH:C000657245,MESH:D007239,MESH:D009223,MESH:D012140,MESH:D014867
33941488	MESH:C000657245,MESH:D000438,MESH:D001102,MESH:D001327,MESH:D001778,MESH:D003141,MESH:D003643,MESH:D003920,MESH:D004342,MESH:D005234,MESH:D005334,MESH:D005355,MESH:D006331,MESH:D006509,MESH:D006526,MESH:D006528,MESH:D007153,MESH:D007239,MESH:D007249,MESH:D007674,MESH:D008103,MESH:D008107,MESH:D008171,MESH:D008589,MESH:D009102,MESH:D009181,MESH:D009187,MESH:D009369,MESH:D009765,MESH:D010146,MESH:D011008,MESH:D013921,MESH:D013923,MESH:D014581,MESH:D015658,MESH:D017093,MESH:D056486,MESH:D058625
35480831	MESH:C000657245,MESH:C537501,MESH:D003643,MESH:D007239,MESH:D014867,MESH:D018352,MESH:D045169
32840829	MESH:C000657245,MESH:D000438,MESH:D003141,MESH:D003643,MESH:D003920,MESH:D006973,MESH:D007239,MESH:D009800,MESH:D014867,MESH:D015658,MESH:D018352
33481879	MESH:C000657245,MESH:D000079225,MESH:D000275,MESH:D000544,MESH:D001007,MESH:D001523,MESH:D002908,MESH:D003072,MESH:D003643,MESH:D004298,MESH:D004421,MESH:D007239,MESH:D007319,MESH:D009127,MESH:D010300,MESH:D010302,MESH:D012893,MESH:D014202,MESH:D018352,MESH:D018476,MESH:D019636,MESH:D051271
34177926	MESH:C000657245,MESH:D001102,MESH:D002245,MESH:D003141,MESH:D003371,MESH:D003967,MESH:D004417,MESH:D005221,MESH:D005334,MESH:D006261,MESH:D006531,MESH:D006851,MESH:D007239,MESH:D009325,MESH:D010608,MESH:D011136,MESH:D012140,MESH:D012141,MESH:D012220,MESH:D012818,MESH:D014839,MESH:D015047,MESH:D015746,MESH:D018450,MESH:D063806
34427682	MESH:C000657245,MESH:D003643
33114356	MESH:C000657245,MESH:D000014,MESH:D000079225,MESH:D000163,MESH:D001102,MESH:D002318,MESH:D003141,MESH:D006025,MESH:D006528,MESH:D007239,MESH:D008055,MESH:D009362,MESH:D009369,MESH:D009841,MESH:D011014,MESH:D011471,MESH:D015658,MESH:D016751,MESH:D018177,MESH:D018352,MESH:D020031,MESH:D020271,MESH:D056486
35216301	MESH:C000657245,MESH:C003043,MESH:C016679,MESH:D001102,MESH:D002244,MESH:D002245,MESH:D003141,MESH:D003300,MESH:D005840,MESH:D005973,MESH:D006851,MESH:D007239,MESH:D008055,MESH:D008171,MESH:D008670,MESH:D009369,MESH:D009757,MESH:D010406,MESH:D010455,MESH:D011108,MESH:D011125,MESH:D011136,MESH:D012685,MESH:D012967,MESH:D013307,MESH:D014508,MESH:D015658,MESH:D019810,MESH:D064420
32007643	MESH:C000657245,MESH:D001102,MESH:D003643,MESH:D007239,MESH:D011014,MESH:D011024,MESH:D012120,MESH:D012140,MESH:D018352,MESH:D045169
34412446	MESH:C000657245,MESH:D003141,MESH:D003643,MESH:D007239,MESH:D018352
34387911	MESH:C000657245,MESH:D001416,MESH:D002637,MESH:D002908,MESH:D003371,MESH:D004417,MESH:D005221,MESH:D007239,MESH:D010146,MESH:D013651,MESH:D063806
34817746	MESH:C000657245,MESH:D000079225,MESH:D001205,MESH:D001710,MESH:D001943,MESH:D002118,MESH:D003248,MESH:D003643,MESH:D005492,MESH:D006331,MESH:D007319,MESH:D008274,MESH:D009369,MESH:D010024,MESH:D013313,MESH:D014805,MESH:D014807,MESH:D020521
34817406	MESH:C000657245,MESH:D007239
35519622	MESH:C000657245,MESH:C016679,MESH:C024865,MESH:D000096,MESH:D000255,MESH:D001102,MESH:D002118,MESH:D003141,MESH:D003401,MESH:D003643,MESH:D004229,MESH:D006531,MESH:D007239,MESH:D007930,MESH:D008055,MESH:D008274,MESH:D010743,MESH:D011136,MESH:D011188,MESH:D012128,MESH:D012685,MESH:D012964,MESH:D012965,MESH:D012967,MESH:D013725,MESH:D015047,MESH:D018352,MESH:D019810,MESH:D056486
34267316	MESH:C000657245,MESH:C536767,MESH:D000255,MESH:D008055
34881119	MESH:C000657245,MESH:D000275,MESH:D001102,MESH:D001172,MESH:D001327,MESH:D002318,MESH:D002637,MESH:D003078,MESH:D003324,MESH:D003404,MESH:D004487,MESH:D005334,MESH:D005947,MESH:D006509,MESH:D007052,MESH:D007239,MESH:D007676,MESH:D007938,MESH:D009187,MESH:D009202,MESH:D009203,MESH:D009205,MESH:D009369,MESH:D010100,MESH:D010490,MESH:D010493,MESH:D013610,MESH:D014508,MESH:D014947,MESH:D015658,MESH:D059787
32517888	MESH:C000657245,MESH:D002544,MESH:D004487,MESH:D009203,MESH:D011014,MESH:D011024,MESH:D018352,MESH:D020521
33872188	MESH:C000657245,MESH:D000014,MESH:D001102,MESH:D002318,MESH:D002561,MESH:D003141,MESH:D003371,MESH:D003643,MESH:D004342,MESH:D005221,MESH:D006261,MESH:D006331,MESH:D006973,MESH:D007239,MESH:D007249,MESH:D008171,MESH:D009205,MESH:D010608,MESH:D012140,MESH:D012640,MESH:D013927,MESH:D015658,MESH:D058186,MESH:D062787
33972631	MESH:C000657245,MESH:C016679,MESH:C032159,MESH:D000431,MESH:D000432,MESH:D001102,MESH:D002245,MESH:D003404,MESH:D003643,MESH:D004417,MESH:D004487,MESH:D004492,MESH:D004801,MESH:D005334,MESH:D005557,MESH:D005840,MESH:D005947,MESH:D006470,MESH:D006851,MESH:D006861,MESH:D007239,MESH:D007249,MESH:D007854,MESH:D008070,MESH:D008569,MESH:D009102,MESH:D010146,MESH:D011014,MESH:D011136,MESH:D011137,MESH:D011188,MESH:D012128,MESH:D012140,MESH:D012141,MESH:D012685,MESH:D012772,MESH:D012965,MESH:D012967,MESH:D014508,MESH:D014867,MESH:D016638,MESH:D018352,MESH:D018357,MESH:D055370,MESH:D064420
34271868	MESH:C000657245,MESH:D000163,MESH:D002318,MESH:D003141,MESH:D003371,MESH:D003428,MESH:D003643,MESH:D003920,MESH:D003967,MESH:D004417,MESH:D005221,MESH:D005334,MESH:D006261,MESH:D006331,MESH:D006943,MESH:D007153,MESH:D007239,MESH:D007674,MESH:D008171,MESH:D009102,MESH:D009369,MESH:D011014,MESH:D011596,MESH:D012140,MESH:D012141,MESH:D012640,MESH:D014839,MESH:D015658,MESH:D016638,MESH:D018352,MESH:D045169,MESH:D051436,MESH:D063806
35313091	MESH:C000657245,MESH:D003643,MESH:D007859,MESH:D008171,MESH:D012216,MESH:D017563,MESH:D055370
32495819	MESH:C000657245,MESH:D011024,MESH:D018352
33255220	MESH:C000657245,MESH:C538614,MESH:D000275,MESH:D001249,MESH:D001943,MESH:D002318,MESH:D002945,MESH:D003520,MESH:D003643,MESH:D003920,MESH:D004067,MESH:D006331,MESH:D006973,MESH:D007239,MESH:D007674,MESH:D007938,MESH:D008171,MESH:D008223,MESH:D008310,MESH:D009369,MESH:D011471,MESH:D012128,MESH:D012131,MESH:D012509,MESH:D015470,MESH:D017563,MESH:D018352,MESH:D019337,MESH:D019636,MESH:D020271,MESH:D029424,MESH:D055370,MESH:D064420
35199310	MESH:C000657245,MESH:D001007,MESH:D001289
34729818	MESH:C000657245,MESH:D000079225,MESH:D003643,MESH:D007239,MESH:D019964,MESH:D040921
34389829	MESH:C000657245
34886558	MESH:C000657245,MESH:D001007,MESH:D010146
34542438	MESH:C000657245,MESH:D000079225,MESH:D000275,MESH:D001007,MESH:D001523,MESH:D002908,MESH:D003141,MESH:D007239,MESH:D045169
34991778	MESH:C000657245,MESH:D001281,MESH:D003141,MESH:D007239
33637290	MESH:C000657245,MESH:D000079225,MESH:D001007,MESH:D007239,MESH:D007319
34107137	MESH:C000657245,MESH:D007249,MESH:D008775
34703462	MESH:C000657245,MESH:D002241,MESH:D003643,MESH:D007239,MESH:D009765,MESH:D049310
33650676	MESH:C000657245
33912196	MESH:C000657245,MESH:D001102,MESH:D003141,MESH:D003643,MESH:D004342,MESH:D005334,MESH:D006509,MESH:D007239,MESH:D008055,MESH:D009369,MESH:D011392,MESH:D012141,MESH:D018352
34841422	MESH:C000657245,MESH:D003371,MESH:D004417,MESH:D005334,MESH:D007239,MESH:D010100,MESH:D011014,MESH:D011020
34716614	MESH:C000657245,MESH:D007239
33922354	MESH:C000657245,MESH:D002244,MESH:D003643,MESH:D007239,MESH:D011014,MESH:D018352
34073591	MESH:C000657245,MESH:C536439,MESH:D000450,MESH:D001102,MESH:D001281,MESH:D002318,MESH:D003371,MESH:D003643,MESH:D003704,MESH:D003924,MESH:D004417,MESH:D004801,MESH:D005334,MESH:D006333,MESH:D006416,MESH:D006965,MESH:D006973,MESH:D007239,MESH:D007249,MESH:D008171,MESH:D008175,MESH:D009369,MESH:D009538,MESH:D009841,MESH:D011014,MESH:D012128,MESH:D012131,MESH:D012141,MESH:D013927,MESH:D014657,MESH:D016638,MESH:D018352,MESH:D019966,MESH:D020144,MESH:D029424,MESH:D045169,MESH:D055370,MESH:D055371,MESH:D057049,MESH:D057772
32425288	MESH:D003924,MESH:D006973
32385648	MESH:C000657245,MESH:D001424,MESH:D002318,MESH:D002908,MESH:D003371,MESH:D003643,MESH:D003920,MESH:D004417,MESH:D005221,MESH:D005334,MESH:D006973,MESH:D007239,MESH:D007674,MESH:D008171,MESH:D009102,MESH:D009202,MESH:D009584,MESH:D011014,MESH:D011024,MESH:D011654,MESH:D012128,MESH:D012131,MESH:D012141,MESH:D012769,MESH:D012818,MESH:D014508,MESH:D018352,MESH:D018450
32745596	MESH:C000606551,MESH:C000657245,MESH:C558899,MESH:D000900,MESH:D001102,MESH:D001424,MESH:D002443,MESH:D003371,MESH:D003428,MESH:D003643,MESH:D003920,MESH:D004417,MESH:D006331,MESH:D006973,MESH:D007239,MESH:D008171,MESH:D009181,MESH:D009369,MESH:D010608,MESH:D011014,MESH:D012128,MESH:D012141,MESH:D012818,MESH:D014552,MESH:D014777,MESH:D016638,MESH:D018352,MESH:D018805,MESH:D051436,MESH:D055370,MESH:D060085
34939428	MESH:C000657245,MESH:C538614,MESH:D003643,MESH:D003680,MESH:D004067,MESH:D006620,MESH:D007239,MESH:D008171,MESH:D009369,MESH:D009422,MESH:D009461,MESH:D011014,MESH:D012131,MESH:D012834,MESH:D014947
33627160	MESH:C000657245,MESH:D000860,MESH:D002318,MESH:D003404,MESH:D003643,MESH:D003920,MESH:D004487,MESH:D005355,MESH:D005776,MESH:D006965,MESH:D006973,MESH:D007022,MESH:D007239,MESH:D007676,MESH:D008171,MESH:D009336,MESH:D011014,MESH:D011024,MESH:D012128,MESH:D012131,MESH:D016638,MESH:D016751,MESH:D018805,MESH:D019851,MESH:D054537,MESH:D055370,MESH:D055371,MESH:D060085
35013628	MESH:C000657245,MESH:D005921,MESH:D006323,MESH:D006330,MESH:D007239,MESH:D014786,MESH:D059787
35370005	MESH:C000657245,MESH:D006859,MESH:D007239,MESH:D009127,MESH:D012120,MESH:D012640,MESH:D014867,MESH:D018352,MESH:D019636
32476155	MESH:C000657245,MESH:D010051,MESH:D011024,MESH:D018352
33930189	MESH:C000657245,MESH:D007249
32395567	MESH:C000657245,MESH:D001102,MESH:D002637,MESH:D003141,MESH:D003324,MESH:D003371,MESH:D003428,MESH:D003643,MESH:D003711,MESH:D003967,MESH:D004417,MESH:D004487,MESH:D005221,MESH:D005334,MESH:D006261,MESH:D006333,MESH:D006469,MESH:D006470,MESH:D007239,MESH:D007249,MESH:D008171,MESH:D008206,MESH:D009205,MESH:D010996,MESH:D011014,MESH:D011654,MESH:D011655,MESH:D012128,MESH:D012131,MESH:D012140,MESH:D012141,MESH:D014867,MESH:D015047,MESH:D016638,MESH:D018352,MESH:D018754,MESH:D045169,MESH:D055370,MESH:D060825,MESH:D063806
33908152	MESH:C000657245,MESH:D000857,MESH:D005221,MESH:D007239
32761914	MESH:C000657245,MESH:D000860,MESH:D002493,MESH:D002494
34212127	MESH:C000657245,MESH:C535742,MESH:D001766,MESH:D002386,MESH:D003231,MESH:D003920,MESH:D005901,MESH:D006973,MESH:D008268,MESH:D012164,MESH:D014786,MESH:D016638
34393592	MESH:C000657245
32839921	MESH:C000657245,MESH:C536227,MESH:D000070642,MESH:D000860,MESH:D001102,MESH:D001145,MESH:D001778,MESH:D001855,MESH:D001929,MESH:D001930,MESH:D002241,MESH:D002303,MESH:D002311,MESH:D002318,MESH:D002543,MESH:D002544,MESH:D002545,MESH:D002637,MESH:D003072,MESH:D003141,MESH:D003324,MESH:D003643,MESH:D003920,MESH:D004342,MESH:D005355,MESH:D005767,MESH:D006086,MESH:D006331,MESH:D006333,MESH:D006470,MESH:D007022,MESH:D007238,MESH:D007239,MESH:D007249,MESH:D007511,MESH:D007674,MESH:D008055,MESH:D008070,MESH:D008171,MESH:D008545,MESH:D009101,MESH:D009102,MESH:D009135,MESH:D009140,MESH:D009203,MESH:D009369,MESH:D009422,MESH:D009461,MESH:D009503,MESH:D009569,MESH:D010003,MESH:D010146,MESH:D010455,MESH:D010996,MESH:D011014,MESH:D012120,MESH:D012128,MESH:D012131,MESH:D012421,MESH:D012640,MESH:D012772,MESH:D012871,MESH:D013256,MESH:D013923,MESH:D014456,MESH:D014693,MESH:D014947,MESH:D016638,MESH:D016920,MESH:D017093,MESH:D018487,MESH:D018805,MESH:D019636,MESH:D020271,MESH:D020521,MESH:D034721,MESH:D050723,MESH:D055370,MESH:D064420
34845183	MESH:C000606551,MESH:C000657245,MESH:C540383,MESH:D001241,MESH:D001778,MESH:D001943,MESH:D003643,MESH:D003920,MESH:D006470,MESH:D006495,MESH:D006949,MESH:D006973,MESH:D008103,MESH:D008175,MESH:D009203,MESH:D009369,MESH:D009765,MESH:D011014,MESH:D011655,MESH:D012131,MESH:D013256,MESH:D013274,MESH:D013921,MESH:D013927,MESH:D015179,MESH:D018805,MESH:D020246,MESH:D051436,MESH:D054556
33542677	MESH:C000657245,MESH:D001102,MESH:D001249,MESH:D003643,MESH:D007239,MESH:D009369,MESH:D010243,MESH:D018352,MESH:D019808
35448162	MESH:C000606551,MESH:C000657245,MESH:C502936,MESH:D000077731,MESH:D000740,MESH:D000860,MESH:D001068,MESH:D003371,MESH:D003643,MESH:D003907,MESH:D003920,MESH:D004417,MESH:D005334,MESH:D006402,MESH:D006816,MESH:D006973,MESH:D007153,MESH:D007239,MESH:D007938,MESH:D007964,MESH:D008223,MESH:D008231,MESH:D009101,MESH:D009190,MESH:D009203,MESH:D009205,MESH:D009369,MESH:D009765,MESH:D010100,MESH:D010243,MESH:D010996,MESH:D011014,MESH:D012080,MESH:D012128,MESH:D012818,MESH:D013256,MESH:D013921,MESH:D014527,MESH:D015431,MESH:D015451,MESH:D015470,MESH:D016393,MESH:D018352,MESH:D019337,MESH:D020521,MESH:D051436,MESH:D058186,MESH:D059246,MESH:D060085
35496681	MESH:C000657245,MESH:D001007,MESH:D003072,MESH:D005221
32420955	MESH:C000657245,MESH:D003141,MESH:D003371,MESH:D003424,MESH:D003967,MESH:D004417,MESH:D005334,MESH:D007239,MESH:D010608,MESH:D011014,MESH:D011024,MESH:D012140,MESH:D014839,MESH:D018352
32833711	MESH:C000657245,MESH:D011024,MESH:D018352
34976499	MESH:C000657245,MESH:D003643,MESH:D003920,MESH:D004673,MESH:D006973,MESH:D007239,MESH:D007249,MESH:D009369,MESH:D009765,MESH:D011014,MESH:D012131,MESH:D015047,MESH:D059390
33433382	MESH:C000657245,MESH:D000068376,MESH:D000079225,MESH:D000275,MESH:D001007,MESH:D001523,MESH:D002908,MESH:D003141,MESH:D003643,MESH:D004421,MESH:D005221,MESH:D007239,MESH:D007249,MESH:D009101,MESH:D012120,MESH:D013313,MESH:D014947,MESH:D015658,MESH:D018352,MESH:D040921,MESH:D045169,MESH:D051271
32454066	MESH:C000657245,MESH:D001102,MESH:D001943,MESH:D003110,MESH:D003643,MESH:D003967,MESH:D004492,MESH:D005334,MESH:D005557,MESH:D007239,MESH:D007854,MESH:D009369,MESH:D010232,MESH:D011014,MESH:D012140,MESH:D012817,MESH:D012871,MESH:D014766,MESH:D014867
34430154	MESH:C000606551,MESH:C000657245,MESH:D000275,MESH:D000860,MESH:D001145,MESH:D001241,MESH:D001327,MESH:D002318,MESH:D002637,MESH:D003078,MESH:D003141,MESH:D003371,MESH:D003643,MESH:D003907,MESH:D003924,MESH:D004417,MESH:D005334,MESH:D005921,MESH:D006261,MESH:D006331,MESH:D006333,MESH:D007239,MESH:D007249,MESH:D007511,MESH:D008171,MESH:D008180,MESH:D009173,MESH:D009202,MESH:D009205,MESH:D010490,MESH:D010493,MESH:D010996,MESH:D011014,MESH:D012128,MESH:D012131,MESH:D012818,MESH:D013651,MESH:D016559,MESH:D016638,MESH:D018805,MESH:D019851,MESH:D055370,MESH:D058186,MESH:D059787,MESH:D063806,MESH:D064420
33626155	MESH:C000657245,MESH:D000079225,MESH:D002908,MESH:D003324,MESH:D003643,MESH:D003920,MESH:D007239
34183871	MESH:C000657245,MESH:D000853,MESH:D001102,MESH:D001424,MESH:D002245,MESH:D003643,MESH:D005557,MESH:D007239,MESH:D007854,MESH:D008751,MESH:D009369,MESH:D009841,MESH:D010406,MESH:D013307,MESH:D017382,MESH:D017830,MESH:D018352,MESH:D064420
34475334	MESH:C000657245,MESH:D002544,MESH:D003643,MESH:D006333,MESH:D007239,MESH:D013927
32418675	MESH:C000657245,MESH:D001102,MESH:D001523,MESH:D002280,MESH:D002294,MESH:D007239,MESH:D009369,MESH:D011024,MESH:D012878,MESH:D013256,MESH:D018352
33778564	MESH:C000657245,MESH:D003371,MESH:D003404,MESH:D005334,MESH:D007239,MESH:D008171,MESH:D008206,MESH:D008231,MESH:D010608,MESH:D010996,MESH:D011014,MESH:D012120,MESH:D012141,MESH:D018352,MESH:D045169
35538060	MESH:C000657245,MESH:D000014,MESH:D002543,MESH:D002586,MESH:D003643,MESH:D003920,MESH:D006470,MESH:D006973,MESH:D007239,MESH:D009205,MESH:D010649,MESH:D011655,MESH:D012851,MESH:D013921,MESH:D013927,MESH:D050497,MESH:D059390
32278619	MESH:C000657245,MESH:D001102,MESH:D002493,MESH:D003643,MESH:D005334,MESH:D007238,MESH:D007239,MESH:D011024,MESH:D011251,MESH:D018352,MESH:D045169
35079695	MESH:C000657245,MESH:D001281,MESH:D002544,MESH:D003920,MESH:D006949,MESH:D006973,MESH:D020521
35197179	MESH:C000657245,MESH:D000163,MESH:D003141,MESH:D003643,MESH:D014376,MESH:D015658
35036208	MESH:C000657245,MESH:D000067390,MESH:D000855,MESH:D001327,MESH:D001943,MESH:D002637,MESH:D003371,MESH:D003643,MESH:D004417,MESH:D005334,MESH:D006816,MESH:D007239,MESH:D008171,MESH:D008175,MESH:D009369,MESH:D010100,MESH:D011655,MESH:D012128,MESH:D013610,MESH:D014376,MESH:D015431,MESH:D018805,MESH:D020246,MESH:D056486
34101903	MESH:C000657245
33651340	MESH:C000657245,MESH:D000067073,MESH:D000079225,MESH:D000275,MESH:D001168,MESH:D001416,MESH:D003324,MESH:D003920,MESH:D006333,MESH:D007239,MESH:D008171,MESH:D009140,MESH:D010146,MESH:D019636
33634042	MESH:C000657245,MESH:D001249,MESH:D003643,MESH:D003920,MESH:D006973,MESH:D007239,MESH:D007589,MESH:D012120,MESH:D018352,MESH:D045169
32294078	MESH:C000657245,MESH:D000079225,MESH:D000275,MESH:D001007,MESH:D001102,MESH:D001523,MESH:D002908,MESH:D003141,MESH:D003643,MESH:D005221,MESH:D007029,MESH:D007239,MESH:D007319,MESH:D009422,MESH:D011014,MESH:D011024,MESH:D012893,MESH:D015658,MESH:D018352,MESH:D045169
32343408	MESH:C000657245,MESH:C537501,MESH:D001102,MESH:D001424,MESH:D002104,MESH:D003141,MESH:D003371,MESH:D003643,MESH:D003967,MESH:D005076,MESH:D005597,MESH:D007239,MESH:D009207,MESH:D009223,MESH:D011024,MESH:D011537,MESH:D012140,MESH:D012141,MESH:D012871,MESH:D013746,MESH:D014777,MESH:D014867,MESH:D018352
34031119	MESH:C000657245,MESH:D000860,MESH:D001102,MESH:D001281,MESH:D002318,MESH:D003324,MESH:D003643,MESH:D003920,MESH:D006333,MESH:D006973,MESH:D006976,MESH:D007239,MESH:D007674,MESH:D008171,MESH:D009102,MESH:D009202,MESH:D009203,MESH:D009461,MESH:D010100,MESH:D011655,MESH:D014693,MESH:D016638,MESH:D017114,MESH:D018352,MESH:D018487,MESH:D020257,MESH:D020521,MESH:D055370
32367484	MESH:C000657245,MESH:D003141,MESH:D007239,MESH:D011024,MESH:D014947,MESH:D015658,MESH:D018352,MESH:D020018,MESH:D045169
32484943	MESH:C000657245,MESH:D011024,MESH:D018352
34589743	MESH:C000657245,MESH:C536439,MESH:D000079225,MESH:D000275,MESH:D001007,MESH:D001168,MESH:D001172,MESH:D001289,MESH:D001327,MESH:D001523,MESH:D001766,MESH:D001930,MESH:D001943,MESH:D002104,MESH:D002318,MESH:D002545,MESH:D002908,MESH:D003072,MESH:D003324,MESH:D003643,MESH:D003704,MESH:D003920,MESH:D004421,MESH:D004827,MESH:D005221,MESH:D006854,MESH:D006987,MESH:D007029,MESH:D007239,MESH:D007249,MESH:D008687,MESH:D008727,MESH:D009069,MESH:D009336,MESH:D009369,MESH:D009422,MESH:D009437,MESH:D009461,MESH:D009765,MESH:D010100,MESH:D010146,MESH:D010243,MESH:D010300,MESH:D011596,MESH:D012559,MESH:D012640,MESH:D013927,MESH:D014202,MESH:D014786,MESH:D014947,MESH:D015658,MESH:D018805,MESH:D018908,MESH:D019636,MESH:D019965,MESH:D020018,MESH:D020246,MESH:D020521,MESH:D029424,MESH:D043183,MESH:D051271
35507290	MESH:C000657245,MESH:D000275,MESH:D001102,MESH:D002318,MESH:D002637,MESH:D003078,MESH:D003371,MESH:D003643,MESH:D003907,MESH:D005334,MESH:D006331,MESH:D006333,MESH:D006816,MESH:D007052,MESH:D007249,MESH:D007674,MESH:D007676,MESH:D009203,MESH:D009205,MESH:D010100,MESH:D010146,MESH:D010195,MESH:D010490,MESH:D010493,MESH:D011014,MESH:D012128,MESH:D012131,MESH:D012818,MESH:D014947,MESH:D018352,MESH:D020031,MESH:D051436,MESH:D054058,MESH:D054549
35135773	MESH:C000657245,MESH:C502936,MESH:C535882,MESH:D000860,MESH:D001249,MESH:D001281,MESH:D002318,MESH:D003324,MESH:D003371,MESH:D003404,MESH:D003428,MESH:D003643,MESH:D003907,MESH:D003920,MESH:D005334,MESH:D005947,MESH:D006333,MESH:D006527,MESH:D006973,MESH:D007022,MESH:D007239,MESH:D007511,MESH:D007674,MESH:D008107,MESH:D009369,MESH:D009765,MESH:D010100,MESH:D011658,MESH:D012131,MESH:D012140,MESH:D013256,MESH:D013667,MESH:D014508,MESH:D015658,MESH:D018980,MESH:D020521,MESH:D029424,MESH:D050197,MESH:D051436,MESH:D058729
33071434	MESH:C000657245,MESH:D000275,MESH:D000438,MESH:D002318,MESH:D003141,MESH:D003371,MESH:D003920,MESH:D006509,MESH:D007239,MESH:D008569,MESH:D009369,MESH:D012140,MESH:D012769,MESH:D018352,MESH:D029424,MESH:D051436
34594688	MESH:C000657245,MESH:D007239
33479805	MESH:C000657245,MESH:D000079225,MESH:D000275,MESH:D000544,MESH:D001523,MESH:D001714,MESH:D003643,MESH:D003920,MESH:D006973,MESH:D007174,MESH:D012140,MESH:D014786,MESH:D018352,MESH:D020018,MESH:D020271
35111874	MESH:C000657245,MESH:D000208,MESH:D001102,MESH:D001249,MESH:D001991,MESH:D003141,MESH:D003371,MESH:D005221,MESH:D005334,MESH:D012131,MESH:D012141,MESH:D012220,MESH:D012818,MESH:D018942
33231569	MESH:C000657245,MESH:C538614,MESH:D000230,MESH:D001102,MESH:D001749,MESH:D001943,MESH:D002294,MESH:D003110,MESH:D003643,MESH:D006528,MESH:D007239,MESH:D008175,MESH:D008545,MESH:D009362,MESH:D009369,MESH:D010190,MESH:D012509,MESH:D015179,MESH:D015470,MESH:D019337
34634404	MESH:C000657245,MESH:D000431,MESH:D000438,MESH:D000853,MESH:D002710,MESH:D002713,MESH:D003141,MESH:D003300,MESH:D003371,MESH:D003643,MESH:D004417,MESH:D005334,MESH:D005483,MESH:D006861,MESH:D006973,MESH:D007239,MESH:D008055,MESH:D011014,MESH:D011126,MESH:D012141,MESH:D012817,MESH:D014867,MESH:D015212,MESH:D018352
32328576	MESH:C000657245,MESH:D000067390,MESH:D000860,MESH:D001102,MESH:D001205,MESH:D001424,MESH:D003643,MESH:D006854,MESH:D007249,MESH:D008171,MESH:D009102,MESH:D009369,MESH:D009584,MESH:D012120,MESH:D012128,MESH:D012140,MESH:D012141,MESH:D012772,MESH:D014947,MESH:D016638,MESH:D018805,MESH:D028361,MESH:D055370,MESH:D055371
35434696	MESH:C000657245,MESH:D001663,MESH:D003371,MESH:D003404,MESH:D003643,MESH:D003920,MESH:D003924,MESH:D004417,MESH:D005334,MESH:D006261,MESH:D006331,MESH:D006973,MESH:D007964,MESH:D008231,MESH:D010100,MESH:D010300,MESH:D015431,MESH:D016638,MESH:D029424,MESH:D051271,MESH:D051436,MESH:D060085,MESH:D063806
32692733	MESH:C000657245,MESH:D000077731,MESH:D000438,MESH:D001379,MESH:D001523,MESH:D002118,MESH:D002318,MESH:D002443,MESH:D002908,MESH:D003141,MESH:D003371,MESH:D003643,MESH:D003920,MESH:D005334,MESH:D005767,MESH:D005947,MESH:D006886,MESH:D006973,MESH:D007239,MESH:D007249,MESH:D008107,MESH:D008171,MESH:D008775,MESH:D009325,MESH:D009336,MESH:D009369,MESH:D009584,MESH:D010024,MESH:D010100,MESH:D010146,MESH:D010190,MESH:D010195,MESH:D011014,MESH:D011024,MESH:D011241,MESH:D011605,MESH:D012128,MESH:D012216,MESH:D013256,MESH:D014280,MESH:D014508,MESH:D015746,MESH:D016638,MESH:D018352,MESH:D045169,MESH:D055370
34394297	MESH:C000657245,MESH:D000275,MESH:D001007,MESH:D002318,MESH:D002908,MESH:D003141,MESH:D003371,MESH:D003643,MESH:D003920,MESH:D004417,MESH:D005334,MESH:D005947,MESH:D006973,MESH:D007239,MESH:D007249,MESH:D008659,MESH:D009135,MESH:D009336,MESH:D009369,MESH:D009461,MESH:D009569,MESH:D009765,MESH:D010003,MESH:D011014,MESH:D012140,MESH:D012141,MESH:D012640,MESH:D016207,MESH:D018352,MESH:D029424,MESH:D045169
34757734	MESH:C000657245
32463534	MESH:C000657245,MESH:D006333,MESH:D011024,MESH:D018352
33448086	MESH:C000657245
33363552	MESH:C000657245,MESH:D000073893,MESH:D000225,MESH:D000241,MESH:D001102,MESH:D001120,MESH:D001464,MESH:D002244,MESH:D002493,MESH:D003596,MESH:D004660,MESH:D005419,MESH:D007239,MESH:D007930,MESH:D008670,MESH:D012492,MESH:D014867,MESH:D059350,MESH:D059808,MESH:D064420
32354565	MESH:C000657245,MESH:C535395,MESH:D003643,MESH:D005862,MESH:D007239,MESH:D018352,MESH:D049310
34107113	MESH:C000657245,MESH:D016207
35151081	MESH:C000657245,MESH:D002289,MESH:D006851,MESH:D007239,MESH:D009369,MESH:D009841,MESH:D011014,MESH:D012965,MESH:D014867,MESH:D017830,MESH:D030342
33244583	MESH:C000657245,MESH:D001102,MESH:D007239,MESH:D012140
35132343	MESH:C000657245,MESH:D003643
33527783	MESH:C000657245,MESH:D000070642,MESH:D007239,MESH:D008175,MESH:D011014,MESH:D015179,MESH:D054556,MESH:D062787
32311499	MESH:C000657245,MESH:D000230,MESH:D002289,MESH:D007239,MESH:D008175,MESH:D009369,MESH:D011014,MESH:D011024,MESH:D016638,MESH:D018352
35366438	MESH:C000657245,MESH:D003643,MESH:D007239,MESH:D012131
32776524	MESH:C000657245,MESH:D000275
32406952	MESH:C000657245,MESH:D003643,MESH:D008107,MESH:D008231,MESH:D034141
32421878	MESH:C000657245,MESH:D012871
32429009	MESH:C000657245,MESH:D000402,MESH:D000857,MESH:D003371,MESH:D005334,MESH:D006470,MESH:D007239,MESH:D008107,MESH:D009369,MESH:D010608,MESH:D011014,MESH:D011027,MESH:D012140,MESH:D012141,MESH:D015179
34145263	MESH:C000606551,MESH:C000657245,MESH:C003043,MESH:C016679,MESH:C558899,MESH:D000077559,MESH:D001102,MESH:D003141,MESH:D003371,MESH:D003404,MESH:D003428,MESH:D003643,MESH:D003920,MESH:D003967,MESH:D004342,MESH:D004417,MESH:D005334,MESH:D006816,MESH:D006851,MESH:D007239,MESH:D007251,MESH:D007674,MESH:D008171,MESH:D008569,MESH:D009765,MESH:D010406,MESH:D011014,MESH:D011136,MESH:D011392,MESH:D012128,MESH:D012140,MESH:D012141,MESH:D012685,MESH:D012818,MESH:D012967,MESH:D013307,MESH:D014867,MESH:D015047,MESH:D017830,MESH:D018352,MESH:D018698,MESH:D060085,MESH:D063806,MESH:D064420
32776538	MESH:C000657245,MESH:D006461,MESH:D013921
32078069	MESH:C000606551,MESH:C000657245,MESH:C558899,MESH:D000138,MESH:D000275,MESH:D001007,MESH:D001778,MESH:D003141,MESH:D003371,MESH:D003428,MESH:D003643,MESH:D003967,MESH:D004417,MESH:D005334,MESH:D006261,MESH:D007239,MESH:D010100,MESH:D011014,MESH:D012128,MESH:D012140,MESH:D012141,MESH:D012772,MESH:D012818,MESH:D016638,MESH:D018352,MESH:D018908,MESH:D019438,MESH:D020271,MESH:D045169,MESH:D055370,MESH:D061466,MESH:D063806
32590691	MESH:C000657245,MESH:D001249,MESH:D003903,MESH:D007239,MESH:D007249,MESH:D008070,MESH:D008751,MESH:D010195,MESH:D011014,MESH:D012141,MESH:D012772
34012470	MESH:C000657245,MESH:D000438,MESH:D003643,MESH:D006261,MESH:D007239,MESH:D012640,MESH:D014867,MESH:D058540
34730436	MESH:C000657245,MESH:D000438,MESH:D001068,MESH:D003141,MESH:D003371,MESH:D003643,MESH:D003967,MESH:D004417,MESH:D005334,MESH:D006261,MESH:D007239,MESH:D011014,MESH:D014867,MESH:D018352,MESH:D063806
35224217	MESH:C000657245,MESH:D002637,MESH:D002908,MESH:D003141,MESH:D003643,MESH:D003967,MESH:D005334,MESH:D006509,MESH:D007239,MESH:D008581,MESH:D011008,MESH:D012409,MESH:D013746,MESH:D017180,MESH:D018352,MESH:D058729
34667785	MESH:C000657245,MESH:D000787,MESH:D000855,MESH:D001145,MESH:D001321,MESH:D001943,MESH:D003141,MESH:D003324,MESH:D003371,MESH:D003643,MESH:D003920,MESH:D003967,MESH:D004244,MESH:D004417,MESH:D005221,MESH:D005234,MESH:D005334,MESH:D006261,MESH:D006323,MESH:D006331,MESH:D006973,MESH:D007239,MESH:D007859,MESH:D009325,MESH:D009369,MESH:D009765,MESH:D010100,MESH:D010146,MESH:D011014,MESH:D011030,MESH:D012128,MESH:D012140,MESH:D012141,MESH:D014839,MESH:D014867,MESH:D015047,MESH:D015746,MESH:D016638,MESH:D017093,MESH:D018352,MESH:D063806
34912863	MESH:C000657245,MESH:D000071079,MESH:D001102,MESH:D001172,MESH:D001327,MESH:D002318,MESH:D003324,MESH:D003643,MESH:D003920,MESH:D004417,MESH:D006331,MESH:D006333,MESH:D006973,MESH:D006976,MESH:D007022,MESH:D007239,MESH:D007501,MESH:D008171,MESH:D009102,MESH:D009202,MESH:D009205,MESH:D009461,MESH:D010100,MESH:D010490,MESH:D010493,MESH:D011014,MESH:D011125,MESH:D011392,MESH:D012128,MESH:D017566,MESH:D018376,MESH:D018487,MESH:D020257,MESH:D054549,MESH:D056486
32200654	MESH:C000657245,MESH:C558899,MESH:D000077266,MESH:D000077731,MESH:D003371,MESH:D003643,MESH:D003920,MESH:D004417,MESH:D005334,MESH:D007153,MESH:D007239,MESH:D008775,MESH:D010608,MESH:D011024,MESH:D014376,MESH:D014640,MESH:D018352,MESH:D045169,MESH:D053139
34281002	MESH:C000657245,MESH:D000070642,MESH:D000275,MESH:D001247,MESH:D001523,MESH:D001930,MESH:D003128,MESH:D003141,MESH:D003244,MESH:D003371,MESH:D003643,MESH:D003920,MESH:D003967,MESH:D004417,MESH:D006261,MESH:D006333,MESH:D006470,MESH:D006973,MESH:D007239,MESH:D009369,MESH:D009422,MESH:D010146,MESH:D010608,MESH:D014839,MESH:D014947,MESH:D018352,MESH:D051436,MESH:D063806
35353955	MESH:C000657245,MESH:D000079225,MESH:D000275,MESH:D001007,MESH:D001523,MESH:D002908,MESH:D003141,MESH:D003324,MESH:D003643,MESH:D003920,MESH:D004827,MESH:D006973,MESH:D007239,MESH:D008691,MESH:D010698,MESH:D012640,MESH:D014786,MESH:D019964
35327811	MESH:C000657245,MESH:C535395,MESH:D000079225,MESH:D000275,MESH:D001007,MESH:D003643,MESH:D003903,MESH:D007239,MESH:D014947,MESH:D049310
33621654	MESH:C000657245,MESH:D003401,MESH:D003920,MESH:D006973,MESH:D007239,MESH:D007676,MESH:D008107,MESH:D008231,MESH:D009369,MESH:D010455,MESH:D012891,MESH:D018805,MESH:D020246,MESH:D050171,MESH:D054556
35127890	MESH:C000657245,MESH:D003643,MESH:D007239,MESH:D008881,MESH:D009461
33551798	MESH:C000657245,MESH:D000069285,MESH:D001172,MESH:D003424,MESH:D003643,MESH:D007239,MESH:D007249,MESH:D008727,MESH:D011014,MESH:D012128,MESH:D012140,MESH:D012141,MESH:D012216,MESH:D013256,MESH:D015212
35535411	MESH:C000657245,MESH:D000068376,MESH:D012893,MESH:D014947,MESH:D040921
35294728	MESH:C000657245,MESH:D000275,MESH:D001007,MESH:D001523,MESH:D002637,MESH:D002908,MESH:D003248,MESH:D003371,MESH:D003643,MESH:D003920,MESH:D003967,MESH:D004417,MESH:D005221,MESH:D005355,MESH:D006261,MESH:D006331,MESH:D006973,MESH:D007239,MESH:D007319,MESH:D008171,MESH:D008569,MESH:D010100,MESH:D010146,MESH:D012818,MESH:D013313,MESH:D040921,MESH:D050171,MESH:D051271,MESH:D059390,MESH:D063806
32954595	MESH:C000657245,MESH:D001068,MESH:D009765
34200791	MESH:C000657245,MESH:D000079225,MESH:D000275,MESH:D001007,MESH:D001102,MESH:D001249,MESH:D002318,MESH:D003072,MESH:D003110,MESH:D003141,MESH:D003643,MESH:D003920,MESH:D003924,MESH:D004417,MESH:D004646,MESH:D005221,MESH:D005334,MESH:D005355,MESH:D005978,MESH:D006331,MESH:D006973,MESH:D006976,MESH:D007154,MESH:D007239,MESH:D007249,MESH:D008055,MESH:D008107,MESH:D009102,MESH:D009135,MESH:D009369,MESH:D010024,MESH:D010146,MESH:D011014,MESH:D012120,MESH:D012128,MESH:D012141,MESH:D012640,MESH:D012772,MESH:D016207,MESH:D016638,MESH:D017382,MESH:D018352,MESH:D018805,MESH:D020521,MESH:D024821,MESH:D029424,MESH:D055370
34697001	MESH:C000656865,MESH:C000657245,MESH:C536767,MESH:D000067390,MESH:D001249,MESH:D001424,MESH:D003141,MESH:D003643,MESH:D005759,MESH:D007239,MESH:D008310,MESH:D011014,MESH:D012140,MESH:D012141,MESH:D014552,MESH:D018352,MESH:D051271,MESH:D060085
34383756	MESH:C000657245,MESH:D003643,MESH:D007239
32784414	MESH:C000657245,MESH:D000362,MESH:D001007,MESH:D001102,MESH:D002241,MESH:D002244,MESH:D002245,MESH:D002713,MESH:D003141,MESH:D003371,MESH:D003428,MESH:D003643,MESH:D006509,MESH:D006861,MESH:D007239,MESH:D008055,MESH:D008628,MESH:D008670,MESH:D009798,MESH:D010100,MESH:D010126,MESH:D011024,MESH:D012120,MESH:D012400,MESH:D012834,MESH:D012871,MESH:D014867,MESH:D015047,MESH:D018352,MESH:D045169,MESH:D064420
34908708	MESH:C000657245,MESH:D000079225,MESH:D000275,MESH:D001007,MESH:D003643,MESH:D010146,MESH:D011014,MESH:D012163,MESH:D012967,MESH:D018908
32759252	MESH:C000657245,MESH:C558899,MESH:D003141,MESH:D003371,MESH:D003643,MESH:D005334,MESH:D007239,MESH:D009202,MESH:D009223,MESH:D011014,MESH:D011024,MESH:D012128,MESH:D012140,MESH:D018352,MESH:D060085,MESH:D061466
32239515	MESH:C000657245,MESH:D018352
33315061	MESH:D003643,MESH:D007239
33595076	MESH:C000657245
35378801	MESH:C000657245,MESH:D001007,MESH:D006331,MESH:D007239,MESH:D010146
34988861	MESH:C000657245,MESH:D001007,MESH:D001172,MESH:D001943,MESH:D007239,MESH:D007501,MESH:D009369,MESH:D010146,MESH:D015179,MESH:D054549
35399336	MESH:C000657245,MESH:C535733,MESH:D007239,MESH:D012140,MESH:D034721
35052240	MESH:C000657245,MESH:D000275,MESH:D000438,MESH:D003141,MESH:D003371,MESH:D003428,MESH:D003643,MESH:D007239,MESH:D010100,MESH:D012128,MESH:D012769,MESH:D014839,MESH:D014867,MESH:D018352
35165656	MESH:C000657245
33668405	MESH:C000657245,MESH:C003043,MESH:C007293,MESH:C536395,MESH:D001102,MESH:D002244,MESH:D003141,MESH:D003643,MESH:D003920,MESH:D003967,MESH:D007153,MESH:D007239,MESH:D007249,MESH:D008070,MESH:D009369,MESH:D010126,MESH:D011014,MESH:D012140,MESH:D012141,MESH:D012685,MESH:D015047,MESH:D015658,MESH:D016207,MESH:D017830,MESH:D018352,MESH:D045169,MESH:D050197
35586079	MESH:C000657245,MESH:D000438,MESH:D001007,MESH:D001102,MESH:D001205,MESH:D001523,MESH:D002908,MESH:D003371,MESH:D003643,MESH:D007239,MESH:D010698,MESH:D011014,MESH:D012141,MESH:D012492,MESH:D012640,MESH:D012965,MESH:D014867,MESH:D014987,MESH:D018352
34072087	MESH:C000606551,MESH:C000657245,MESH:D000998,MESH:D001102,MESH:D001778,MESH:D001930,MESH:D001943,MESH:D002244,MESH:D002245,MESH:D002318,MESH:D002544,MESH:D002908,MESH:D003643,MESH:D004121,MESH:D005840,MESH:D005947,MESH:D005973,MESH:D006025,MESH:D006493,MESH:D006497,MESH:D006639,MESH:D006859,MESH:D007239,MESH:D007854,MESH:D009369,MESH:D009461,MESH:D010100,MESH:D011136,MESH:D012965,MESH:D013455,MESH:D013725,MESH:D013923,MESH:D015658,MESH:D017180,MESH:D053139,MESH:D059808,MESH:D064420
32343658	MESH:C000606551,MESH:C000657245,MESH:C086979,MESH:C462182,MESH:C558899,MESH:D000082,MESH:D000309,MESH:D000998,MESH:D001102,MESH:D001172,MESH:D002738,MESH:D002908,MESH:D003371,MESH:D003643,MESH:D003967,MESH:D004660,MESH:D005334,MESH:D006509,MESH:D006886,MESH:D007052,MESH:D007239,MESH:D008288,MESH:D009135,MESH:D009705,MESH:D010100,MESH:D010195,MESH:D011014,MESH:D011024,MESH:D012120,MESH:D012131,MESH:D012141,MESH:D012254,MESH:D012694,MESH:D014640,MESH:D014839,MESH:D015047,MESH:D015658,MESH:D016920,MESH:D017093,MESH:D018352,MESH:D019142,MESH:D019438,MESH:D019698,MESH:D045169,MESH:D053139,MESH:D061466,MESH:D064420
34280115	MESH:C000657245,MESH:D001068,MESH:D003141,MESH:D003371,MESH:D003643,MESH:D003920,MESH:D003967,MESH:D005334,MESH:D005597,MESH:D006261,MESH:D006509,MESH:D006973,MESH:D007153,MESH:D007154,MESH:D007239,MESH:D008107,MESH:D008581,MESH:D009369,MESH:D011014,MESH:D014612,MESH:D014839,MESH:D030361,MESH:D048909,MESH:D056486,MESH:D063806
35601571	MESH:C000657245,MESH:D000860,MESH:D001778,MESH:D003643,MESH:D006470,MESH:D006493,MESH:D006495,MESH:D011655,MESH:D012128,MESH:D012141,MESH:D013923,MESH:D013927,MESH:D016638,MESH:D017984,MESH:D020246,MESH:D054556,MESH:D058186
32339218	MESH:C000657245
34568168	MESH:C000657245,MESH:D000079225,MESH:D000275,MESH:D000431,MESH:D000535,MESH:D000855,MESH:D001068,MESH:D001102,MESH:D002318,MESH:D003072,MESH:D003371,MESH:D003643,MESH:D003920,MESH:D004417,MESH:D005221,MESH:D005334,MESH:D006261,MESH:D006973,MESH:D007153,MESH:D007239,MESH:D007589,MESH:D007970,MESH:D008171,MESH:D008231,MESH:D009325,MESH:D009369,MESH:D010608,MESH:D011014,MESH:D012128,MESH:D012131,MESH:D012140,MESH:D012141,MESH:D012973,MESH:D013921,MESH:D014839,MESH:D056587,MESH:D058625,MESH:D063806
35142693	MESH:C000657245,MESH:C003043,MESH:C024865,MESH:C411644,MESH:C540383,MESH:C569686,MESH:D000079225,MESH:D000431,MESH:D001327,MESH:D001930,MESH:D002118,MESH:D002303,MESH:D002493,MESH:D003092,MESH:D003643,MESH:D003711,MESH:D004801,MESH:D005355,MESH:D006333,MESH:D006371,MESH:D006416,MESH:D006973,MESH:D007249,MESH:D007511,MESH:D007649,MESH:D007674,MESH:D008070,MESH:D009103,MESH:D009187,MESH:D009369,MESH:D009410,MESH:D009422,MESH:D009461,MESH:D010232,MESH:D010406,MESH:D012967,MESH:D013307,MESH:D014867,MESH:D016393,MESH:D017830,MESH:D019636,MESH:D051359,MESH:D060085,MESH:D061325
34777896	MESH:C000657245,MESH:D000163,MESH:D000438,MESH:D000588,MESH:D002244,MESH:D004487,MESH:D005483,MESH:D006509,MESH:D007239,MESH:D008055,MESH:D008670,MESH:D009369,MESH:D009841,MESH:D010100,MESH:D010710,MESH:D011014,MESH:D011108,MESH:D011134,MESH:D012822,MESH:D012834,MESH:D014867,MESH:D015658,MESH:D016751,MESH:D018352,MESH:D019142,MESH:D056486,MESH:D064420
34274212	MESH:C000657245,MESH:D003643,MESH:D007239
35078495	MESH:C000657245,MESH:D000860,MESH:D010100,MESH:D011014,MESH:D012131,MESH:D016638
35455356	MESH:C000657245,MESH:D001102,MESH:D001321,MESH:D001327,MESH:D002318,MESH:D002784,MESH:D002908,MESH:D003141,MESH:D003643,MESH:D005334,MESH:D006509,MESH:D007153,MESH:D007239,MESH:D007249,MESH:D008055,MESH:D008569,MESH:D008687,MESH:D009369,MESH:D009461,MESH:D010243,MESH:D011008,MESH:D011014,MESH:D011134,MESH:D012141,MESH:D013746,MESH:D017382,MESH:D018352,MESH:D019636,MESH:D028361
34253291	MESH:C000657245,MESH:D000067390,MESH:D001102,MESH:D001424,MESH:D001464,MESH:D002303,MESH:D003141,MESH:D003643,MESH:D003967,MESH:D004660,MESH:D004673,MESH:D005334,MESH:D005355,MESH:D006509,MESH:D006525,MESH:D006526,MESH:D006528,MESH:D006976,MESH:D007239,MESH:D008103,MESH:D008107,MESH:D008581,MESH:D008589,MESH:D009207,MESH:D009369,MESH:D011008,MESH:D011014,MESH:D011051,MESH:D011134,MESH:D012400,MESH:D012409,MESH:D013725,MESH:D013746,MESH:D014867,MESH:D015047,MESH:D016920,MESH:D017114,MESH:D018177,MESH:D020018,MESH:D030361,MESH:D056486
34649268	MESH:C000657245,MESH:D001102,MESH:D002303,MESH:D003643,MESH:D007239,MESH:D009422,MESH:D012640,MESH:D018352
32671230	MESH:C000657245,MESH:D000079225,MESH:D000275,MESH:D000437,MESH:D000438,MESH:D001007,MESH:D001766,MESH:D003643,MESH:D007239,MESH:D007589,MESH:D012128
34580550	MESH:C000657245,MESH:D003550,MESH:D003643,MESH:D005221,MESH:D005355,MESH:D006333,MESH:D007239,MESH:D008206,MESH:D009369,MESH:D010996,MESH:D011014,MESH:D018352
