33644905	MESH:C000657245,MESH:D003371,MESH:D005334,MESH:D007239,MESH:D010146,MESH:D012128
35358238	MESH:C000657245,MESH:C093415,MESH:D000163,MESH:D000740,MESH:D001145,MESH:D002318,MESH:D003128,MESH:D003371,MESH:D003404,MESH:D003643,MESH:D003907,MESH:D003920,MESH:D004417,MESH:D005334,MESH:D006261,MESH:D006331,MESH:D006973,MESH:D007153,MESH:D007239,MESH:D007964,MESH:D008171,MESH:D008661,MESH:D009102,MESH:D009203,MESH:D009369,MESH:D009422,MESH:D009584,MESH:D009765,MESH:D010100,MESH:D010146,MESH:D011655,MESH:D012128,MESH:D012141,MESH:D012818,MESH:D013927,MESH:D014508,MESH:D015658,MESH:D016638,MESH:D018771,MESH:D018805,MESH:D019344,MESH:D020246,MESH:D051436,MESH:D054556,MESH:D058186,MESH:D063806
34846280	MESH:C000657245,MESH:D003643,MESH:D007239,MESH:D011014
33713112	MESH:C000657245,MESH:D009361,MESH:D015179
34762561	MESH:C000657245,MESH:D000998,MESH:D003643
32389999	MESH:C000657245,MESH:D000079225,MESH:D000275,MESH:D001007,MESH:D001523,MESH:D002318,MESH:D002637,MESH:D003141,MESH:D003643,MESH:D004342,MESH:D005221,MESH:D005334,MESH:D006854,MESH:D006987,MESH:D007239,MESH:D007249,MESH:D007319,MESH:D007674,MESH:D008209,MESH:D008607,MESH:D009771,MESH:D010146,MESH:D010259,MESH:D011024,MESH:D011605,MESH:D011618,MESH:D012892,MESH:D012893,MESH:D013313,MESH:D014947,MESH:D018352,MESH:D019344,MESH:D020182,MESH:D020920,MESH:D040921,MESH:D051271,MESH:D053207
34867122	MESH:C000657245,MESH:D000067073,MESH:D000077595,MESH:D000275,MESH:D001007,MESH:D001523,MESH:D002908,MESH:D003141,MESH:D003643,MESH:D004194,MESH:D004827,MESH:D007239,MESH:D012559,MESH:D012893,MESH:D013313,MESH:D015835,MESH:D018352,MESH:D045169
34161389	MESH:C000657245,MESH:C536013,MESH:D000079225,MESH:D000275,MESH:D001007,MESH:D001102,MESH:D001168,MESH:D001714,MESH:D002908,MESH:D003072,MESH:D003141,MESH:D003643,MESH:D003920,MESH:D006331,MESH:D006937,MESH:D006973,MESH:D007239,MESH:D009369,MESH:D009800,MESH:D012140,MESH:D012559,MESH:D014867,MESH:D018352,MESH:D020521,MESH:D034381,MESH:D051436,MESH:D058540
35584232	MESH:C000657245,MESH:D012722,MESH:D014867
32476305	MESH:C000657245,MESH:D001007,MESH:D001991,MESH:D003141,MESH:D003643,MESH:D003967,MESH:D005873,MESH:D006509,MESH:D007239,MESH:D008581,MESH:D011008,MESH:D011014,MESH:D011024,MESH:D011251,MESH:D012140,MESH:D012141,MESH:D018352,MESH:D019263,MESH:D045169,MESH:D060085
34371224	MESH:C000657245,MESH:D001049,MESH:D003141,MESH:D004244,MESH:D004433,MESH:D006258,MESH:D007239,MESH:D007971,MESH:D007972,MESH:D008310,MESH:D009059,MESH:D009369,MESH:D010031,MESH:D010032,MESH:D010608,MESH:D012220,MESH:D013118,MESH:D014012,MESH:D014717,MESH:D015179,MESH:D034381,MESH:D052016
33167115	MESH:C000657245,MESH:D001007,MESH:D003643,MESH:D007239,MESH:D019966
34903197	MESH:C000657245,MESH:D000275,MESH:D001007,MESH:D001523,MESH:D007805,MESH:D012640,MESH:D017827
35283488	MESH:C000657245,MESH:D011478
34145087	MESH:C000657245,MESH:D009798,MESH:D012141
34465068	MESH:C000657245,MESH:D000275,MESH:D000431,MESH:D000783,MESH:D001007,MESH:D002544,MESH:D002710,MESH:D003643,MESH:D005334,MESH:D006973,MESH:D007239,MESH:D007319,MESH:D011014,MESH:D012140,MESH:D012818,MESH:D012973,MESH:D013901,MESH:D018352,MESH:D020521
32294667	MESH:C000657245,MESH:D000082,MESH:D003072,MESH:D003371,MESH:D007239,MESH:D011024,MESH:D012818,MESH:D018352
35267053	MESH:C000657245,MESH:D000079225,MESH:D000275,MESH:D001007,MESH:D001068,MESH:D001523,MESH:D003643,MESH:D003920,MESH:D006331,MESH:D007239,MESH:D009207,MESH:D010146,MESH:D010259,MESH:D011605,MESH:D011618,MESH:D012128,MESH:D012559,MESH:D013313,MESH:D018352,MESH:D019964
33814022	MESH:C000657245,MESH:D003643,MESH:D007239,MESH:D058345,MESH:D060085
34545952	MESH:C000657245,MESH:D009369,MESH:D015451
33692744	MESH:C000657245,MESH:C010395,MESH:C538664,MESH:D000370,MESH:D000438,MESH:D000860,MESH:D001037,MESH:D001039,MESH:D001157,MESH:D001241,MESH:D001929,MESH:D001930,MESH:D002544,MESH:D002545,MESH:D002561,MESH:D003643,MESH:D003920,MESH:D004617,MESH:D006344,MESH:D006423,MESH:D006429,MESH:D006470,MESH:D006710,MESH:D006849,MESH:D006970,MESH:D006973,MESH:D007238,MESH:D007239,MESH:D008687,MESH:D009203,MESH:D009223,MESH:D009422,MESH:D010291,MESH:D011014,MESH:D013923,MESH:D013927,MESH:D015878,MESH:D017135,MESH:D017984,MESH:D018352,MESH:D020243,MESH:D020244,MESH:D020280,MESH:D020521,MESH:D021501,MESH:D054092,MESH:D054556,MESH:D058226
32499903	MESH:C000657245,MESH:D007239,MESH:D010146,MESH:D020371
33864328	MESH:C000657245,MESH:D001007
34890441	MESH:C000657245,MESH:D000370,MESH:D000857,MESH:D002318,MESH:D003371,MESH:D003643,MESH:D003920,MESH:D003967,MESH:D004417,MESH:D004670,MESH:D005221,MESH:D005334,MESH:D006261,MESH:D006973,MESH:D007022,MESH:D007153,MESH:D007239,MESH:D008171,MESH:D009325,MESH:D009422,MESH:D009757,MESH:D009765,MESH:D010608,MESH:D012140,MESH:D012141,MESH:D012817,MESH:D013651,MESH:D014839,MESH:D015746,MESH:D016638,MESH:D018352,MESH:D051271,MESH:D051436,MESH:D055370,MESH:D058625,MESH:D063806
34196793	MESH:C000657245,MESH:C535559,MESH:C535733,MESH:D001102,MESH:D001172,MESH:D003643,MESH:D006623,MESH:D007674,MESH:D008727,MESH:D009140,MESH:D012213,MESH:D012216,MESH:D013167,MESH:D018352,MESH:D019080,MESH:D052919
32467792	MESH:C000657245,MESH:C536029,MESH:D000077261,MESH:D000138,MESH:D000420,MESH:D001241,MESH:D001285,MESH:D001639,MESH:D001919,MESH:D002118,MESH:D002125,MESH:D002395,MESH:D003371,MESH:D003404,MESH:D003643,MESH:D004298,MESH:D004417,MESH:D004837,MESH:D005221,MESH:D005334,MESH:D005947,MESH:D006261,MESH:D006331,MESH:D006886,MESH:D006943,MESH:D006947,MESH:D006973,MESH:D007022,MESH:D007239,MESH:D007511,MESH:D007674,MESH:D007683,MESH:D008171,MESH:D008790,MESH:D009102,MESH:D009584,MESH:D010100,MESH:D010608,MESH:D011014,MESH:D011188,MESH:D012128,MESH:D012131,MESH:D013575,MESH:D013611,MESH:D014508,MESH:D014700,MESH:D016638,MESH:D017294,MESH:D017693,MESH:D017963,MESH:D018352,MESH:D018805,MESH:D020896,MESH:D051436,MESH:D051437,MESH:D054537,MESH:D058186,MESH:D064420
32246972	MESH:C000657245,MESH:D008751,MESH:D011024,MESH:D011108,MESH:D012871,MESH:D018352
32376401	MESH:C000657245,MESH:C502936,MESH:C566417,MESH:D000860,MESH:D001102,MESH:D001171,MESH:D001172,MESH:D001327,MESH:D001523,MESH:D003643,MESH:D006086,MESH:D007239,MESH:D008180,MESH:D009080,MESH:D011024,MESH:D012120,MESH:D012131,MESH:D018352,MESH:D051359,MESH:D055501,MESH:D056660,MESH:D060825,MESH:D061325,MESH:D064420
33954065	MESH:C000657245,MESH:C535817,MESH:C537690,MESH:D000082,MESH:D000799,MESH:D001102,MESH:D002637,MESH:D003141,MESH:D003371,MESH:D003490,MESH:D004342,MESH:D004417,MESH:D004487,MESH:D004890,MESH:D004892,MESH:D004893,MESH:D005076,MESH:D005334,MESH:D006632,MESH:D007239,MESH:D007565,MESH:D010100,MESH:D012140,MESH:D012871,MESH:D012893,MESH:D014581,MESH:D014839,MESH:D015431,MESH:D018352,MESH:D056587
32327321	MESH:C000657245,MESH:D000275,MESH:D003643,MESH:D005221,MESH:D007239,MESH:D009369,MESH:D011024,MESH:D018352,MESH:D018908,MESH:D064420
34444648	MESH:C000657245,MESH:D000080146,MESH:D002972,MESH:D003643,MESH:D005756,MESH:D007319,MESH:D009765,MESH:D012817,MESH:D013213,MESH:D015835
34101084	MESH:C000657245,MESH:C535733,MESH:D002245,MESH:D006623,MESH:D010009
34803247	MESH:C000606873,MESH:C000657245,MESH:C003466,MESH:C036380,MESH:C045651,MESH:C077197,MESH:C088983,MESH:C113528,MESH:C508400,MESH:C536989,MESH:D000079225,MESH:D000544,MESH:D001007,MESH:D001102,MESH:D002244,MESH:D003141,MESH:D003643,MESH:D004224,MESH:D005419,MESH:D006816,MESH:D006859,MESH:D006886,MESH:D009369,MESH:D010100,MESH:D010840,MESH:D013261,MESH:D014315,MESH:D014867,MESH:D019438,MESH:D039821
33738882	MESH:C000657245,MESH:D000079225,MESH:D000275,MESH:D000379,MESH:D001007,MESH:D002908,MESH:D003643,MESH:D007239
32476260	MESH:D016606
32493494	MESH:C000657245,MESH:D000853,MESH:D000998,MESH:D001523,MESH:D004342,MESH:D006333,MESH:D006886,MESH:D007239,MESH:D008107,MESH:D008268,MESH:D009369,MESH:D011014,MESH:D011024,MESH:D018352
33469977	MESH:D002784,MESH:D003907,MESH:D005227,MESH:D005230,MESH:D012176,MESH:D013256,MESH:D014801,MESH:D014807,MESH:D014812,MESH:D019787
32463093	MESH:C000657245,MESH:D011024,MESH:D018352
34515235	MESH:C000657245,MESH:C537009,MESH:D000275,MESH:D001007,MESH:D001247,MESH:D001523,MESH:D002248,MESH:D002637,MESH:D004417,MESH:D005221,MESH:D006493,MESH:D007674,MESH:D011014,MESH:D013923,MESH:D059445
32449224	MESH:C000657245,MESH:C538320,MESH:C558899,MESH:D000014,MESH:D000077266,MESH:D000855,MESH:D000998,MESH:D001007,MESH:D001327,MESH:D002318,MESH:D002561,MESH:D002637,MESH:D002908,MESH:D003141,MESH:D003371,MESH:D003404,MESH:D003643,MESH:D003920,MESH:D003967,MESH:D004244,MESH:D004342,MESH:D004417,MESH:D005221,MESH:D005334,MESH:D005938,MESH:D006493,MESH:D006495,MESH:D006973,MESH:D007153,MESH:D007155,MESH:D007239,MESH:D007249,MESH:D007319,MESH:D007674,MESH:D008775,MESH:D009102,MESH:D009202,MESH:D009205,MESH:D010100,MESH:D011014,MESH:D011024,MESH:D011655,MESH:D012128,MESH:D012131,MESH:D012141,MESH:D012818,MESH:D013262,MESH:D014456,MESH:D014508,MESH:D015415,MESH:D015508,MESH:D016638,MESH:D017093,MESH:D018352,MESH:D018805,MESH:D020196,MESH:D051271,MESH:D051436,MESH:D056486,MESH:D057772,MESH:D058625,MESH:D061466
35030205	MESH:C000657245,MESH:D000860,MESH:D001102,MESH:D001145,MESH:D003428,MESH:D003643,MESH:D003907,MESH:D003920,MESH:D006333,MESH:D006854,MESH:D006973,MESH:D007239,MESH:D008171,MESH:D010100,MESH:D011014,MESH:D011654,MESH:D012120,MESH:D012128,MESH:D012131,MESH:D012967,MESH:D013256,MESH:D016638,MESH:D018805,MESH:D051437,MESH:D055370
34608773	MESH:C000657245,MESH:C034753,MESH:D005334,MESH:D006323,MESH:D007239,MESH:D009173,MESH:D009203,MESH:D010100,MESH:D012770,MESH:D016559
33306721	MESH:C000657245,MESH:D000275,MESH:D000853,MESH:D001007,MESH:D001145,MESH:D001172,MESH:D001249,MESH:D001523,MESH:D002248,MESH:D002318,MESH:D002637,MESH:D003324,MESH:D003371,MESH:D003643,MESH:D003693,MESH:D003920,MESH:D003967,MESH:D004408,MESH:D004417,MESH:D005221,MESH:D005334,MESH:D006261,MESH:D006331,MESH:D006333,MESH:D006949,MESH:D006973,MESH:D007037,MESH:D007153,MESH:D007239,MESH:D009202,MESH:D009203,MESH:D009369,MESH:D009765,MESH:D010100,MESH:D010146,MESH:D012120,MESH:D012128,MESH:D012140,MESH:D012559,MESH:D012891,MESH:D013256,MESH:D013923,MESH:D013927,MESH:D015673,MESH:D018352,MESH:D018771,MESH:D020246,MESH:D020521,MESH:D024821,MESH:D029424,MESH:D040921,MESH:D045169,MESH:D059246,MESH:D063806
35206434	MESH:C000657245,MESH:C536767,MESH:D000079225,MESH:D000275,MESH:D000309,MESH:D000544,MESH:D001007,MESH:D001523,MESH:D002104,MESH:D002303,MESH:D002318,MESH:D002908,MESH:D003324,MESH:D003643,MESH:D003704,MESH:D003920,MESH:D003924,MESH:D005221,MESH:D006331,MESH:D006527,MESH:D006623,MESH:D007239,MESH:D009140,MESH:D009369,MESH:D009765,MESH:D010024,MESH:D011014,MESH:D012640,MESH:D014867,MESH:D017887,MESH:D018352,MESH:D050723
34679466	MESH:C000657245,MESH:D000275,MESH:D001249,MESH:D001281,MESH:D002318,MESH:D002908,MESH:D003141,MESH:D003371,MESH:D003643,MESH:D003907,MESH:D003920,MESH:D004280,MESH:D004417,MESH:D004977,MESH:D005334,MESH:D006323,MESH:D006973,MESH:D007239,MESH:D007249,MESH:D007538,MESH:D008171,MESH:D008288,MESH:D009369,MESH:D009638,MESH:D010100,MESH:D010232,MESH:D011718,MESH:D012131,MESH:D012293,MESH:D013307,MESH:D014376,MESH:D014390,MESH:D014397,MESH:D014401,MESH:D015658,MESH:D018908,MESH:D029424,MESH:D051271,MESH:D051436,MESH:D051437,MESH:D059246,MESH:D060085
32599201	MESH:C000657245,MESH:D000070642,MESH:D000783,MESH:D001418,MESH:D001480,MESH:D001932,MESH:D002532,MESH:D002544,MESH:D003390,MESH:D004827,MESH:D005776,MESH:D006849,MESH:D007239,MESH:D007511,MESH:D009369,MESH:D009422,MESH:D010146,MESH:D010300,MESH:D010911,MESH:D011014,MESH:D011024,MESH:D012421,MESH:D013118,MESH:D013122,MESH:D013124,MESH:D014947,MESH:D016103,MESH:D017542,MESH:D018352,MESH:D020300,MESH:D020521,MESH:D055652
33999135	MESH:C000657245,MESH:C531821,MESH:D003643,MESH:D012128,MESH:D017093,MESH:D053590
34108378	MESH:C000657245
34224607	MESH:C000657245
32450108	MESH:C000657245,MESH:D003141,MESH:D003643,MESH:D007239,MESH:D011024,MESH:D014867,MESH:D018352,MESH:D055111
33341894	MESH:C000657245,MESH:C007789,MESH:C015896,MESH:C025164,MESH:C038549,MESH:D000806,MESH:D000998,MESH:D002762,MESH:D007455,MESH:D015525
35122732	MESH:C000657245,MESH:D003643,MESH:D009181,MESH:D009369,MESH:D012128,MESH:D016638,MESH:D055732,MESH:D055744
33581061	MESH:C000657245,MESH:D000275,MESH:D000438,MESH:D002908,MESH:D003643,MESH:D003920,MESH:D005600,MESH:D005632,MESH:D006973,MESH:D007239,MESH:D009765,MESH:D012141,MESH:D014867
33882021	MESH:C000656865,MESH:C000657245,MESH:C567857,MESH:D000079225,MESH:D000275,MESH:D000379,MESH:D001007,MESH:D001248,MESH:D001289,MESH:D001321,MESH:D001714,MESH:D002659,MESH:D009765,MESH:D009771,MESH:D010698,MESH:D012559,MESH:D012893,MESH:D013313,MESH:D015352,MESH:D015354,MESH:D016584
33928916	MESH:C000657245,MESH:D000535,MESH:D000536,MESH:D001102,MESH:D001778,MESH:D002908,MESH:D003141,MESH:D003371,MESH:D003643,MESH:D003967,MESH:D004342,MESH:D004417,MESH:D004487,MESH:D004890,MESH:D005221,MESH:D005334,MESH:D005921,MESH:D006261,MESH:D006509,MESH:D007153,MESH:D007239,MESH:D007249,MESH:D010146,MESH:D011014,MESH:D011420,MESH:D011537,MESH:D015164,MESH:D015658,MESH:D034721,MESH:D050723,MESH:D063806
32680626	MESH:C000657245,MESH:C536483,MESH:C565865,MESH:D000014,MESH:D000079225,MESH:D000312,MESH:D001007,MESH:D002244,MESH:D002558,MESH:D003371,MESH:D005221,MESH:D005334,MESH:D006547,MESH:D007021,MESH:D007239,MESH:D007674,MESH:D008231,MESH:D009080,MESH:D009369,MESH:D010146,MESH:D010149,MESH:D011024,MESH:D014518,MESH:D014552,MESH:D014947,MESH:D018319,MESH:D018352,MESH:D019965,MESH:D051437,MESH:D056587
35175442	MESH:C000606551,MESH:C000657245,MESH:D001102,MESH:D001927,MESH:D002493,MESH:D002543,MESH:D002561,MESH:D003141,MESH:D003643,MESH:D003693,MESH:D003907,MESH:D004660,MESH:D006261,MESH:D006493,MESH:D006886,MESH:D007239,MESH:D007511,MESH:D008171,MESH:D008775,MESH:D009422,MESH:D010100,MESH:D012090,MESH:D012140,MESH:D012640,MESH:D013256,MESH:D013345,MESH:D020271,MESH:D020521,MESH:D061466
35397002	MESH:C000657245,MESH:D007249,MESH:D018746,MESH:D056587
34597334	MESH:C000657245,MESH:C462182,MESH:D001007,MESH:D003141,MESH:D003643,MESH:D003903,MESH:D006973,MESH:D007239,MESH:D012140,MESH:D015430,MESH:D050723
32474574	MESH:C000657245
34584327	MESH:C000657245,MESH:C536767,MESH:D000079225,MESH:D000275,MESH:D001007,MESH:D001523,MESH:D003072,MESH:D003141,MESH:D003643,MESH:D005221,MESH:D007174,MESH:D009765,MESH:D009771,MESH:D012141,MESH:D012769,MESH:D013313,MESH:D014867,MESH:D015430,MESH:D018352,MESH:D020018,MESH:D020240,MESH:D029461
34370935	MESH:C000657245,MESH:C536920,MESH:D001007,MESH:D003371,MESH:D003643,MESH:D007239,MESH:D014867,MESH:D015324
34777029	MESH:C000657245,MESH:D000068376,MESH:D000079225,MESH:D000275,MESH:D000309,MESH:D000438,MESH:D000544,MESH:D001007,MESH:D002908,MESH:D003643,MESH:D004421,MESH:D005221,MESH:D006973,MESH:D007239,MESH:D010146,MESH:D012421,MESH:D012640,MESH:D013313,MESH:D014947,MESH:D019964,MESH:D040921,MESH:D051271
33347319	MESH:C000657245
35345704	MESH:C000657245,MESH:D001260,MESH:D002764,MESH:D006973,MESH:D007040,MESH:D009765,MESH:D010100,MESH:D011014,MESH:D012128,MESH:D016638,MESH:D030342,MESH:D041881,MESH:D055370,MESH:D055371,MESH:D058186
35146922	MESH:C000657245,MESH:D003141,MESH:D003643,MESH:D007239,MESH:D045169,MESH:D058540,MESH:D060085
35565040	MESH:C000657245,MESH:D006333,MESH:D007239,MESH:D007859,MESH:D015431,MESH:D055652
35220656	MESH:C000657245
35008724	MESH:C000657245,MESH:C006235,MESH:C009581,MESH:C016578,MESH:C023666,MESH:C030985,MESH:C058271,MESH:C400149,MESH:D000225,MESH:D000241,MESH:D000409,MESH:D000588,MESH:D001102,MESH:D002244,MESH:D002712,MESH:D005998,MESH:D006147,MESH:D006859,MESH:D008670,MESH:D009436,MESH:D009584,MESH:D010100,MESH:D010400,MESH:D010710,MESH:D011014,MESH:D012266,MESH:D012315,MESH:D012435,MESH:D012436,MESH:D012891,MESH:D013455,MESH:D014355,MESH:D014867,MESH:D015431,MESH:D020914,MESH:D041441,MESH:D064420
35344118	MESH:C000657245,MESH:D000402,MESH:D000740,MESH:D003251,MESH:D003643,MESH:D004067,MESH:D005767,MESH:D005776,MESH:D007239,MESH:D009369,MESH:D013274,MESH:D018278,MESH:D051271,MESH:D055948,MESH:D064420
33595062	MESH:C000657245,MESH:D006331
32673494	MESH:C000592401,MESH:C000657245,MESH:C536439,MESH:C563866,MESH:D000079225,MESH:D002318,MESH:D002395,MESH:D003324,MESH:D003371,MESH:D003643,MESH:D005221,MESH:D005334,MESH:D006331,MESH:D007239,MESH:D007249,MESH:D008012,MESH:D009202,MESH:D009205,MESH:D009638,MESH:D009765,MESH:D010100,MESH:D011024,MESH:D017566,MESH:D018352,MESH:D018487,MESH:D034721,MESH:D054549,MESH:D063806,MESH:D064420,MESH:D066126
33264497	MESH:C000657245,MESH:D000998,MESH:D019158
35142233	MESH:C000657245,MESH:C535742,MESH:D000067390,MESH:D003141,MESH:D003371,MESH:D003643,MESH:D003920,MESH:D005334,MESH:D006331,MESH:D007239,MESH:D007251,MESH:D007252,MESH:D011008,MESH:D011014,MESH:D012140,MESH:D060085
33920976	MESH:C000657245,MESH:D000275,MESH:D001007,MESH:D003072,MESH:D003643,MESH:D007319,MESH:D008175,MESH:D009771,MESH:D012030,MESH:D012140,MESH:D018352,MESH:D030342,MESH:D030361
32873261	MESH:C000657245
34670589	MESH:C000657245,MESH:C535375,MESH:C536681,MESH:D002561,MESH:D003643,MESH:D012128,MESH:D016638,MESH:D055370
34052621	MESH:C000657245,MESH:C483999,MESH:D000069479,MESH:D000275,MESH:D000701,MESH:D001007,MESH:D002047,MESH:D003643,MESH:D009270,MESH:D009293,MESH:D058747,MESH:D062787
34673261	MESH:C000657245,MESH:D001766,MESH:D014612
34904908	MESH:C000657245
35411692	MESH:C000657245,MESH:D014859,MESH:D018352
32729279	MESH:C000657245,MESH:C025109,MESH:D003141,MESH:D003428,MESH:D006861,MESH:D007239,MESH:D011024,MESH:D012973,MESH:D018352
33680350	MESH:C000657245,MESH:C008704,MESH:C020972,MESH:C041747,MESH:C045651,MESH:C535468,MESH:C537170,MESH:C564286,MESH:D000077682,MESH:D001068,MESH:D001102,MESH:D001145,MESH:D001151,MESH:D001523,MESH:D002104,MESH:D002118,MESH:D002318,MESH:D002738,MESH:D002857,MESH:D003110,MESH:D003141,MESH:D003300,MESH:D003643,MESH:D003907,MESH:D003920,MESH:D003924,MESH:D003967,MESH:D004067,MESH:D004318,MESH:D004417,MESH:D004640,MESH:D005221,MESH:D005334,MESH:D005492,MESH:D006261,MESH:D006333,MESH:D006526,MESH:D006852,MESH:D006886,MESH:D006973,MESH:D007022,MESH:D007153,MESH:D007239,MESH:D007249,MESH:D007501,MESH:D007559,MESH:D007871,MESH:D007918,MESH:D008103,MESH:D008133,MESH:D008274,MESH:D008288,MESH:D008345,MESH:D008659,MESH:D008670,MESH:D009059,MESH:D009325,MESH:D009369,MESH:D009410,MESH:D010100,MESH:D010518,MESH:D010833,MESH:D011014,MESH:D011092,MESH:D011794,MESH:D012141,MESH:D012254,MESH:D012643,MESH:D012883,MESH:D013793,MESH:D014355,MESH:D014801,MESH:D014810,MESH:D014839,MESH:D015032,MESH:D015034,MESH:D015212,MESH:D016638,MESH:D017963,MESH:D018352,MESH:D018798,MESH:D019287,MESH:D019345,MESH:D019636,MESH:D019698,MESH:D045169,MESH:D053609,MESH:D055534,MESH:D056486,MESH:D060085,MESH:D064420,MESH:D066126
35568022	MESH:C000657245,MESH:D000860,MESH:D001927,MESH:D001930,MESH:D002245,MESH:D002493,MESH:D003643,MESH:D003693,MESH:D006935,MESH:D007511,MESH:D010100,MESH:D012128,MESH:D012131,MESH:D015794,MESH:D016638,MESH:D019344,MESH:D020244,MESH:D020521
34202707	MESH:C000657245,MESH:D001569,MESH:D015179,MESH:D018980
34453842	MESH:C000657245,MESH:D010146
32524792	MESH:C000657245,MESH:C086979,MESH:D001205,MESH:D002114,MESH:D003141,MESH:D007239,MESH:D008107,MESH:D008206,MESH:D008231,MESH:D008878,MESH:D010996,MESH:D011014,MESH:D011024,MESH:D012128,MESH:D012141,MESH:D018352,MESH:D018376,MESH:D018450,MESH:D056486,MESH:D058345,MESH:D060085
32582382	MESH:C000657245,MESH:C562722,MESH:D000070592,MESH:D001170,MESH:D005334,MESH:D006617,MESH:D006618,MESH:D007239,MESH:D007738,MESH:D009140,MESH:D009369,MESH:D009422,MESH:D009461,MESH:D010146,MESH:D011655,MESH:D012213,MESH:D012600,MESH:D014947,MESH:D017116,MESH:D018771,MESH:D019115,MESH:D020246,MESH:D038062,MESH:D050723
35583298	MESH:C000657245,MESH:D000079225,MESH:D001007,MESH:D011125,MESH:D018352
32298273	MESH:C000657245,MESH:C563984,MESH:C564120,MESH:D000309,MESH:D001102,MESH:D003643,MESH:D006331,MESH:D006973,MESH:D007239,MESH:D007674,MESH:D007703,MESH:D010922,MESH:D011014,MESH:D011024,MESH:D017093,MESH:D018352,MESH:D045169
32718042	MESH:C000657245,MESH:D002908,MESH:D003643,MESH:D004342,MESH:D007239,MESH:D007249,MESH:D008055,MESH:D012120,MESH:D012140,MESH:D018352,MESH:D060085
33547814	MESH:D007239
35250772	MESH:C000657245,MESH:D000275,MESH:D000755,MESH:D001007,MESH:D001523,MESH:D001919,MESH:D005597,MESH:D007184,MESH:D012640,MESH:D015431
33542501	MESH:D007239,MESH:D012640
35493814	MESH:C000657245,MESH:C024989,MESH:C067134,MESH:C564403,MESH:C564971,MESH:C566398,MESH:D000069283,MESH:D000070642,MESH:D000077553,MESH:D000108,MESH:D000255,MESH:D001007,MESH:D001102,MESH:D001205,MESH:D002318,MESH:D002637,MESH:D002908,MESH:D003072,MESH:D003371,MESH:D003643,MESH:D003903,MESH:D003920,MESH:D004342,MESH:D004417,MESH:D004421,MESH:D005221,MESH:D005227,MESH:D005334,MESH:D005356,MESH:D005947,MESH:D005978,MESH:D006003,MESH:D006261,MESH:D006323,MESH:D006859,MESH:D006861,MESH:D007022,MESH:D007238,MESH:D007239,MESH:D007249,MESH:D008055,MESH:D008070,MESH:D008171,MESH:D008569,MESH:D008659,MESH:D008670,MESH:D009005,MESH:D009135,MESH:D009243,MESH:D009369,MESH:D009422,MESH:D009437,MESH:D009569,MESH:D009584,MESH:D010100,MESH:D010300,MESH:D010510,MESH:D011471,MESH:D012140,MESH:D012817,MESH:D012893,MESH:D012965,MESH:D013481,MESH:D014233,MESH:D014238,MESH:D014508,MESH:D014527,MESH:D014693,MESH:D014867,MESH:D015179,MESH:D015673,MESH:D016472,MESH:D017382,MESH:D017665,MESH:D018149,MESH:D018223,MESH:D018771,MESH:D018908,MESH:D019289,MESH:D019343,MESH:D019344,MESH:D020257,MESH:D020271,MESH:D024821,MESH:D028361,MESH:D030421,MESH:D044882,MESH:D063806
34898715	MESH:C000657245
34906234	MESH:C000657245
33704627	MESH:C000657245,MESH:C536353,MESH:D000077195,MESH:D000438,MESH:D002294,MESH:D003141,MESH:D003643,MESH:D005645,MESH:D006258,MESH:D007239,MESH:D009203,MESH:D009369,MESH:D009800,MESH:D012131,MESH:D018352,MESH:D020521
34230210	MESH:C000606551,MESH:C000657245,MESH:C008757,MESH:C011119,MESH:C024139,MESH:C032159,MESH:C502936,MESH:D000072317,MESH:D000096,MESH:D000275,MESH:D000432,MESH:D000577,MESH:D000857,MESH:D001095,MESH:D001102,MESH:D001120,MESH:D001327,MESH:D002956,MESH:D003643,MESH:D003920,MESH:D003924,MESH:D004147,MESH:D004802,MESH:D005227,MESH:D005492,MESH:D005910,MESH:D005947,MESH:D005973,MESH:D006402,MESH:D006886,MESH:D007154,MESH:D007239,MESH:D007249,MESH:D007736,MESH:D007737,MESH:D008055,MESH:D009243,MESH:D009369,MESH:D009569,MESH:D009584,MESH:D009765,MESH:D010100,MESH:D010169,MESH:D011125,MESH:D011392,MESH:D011471,MESH:D012128,MESH:D013739,MESH:D014364,MESH:D014508,MESH:D014805,MESH:D014867,MESH:D014987,MESH:D016207,MESH:D016718,MESH:D018352,MESH:D018698,MESH:D018805,MESH:D019344,MESH:D020258,MESH:D021441,MESH:D044342,MESH:D058186,MESH:D063806,MESH:D064420
34559248	MESH:C000657245,MESH:C535733,MESH:C552171,MESH:D000069552,MESH:D000860,MESH:D001241,MESH:D002544,MESH:D003643,MESH:D003920,MESH:D006493,MESH:D006495,MESH:D006623,MESH:D008171,MESH:D010975,MESH:D011655,MESH:D012128,MESH:D013921,MESH:D013927,MESH:D017762,MESH:D018352,MESH:D020144,MESH:D025861,MESH:D054556,MESH:D057772
32302740	MESH:C000657245,MESH:C535882,MESH:D003643,MESH:D014947,MESH:D045169
34452464	MESH:C000657245,MESH:C535569,MESH:D000857,MESH:D002908,MESH:D003371,MESH:D003643,MESH:D004408,MESH:D004417,MESH:D005221,MESH:D005334,MESH:D006261,MESH:D006623,MESH:D007239,MESH:D007674,MESH:D010146,MESH:D010608,MESH:D012220,MESH:D012817,MESH:D018352,MESH:D063806
34627082	MESH:C000606551,MESH:C000657245,MESH:C007293,MESH:C015462,MESH:C102296,MESH:D000069439,MESH:D000255,MESH:D001102,MESH:D001120,MESH:D001710,MESH:D002245,MESH:D003643,MESH:D004121,MESH:D004492,MESH:D007239,MESH:D007854,MESH:D008223,MESH:D009369,MESH:D009584,MESH:D010455,MESH:D011014,MESH:D011125,MESH:D016638,MESH:D016650,MESH:D018352,MESH:D018984
35441127	MESH:C000657245,MESH:D000855,MESH:D000857,MESH:D000860,MESH:D001523,MESH:D002318,MESH:D003072,MESH:D003141,MESH:D003371,MESH:D003643,MESH:D003704,MESH:D003920,MESH:D003967,MESH:D004408,MESH:D005334,MESH:D006973,MESH:D007154,MESH:D007239,MESH:D007249,MESH:D007319,MESH:D007676,MESH:D009369,MESH:D009765,MESH:D010100,MESH:D010608,MESH:D012818,MESH:D014508,MESH:D014839,MESH:D029424,MESH:D058625,MESH:D059246,MESH:D063806
33674591	MESH:C000596027,MESH:C000606551,MESH:C000657245,MESH:C093415,MESH:C536395,MESH:C563010,MESH:C569686,MESH:D000362,MESH:D001102,MESH:D001424,MESH:D002245,MESH:D002318,MESH:D002857,MESH:D003428,MESH:D003643,MESH:D003907,MESH:D003911,MESH:D003920,MESH:D004229,MESH:D004492,MESH:D006333,MESH:D006973,MESH:D007154,MESH:D007239,MESH:D007249,MESH:D007674,MESH:D007854,MESH:D007945,MESH:D007951,MESH:D008231,MESH:D008353,MESH:D008569,MESH:D009102,MESH:D009336,MESH:D009369,MESH:D009461,MESH:D009584,MESH:D009757,MESH:D010100,MESH:D010190,MESH:D010243,MESH:D011014,MESH:D011125,MESH:D011596,MESH:D012120,MESH:D012128,MESH:D012131,MESH:D012141,MESH:D012694,MESH:D012772,MESH:D013256,MESH:D014085,MESH:D014343,MESH:D015451,MESH:D015658,MESH:D016207,MESH:D016638,MESH:D018352,MESH:D018805,MESH:D021081,MESH:D021441,MESH:D029424,MESH:D051436,MESH:D055370,MESH:D060085,MESH:D064420
34629857	MESH:C000657245,MESH:D002277,MESH:D003643,MESH:D005862,MESH:D014947,MESH:D016638,MESH:D049310
32634111	MESH:C000657245,MESH:D000079225,MESH:D000275,MESH:D001007,MESH:D001289,MESH:D001523,MESH:D003643,MESH:D005776,MESH:D007239,MESH:D009765,MESH:D011024,MESH:D012120,MESH:D012893,MESH:D018352
35011641	MESH:C000657245,MESH:D001102,MESH:D003141,MESH:D003596,MESH:D004417,MESH:D005334,MESH:D007239,MESH:D009447,MESH:D009536,MESH:D011014,MESH:D012640,MESH:D014364,MESH:D015658,MESH:D018352,MESH:D055370,MESH:D060085
35566787	MESH:C000657245,MESH:D000013,MESH:D001249,MESH:D002821,MESH:D003141,MESH:D003643,MESH:D003920,MESH:D004461,MESH:D006330,MESH:D006461,MESH:D006470,MESH:D006473,MESH:D006973,MESH:D007239,MESH:D008107,MESH:D008171,MESH:D009765,MESH:D010100,MESH:D011014,MESH:D011655,MESH:D012128,MESH:D018352,MESH:D020246,MESH:D050497,MESH:D054556,MESH:D061325
33590152	MESH:C000657245
34053251	MESH:C000657245,MESH:D003141,MESH:D003643,MESH:D007239,MESH:D011014,MESH:D012128,MESH:D018352
35308830	MESH:C000657245,MESH:C566176,MESH:D000014,MESH:D000069279,MESH:D000787,MESH:D000860,MESH:D001102,MESH:D003324,MESH:D003424,MESH:D003643,MESH:D006086,MESH:D006331,MESH:D006333,MESH:D006402,MESH:D007238,MESH:D007239,MESH:D007249,MESH:D007319,MESH:D007511,MESH:D007592,MESH:D007938,MESH:D009336,MESH:D009369,MESH:D009569,MESH:D010003,MESH:D010300,MESH:D011014,MESH:D011108,MESH:D012128,MESH:D013119,MESH:D013724,MESH:D014364,MESH:D015232,MESH:D015470,MESH:D016393,MESH:D016638,MESH:D019636,MESH:D060085,MESH:D064420
32569772	MESH:C000657245,MESH:D000208,MESH:D000783,MESH:D001241,MESH:D001778,MESH:D003110,MESH:D003643,MESH:D003920,MESH:D003967,MESH:D004417,MESH:D004487,MESH:D005334,MESH:D006493,MESH:D006689,MESH:D006973,MESH:D007239,MESH:D007511,MESH:D009203,MESH:D009800,MESH:D010146,MESH:D011006,MESH:D011014,MESH:D011024,MESH:D011027,MESH:D011655,MESH:D012817,MESH:D013159,MESH:D013923,MESH:D013927,MESH:D014839,MESH:D015746,MESH:D017091,MESH:D018352,MESH:D019851,MESH:D051437
32673509	MESH:C000657245,MESH:D000806,MESH:D004656,MESH:D007703,MESH:D011024,MESH:D018352,MESH:D019808,MESH:D057912
32988978	MESH:C000657245,MESH:C536231,MESH:C563010,MESH:D000069059,MESH:D000402,MESH:D001102,MESH:D001241,MESH:D002280,MESH:D002395,MESH:D003324,MESH:D003329,MESH:D006331,MESH:D006973,MESH:D007249,MESH:D008231,MESH:D009041,MESH:D009202,MESH:D009203,MESH:D010100,MESH:D011014,MESH:D011024,MESH:D011249,MESH:D011251,MESH:D012131,MESH:D017298,MESH:D017311,MESH:D017984,MESH:D018352,MESH:D018476,MESH:D018754,MESH:D054549
32405517	MESH:C000657245,MESH:D000069445,MESH:D001145,MESH:D001289,MESH:D002637,MESH:D003645,MESH:D004417,MESH:D006330,MESH:D006331,MESH:D006973,MESH:D011024,MESH:D012791,MESH:D013610,MESH:D018352
33409040	MESH:C000657245,MESH:D000079225,MESH:D001007,MESH:D003643,MESH:D005776,MESH:D015835
34682574	MESH:C000657245,MESH:C536767,MESH:C537501,MESH:C565145,MESH:D000068376,MESH:D000079225,MESH:D000275,MESH:D001007,MESH:D001260,MESH:D001327,MESH:D001523,MESH:D001714,MESH:D001766,MESH:D002908,MESH:D003550,MESH:D003643,MESH:D003920,MESH:D004421,MESH:D006223,MESH:D006976,MESH:D007239,MESH:D007319,MESH:D009369,MESH:D009404,MESH:D009771,MESH:D010300,MESH:D011618,MESH:D012120,MESH:D012893,MESH:D013313,MESH:D014095,MESH:D016584,MESH:D045169,MESH:D051271
35195025	MESH:C000657245,MESH:C535742,MESH:D006527,MESH:D007239,MESH:D008171,MESH:D029424,MESH:D054990
35380165	MESH:C000657245
32361284	MESH:C000657245,MESH:D000079225,MESH:D000275,MESH:D001007,MESH:D001523,MESH:D003643,MESH:D010146,MESH:D011014,MESH:D011024,MESH:D018352,MESH:D059350
32338809	MESH:C000657245,MESH:D006258,MESH:D009369,MESH:D011024,MESH:D018352
32563690	MESH:C000657245,MESH:D000370,MESH:D000402,MESH:D003371,MESH:D003643,MESH:D005334,MESH:D007239,MESH:D009461,MESH:D011024,MESH:D013651,MESH:D018352
35411295	MESH:C000657245,MESH:C088936,MESH:C498513,MESH:C502936,MESH:C537147,MESH:D000109,MESH:D000275,MESH:D001102,MESH:D001128,MESH:D001168,MESH:D001172,MESH:D001996,MESH:D002794,MESH:D003092,MESH:D003643,MESH:D004417,MESH:D004428,MESH:D004827,MESH:D006261,MESH:D007239,MESH:D007249,MESH:D009223,MESH:D009538,MESH:D009638,MESH:D010534,MESH:D011014,MESH:D012128,MESH:D012141,MESH:D012640,MESH:D015212,MESH:D015427,MESH:D016638,MESH:D018805,MESH:D019446
34188432	MESH:C000657245,MESH:C535882,MESH:C537448,MESH:D001102,MESH:D003643,MESH:D007239,MESH:D007674,MESH:D010649,MESH:D018352
35165771	MESH:C000620232,MESH:C000657245,MESH:C093875,MESH:C481642,MESH:C535509,MESH:C536439,MESH:C536857,MESH:C537418,MESH:C562325,MESH:C565222,MESH:C565427,MESH:C566007,MESH:C566008,MESH:D000069283,MESH:D000562,MESH:D000740,MESH:D000783,MESH:D000799,MESH:D000936,MESH:D001015,MESH:D001025,MESH:D001102,MESH:D001167,MESH:D001170,MESH:D001196,MESH:D001249,MESH:D001327,MESH:D001379,MESH:D001424,MESH:D002543,MESH:D003141,MESH:D003323,MESH:D003324,MESH:D003404,MESH:D003449,MESH:D003520,MESH:D003550,MESH:D003643,MESH:D004342,MESH:D004696,MESH:D004697,MESH:D005693,MESH:D005921,MESH:D006402,MESH:D006470,MESH:D006509,MESH:D006526,MESH:D006800,MESH:D006968,MESH:D007022,MESH:D007239,MESH:D007249,MESH:D007674,MESH:D007816,MESH:D007896,MESH:D008231,MESH:D008727,MESH:D009080,MESH:D009140,MESH:D009173,MESH:D009202,MESH:D009205,MESH:D009336,MESH:D009894,MESH:D010272,MESH:D010488,MESH:D010608,MESH:D011014,MESH:D011020,MESH:D011111,MESH:D011239,MESH:D011695,MESH:D012140,MESH:D012141,MESH:D012216,MESH:D012460,MESH:D012523,MESH:D012769,MESH:D013203,MESH:D013256,MESH:D013322,MESH:D013589,MESH:D013700,MESH:D014235,MESH:D014376,MESH:D014581,MESH:D014657,MESH:D014890,MESH:D015267,MESH:D015658,MESH:D015662,MESH:D016559,MESH:D016572,MESH:D017098,MESH:D017382,MESH:D018366,MESH:D018754,MESH:D020144,MESH:D020293,MESH:D034141,MESH:D047090,MESH:D050197,MESH:D056486,MESH:D056587,MESH:D056647,MESH:D056648,MESH:D057772,MESH:D059345,MESH:D061325,MESH:D063726
32945597	MESH:C000657245,MESH:C011612,MESH:D000438,MESH:D013463,MESH:D062065
34536426	MESH:C000657245,MESH:D003141,MESH:D003643,MESH:D007239
34682492	MESH:C000657245,MESH:D000073296,MESH:D000163,MESH:D000208,MESH:D000275,MESH:D000740,MESH:D001523,MESH:D001943,MESH:D002318,MESH:D002908,MESH:D003141,MESH:D003643,MESH:D003920,MESH:D003967,MESH:D006130,MESH:D006973,MESH:D007239,MESH:D008288,MESH:D009369,MESH:D011008,MESH:D012131,MESH:D012140,MESH:D012141,MESH:D014376,MESH:D015658,MESH:D044342
32270314	MESH:C000657245,MESH:D000431,MESH:D002051,MESH:D002713,MESH:D003428,MESH:D003643,MESH:D007239,MESH:D011014,MESH:D015047
33191649	MESH:C000657245,MESH:D002371,MESH:D004283,MESH:D007239
34432842	MESH:C000657245,MESH:D000275,MESH:D000438,MESH:D001943,MESH:D002908,MESH:D003643,MESH:D003920,MESH:D004827,MESH:D007239,MESH:D009103,MESH:D009369,MESH:D011471
34868831	MESH:C000657245,MESH:D003371,MESH:D003643,MESH:D004417,MESH:D005334,MESH:D006261,MESH:D007239,MESH:D009081,MESH:D010283,MESH:D010608,MESH:D013651,MESH:D018352,MESH:D018771
34824194	MESH:C000657245,MESH:C021139,MESH:C540383,MESH:D001523,MESH:D003643,MESH:D004211,MESH:D005334,MESH:D006402,MESH:D006470,MESH:D006918,MESH:D007239,MESH:D007951,MESH:D009101,MESH:D009196,MESH:D009369,MESH:D010146,MESH:D011014,MESH:D011087,MESH:D012131,MESH:D013920,MESH:D013922,MESH:D013927,MESH:D015464,MESH:D016393,MESH:D016638,MESH:D018352,MESH:D019337,MESH:D055728
33505949	MESH:C000657245,MESH:C536657,MESH:D000855,MESH:D001102,MESH:D001249,MESH:D001778,MESH:D002318,MESH:D002561,MESH:D002637,MESH:D003141,MESH:D003371,MESH:D003404,MESH:D003643,MESH:D003920,MESH:D003967,MESH:D004244,MESH:D004342,MESH:D004417,MESH:D004700,MESH:D005221,MESH:D005334,MESH:D005756,MESH:D005947,MESH:D006261,MESH:D006469,MESH:D006949,MESH:D006973,MESH:D007161,MESH:D007239,MESH:D007249,MESH:D007676,MESH:D008107,MESH:D008231,MESH:D009102,MESH:D009325,MESH:D009336,MESH:D009369,MESH:D009461,MESH:D009584,MESH:D009765,MESH:D010100,MESH:D010146,MESH:D010490,MESH:D010608,MESH:D010996,MESH:D011014,MESH:D011654,MESH:D012120,MESH:D012128,MESH:D012131,MESH:D012140,MESH:D012220,MESH:D012772,MESH:D013276,MESH:D013953,MESH:D014508,MESH:D014839,MESH:D015658,MESH:D015746,MESH:D016638,MESH:D018352,MESH:D018450,MESH:D018771,MESH:D018805,MESH:D029424,MESH:D045169,MESH:D051436,MESH:D055370,MESH:D058186,MESH:D058625,MESH:D060085,MESH:D063806
33439908	MESH:C000606551,MESH:C000657245,MESH:C538445,MESH:C558899,MESH:D000163,MESH:D000409,MESH:D000438,MESH:D000783,MESH:D000860,MESH:D001224,MESH:D001249,MESH:D001327,MESH:D001663,MESH:D001991,MESH:D002318,MESH:D002544,MESH:D002561,MESH:D003072,MESH:D003404,MESH:D003643,MESH:D003704,MESH:D003907,MESH:D003920,MESH:D004198,MESH:D004827,MESH:D005334,MESH:D006333,MESH:D006429,MESH:D006886,MESH:D006949,MESH:D006973,MESH:D007022,MESH:D007239,MESH:D007674,MESH:D007736,MESH:D008107,MESH:D008171,MESH:D008231,MESH:D009203,MESH:D009369,MESH:D009422,MESH:D009765,MESH:D010264,MESH:D010300,MESH:D010437,MESH:D011014,MESH:D012128,MESH:D012131,MESH:D012141,MESH:D012216,MESH:D012694,MESH:D013921,MESH:D015658,MESH:D016472,MESH:D016491,MESH:D018352,MESH:D019344,MESH:D020521,MESH:D055370,MESH:D056486,MESH:D058186,MESH:D059246
32644258	MESH:C000657245,MESH:D011024,MESH:D018352
34888903	MESH:D000998,MESH:D008103,MESH:D019694,MESH:D065290
34926314	MESH:C000657245,MESH:C518370,MESH:D000073893,MESH:D000080345,MESH:D000438,MESH:D000855,MESH:D001102,MESH:D001205,MESH:D002118,MESH:D002241,MESH:D002318,MESH:D002713,MESH:D003371,MESH:D003404,MESH:D003424,MESH:D003643,MESH:D003920,MESH:D003967,MESH:D004067,MESH:D004417,MESH:D005221,MESH:D005334,MESH:D005767,MESH:D005947,MESH:D006258,MESH:D006509,MESH:D006973,MESH:D007239,MESH:D007249,MESH:D008055,MESH:D009325,MESH:D009369,MESH:D010428,MESH:D010649,MESH:D011014,MESH:D011188,MESH:D011691,MESH:D012140,MESH:D012685,MESH:D012817,MESH:D012818,MESH:D012964,MESH:D013921,MESH:D014839,MESH:D015212,MESH:D015658,MESH:D019821,MESH:D043183,MESH:D056486,MESH:D060085,MESH:D063806,MESH:D064806
35151823	MESH:C000657245,MESH:C483999,MESH:C506968,MESH:C536271,MESH:C536528,MESH:C542124,MESH:D000067390,MESH:D000151,MESH:D001102,MESH:D001424,MESH:D002713,MESH:D003092,MESH:D003141,MESH:D003300,MESH:D003371,MESH:D003550,MESH:D003643,MESH:D004417,MESH:D004751,MESH:D006470,MESH:D006861,MESH:D007239,MESH:D007249,MESH:D007616,MESH:D007710,MESH:D007877,MESH:D008055,MESH:D008070,MESH:D008171,MESH:D009336,MESH:D009369,MESH:D010100,MESH:D010126,MESH:D010710,MESH:D010743,MESH:D011008,MESH:D011014,MESH:D011024,MESH:D011471,MESH:D011552,MESH:D012128,MESH:D012131,MESH:D012140,MESH:D012141,MESH:D012480,MESH:D012834,MESH:D014394,MESH:D014867,MESH:D015047,MESH:D015780,MESH:D016470,MESH:D016638,MESH:D016751,MESH:D017382,MESH:D018184,MESH:D018352,MESH:D018805,MESH:D019962,MESH:D020031,MESH:D020814,MESH:D029424,MESH:D056486,MESH:D056784,MESH:D060085
32379015	MESH:C000657245,MESH:D003643,MESH:D007239,MESH:D011014,MESH:D012140
33963250	MESH:C000606551,MESH:C000657245,MESH:C502936,MESH:C536920,MESH:C537501,MESH:C565732,MESH:D000438,MESH:D000450,MESH:D000855,MESH:D001102,MESH:D001663,MESH:D001778,MESH:D002318,MESH:D002539,MESH:D002561,MESH:D002637,MESH:D003371,MESH:D003404,MESH:D003643,MESH:D003907,MESH:D003920,MESH:D003967,MESH:D004244,MESH:D004417,MESH:D005221,MESH:D005334,MESH:D006261,MESH:D006331,MESH:D006333,MESH:D006402,MESH:D006862,MESH:D006973,MESH:D007239,MESH:D007249,MESH:D007674,MESH:D008103,MESH:D008107,MESH:D008108,MESH:D009102,MESH:D009202,MESH:D009325,MESH:D009369,MESH:D009584,MESH:D009765,MESH:D010608,MESH:D011008,MESH:D011014,MESH:D012131,MESH:D012140,MESH:D012772,MESH:D012818,MESH:D014508,MESH:D014839,MESH:D015431,MESH:D015746,MESH:D016638,MESH:D018352,MESH:D029424,MESH:D034141,MESH:D051436,MESH:D056486,MESH:D060085,MESH:D063806
35542312	MESH:C000657245,MESH:D000014,MESH:D001237,MESH:D003643,MESH:D003920,MESH:D004461,MESH:D004760,MESH:D005227,MESH:D006470,MESH:D006509,MESH:D006973,MESH:D007239,MESH:D007249,MESH:D008569,MESH:D009765,MESH:D011006,MESH:D011027,MESH:D011225,MESH:D012128,MESH:D012131,MESH:D012140,MESH:D012421,MESH:D014839,MESH:D018352,MESH:D020345,MESH:D065886
33660320	MESH:C000657245
34543580	MESH:C000657245,MESH:C558899,MESH:D003643,MESH:D003907,MESH:D006854,MESH:D006886,MESH:D009369,MESH:D011803,MESH:D012030,MESH:D012128,MESH:D012640,MESH:D017963,MESH:D018352,MESH:D018942
32776354	MESH:C000657245,MESH:D003643,MESH:D003920,MESH:D007249,MESH:D009765,MESH:D011024,MESH:D012120,MESH:D018352,MESH:D018450
35095628	MESH:C000657245,MESH:C536920,MESH:D000275,MESH:D000438,MESH:D001007,MESH:D003141,MESH:D003371,MESH:D003638,MESH:D003643,MESH:D003920,MESH:D003922,MESH:D003924,MESH:D005334,MESH:D005492,MESH:D007239,MESH:D009103,MESH:D009369,MESH:D009748,MESH:D012141,MESH:D012640,MESH:D012818,MESH:D012878,MESH:D013725,MESH:D018352
33152182	MESH:C000657245,MESH:C535395,MESH:D002277,MESH:D005862,MESH:D011024,MESH:D018352
34394024	MESH:C000657245,MESH:C536187,MESH:C538614,MESH:D000370,MESH:D000857,MESH:D001102,MESH:D001424,MESH:D001710,MESH:D002318,MESH:D003141,MESH:D003221,MESH:D003643,MESH:D003920,MESH:D004660,MESH:D005767,MESH:D006069,MESH:D006331,MESH:D006501,MESH:D006886,MESH:D006973,MESH:D007239,MESH:D007247,MESH:D007249,MESH:D008171,MESH:D009369,MESH:D009410,MESH:D010100,MESH:D010243,MESH:D010510,MESH:D010518,MESH:D011014,MESH:D012685,MESH:D016638,MESH:D017563,MESH:D018352,MESH:D051271,MESH:D060085,MESH:D064806
35310793	MESH:C000657245,MESH:C536632,MESH:D000860,MESH:D001007,MESH:D003371,MESH:D003643,MESH:D003920,MESH:D003967,MESH:D004342,MESH:D004417,MESH:D004630,MESH:D005334,MESH:D006973,MESH:D009223,MESH:D009765,MESH:D010100,MESH:D010146,MESH:D012128,MESH:D012131,MESH:D014456,MESH:D016638,MESH:D029424,MESH:D055370,MESH:D056128
35578330	MESH:C000657245,MESH:C562591,MESH:D002908,MESH:D003141,MESH:D003643,MESH:D007239,MESH:D007859,MESH:D009369,MESH:D009784,MESH:D009821,MESH:D018352
33558097	MESH:C000657245,MESH:D001261,MESH:D003371,MESH:D003643,MESH:D007239,MESH:D008171,MESH:D011014,MESH:D011183,MESH:D012128,MESH:D012140,MESH:D029424,MESH:D055370,MESH:D056586
32657272	MESH:C000657245,MESH:D007239,MESH:D011014,MESH:D011024,MESH:D012120,MESH:D018352,MESH:D045169
34568249	MESH:C000657245,MESH:D001102,MESH:D003141,MESH:D003643,MESH:D003967,MESH:D004675,MESH:D005334,MESH:D006479,MESH:D006480,MESH:D006482,MESH:D007239,MESH:D009325,MESH:D012282,MESH:D014839,MESH:D017282,MESH:D018352,MESH:D063806
34720746	MESH:C000656865,MESH:C000657245,MESH:D003643,MESH:D007589,MESH:D009378,MESH:D012640,MESH:D014867
34289965	MESH:C000657245,MESH:D000070642,MESH:D001480,MESH:D003643,MESH:D005151,MESH:D006259,MESH:D006261,MESH:D007238,MESH:D007239,MESH:D011007,MESH:D012640,MESH:D012851,MESH:D014098,MESH:D014839,MESH:D014947,MESH:D016489,MESH:D017880,MESH:D019547,MESH:D020197,MESH:D020300,MESH:D050723
34056576	MESH:C000657245,MESH:D000079225,MESH:D000163,MESH:D000275,MESH:D000860,MESH:D001007,MESH:D001102,MESH:D001289,MESH:D001321,MESH:D001523,MESH:D001714,MESH:D001925,MESH:D002561,MESH:D002637,MESH:D002908,MESH:D003141,MESH:D003643,MESH:D003693,MESH:D004417,MESH:D005221,MESH:D005334,MESH:D006212,MESH:D007174,MESH:D007239,MESH:D007249,MESH:D007319,MESH:D009771,MESH:D010259,MESH:D011595,MESH:D011602,MESH:D011605,MESH:D011618,MESH:D012128,MESH:D012140,MESH:D012559,MESH:D013313,MESH:D014947,MESH:D015658,MESH:D016584,MESH:D018352,MESH:D018882,MESH:D019964,MESH:D019965,MESH:D045169,MESH:D051271,MESH:D061325
34906660	MESH:C000657245,MESH:D000079225,MESH:D000275,MESH:D000699,MESH:D001007,MESH:D001168,MESH:D002318,MESH:D003324,MESH:D003643,MESH:D003920,MESH:D004417,MESH:D006618,MESH:D007239,MESH:D010003,MESH:D010146,MESH:D010149,MESH:D014947,MESH:D015207,MESH:D015535,MESH:D018771,MESH:D020370,MESH:D050723,MESH:D059350,MESH:D059352
33091331	MESH:C000657245,MESH:D003371,MESH:D003643,MESH:D005334,MESH:D007239,MESH:D010608,MESH:D012140
33489409	MESH:C000657245,MESH:C536356,MESH:C537373,MESH:D000740,MESH:D001102,MESH:D001523,MESH:D001745,MESH:D001778,MESH:D001786,MESH:D003141,MESH:D003404,MESH:D003920,MESH:D003924,MESH:D005221,MESH:D005334,MESH:D006417,MESH:D006470,MESH:D007239,MESH:D007680,MESH:D007681,MESH:D008103,MESH:D009336,MESH:D009369,MESH:D010211,MESH:D011027,MESH:D011704,MESH:D012141,MESH:D012818,MESH:D014376,MESH:D014517,MESH:D014552,MESH:D015354,MESH:D015746,MESH:D021501,MESH:D053099,MESH:D053159
34251568	MESH:C000606551,MESH:C000657245,MESH:C502936,MESH:D001778,MESH:D003141,MESH:D003643,MESH:D003920,MESH:D005355,MESH:D006331,MESH:D007239,MESH:D007249,MESH:D007511,MESH:D008103,MESH:D008107,MESH:D009220,MESH:D009765,MESH:D012131,MESH:D013927,MESH:D017093,MESH:D019693,MESH:D054556,MESH:D056486,MESH:D058625
34523132	MESH:C000657245
32333026	MESH:C000657245,MESH:C537153,MESH:D000638,MESH:D000860,MESH:D001102,MESH:D001145,MESH:D001172,MESH:D002318,MESH:D002738,MESH:D003371,MESH:D003643,MESH:D004417,MESH:D005334,MESH:D006333,MESH:D006886,MESH:D007008,MESH:D007239,MESH:D008133,MESH:D008180,MESH:D009202,MESH:D009203,MESH:D009205,MESH:D011024,MESH:D012120,MESH:D012128,MESH:D012770,MESH:D013575,MESH:D014693,MESH:D014766,MESH:D016171,MESH:D016757,MESH:D017963,MESH:D018352,MESH:D018487,MESH:D051437,MESH:D058186,MESH:D062787,MESH:D066126
32847744	MESH:C000657245,MESH:D001007,MESH:D001924,MESH:D003693,MESH:D007239,MESH:D007319,MESH:D008550,MESH:D008874,MESH:D011024,MESH:D012772,MESH:D012893,MESH:D018352,MESH:D018805
34237727	MESH:C000657245,MESH:D003643,MESH:D007511,MESH:D020521
32618967	MESH:C000657245,MESH:D011024,MESH:D014947,MESH:D018352
32145217	MESH:C000657245,MESH:D003371,MESH:D003643,MESH:D003967,MESH:D004417,MESH:D005334,MESH:D007078,MESH:D007239,MESH:D011014,MESH:D011024,MESH:D012128,MESH:D012140,MESH:D012817,MESH:D013274,MESH:D014839,MESH:D017714,MESH:D018352,MESH:D045169
34864190	MESH:C000657245
32343996	MESH:C000657245,MESH:D006311,MESH:D006331,MESH:D007239,MESH:D009920,MESH:D011024,MESH:D012131,MESH:D013736,MESH:D013739,MESH:D018352,MESH:D045169,MESH:D060085
32503857	MESH:C000596027,MESH:C000657245,MESH:C479163,MESH:C555450,MESH:D000069283,MESH:D001168,MESH:D001172,MESH:D002586,MESH:D003643,MESH:D003920,MESH:D005938,MESH:D006886,MESH:D006973,MESH:D007239,MESH:D008180,MESH:D008727,MESH:D009140,MESH:D011024,MESH:D011241,MESH:D012216,MESH:D014657,MESH:D015212,MESH:D018352,MESH:D018501,MESH:D025242,MESH:D053590
35268531	MESH:C000657245,MESH:C536920,MESH:C538437,MESH:D000071069,MESH:D000080223,MESH:D000857,MESH:D001145,MESH:D001249,MESH:D001663,MESH:D002318,MESH:D002637,MESH:D002857,MESH:D003027,MESH:D003324,MESH:D003371,MESH:D003404,MESH:D003643,MESH:D003920,MESH:D003967,MESH:D004417,MESH:D005334,MESH:D006261,MESH:D006333,MESH:D006349,MESH:D006949,MESH:D006973,MESH:D007239,MESH:D008055,MESH:D008231,MESH:D008659,MESH:D009223,MESH:D009325,MESH:D009369,MESH:D009503,MESH:D009584,MESH:D010608,MESH:D011014,MESH:D012080,MESH:D012131,MESH:D012141,MESH:D012818,MESH:D014508,MESH:D014581,MESH:D014839,MESH:D015451,MESH:D015658,MESH:D018352,MESH:D020521,MESH:D029424,MESH:D030342,MESH:D033461,MESH:D050171,MESH:D050197,MESH:D051436,MESH:D052439,MESH:D056486,MESH:D063806,MESH:D065631
32429681	MESH:C000657245,MESH:C535742,MESH:D003141,MESH:D003643,MESH:D004421,MESH:D011024,MESH:D018352
35055602	MESH:C000657245,MESH:C535395,MESH:C566065,MESH:D000073397,MESH:D000079225,MESH:D000275,MESH:D001007,MESH:D001523,MESH:D002784,MESH:D003324,MESH:D003643,MESH:D004298,MESH:D005221,MESH:D007319,MESH:D014280
33363440	MESH:C000628730,MESH:C000657245,MESH:C004998,MESH:C024865,MESH:C032734,MESH:C536414,MESH:C562950,MESH:C566544,MESH:D000014,MESH:D000071243,MESH:D000163,MESH:D000438,MESH:D001102,MESH:D001281,MESH:D002244,MESH:D003141,MESH:D003643,MESH:D005947,MESH:D006108,MESH:D006331,MESH:D006493,MESH:D006509,MESH:D007239,MESH:D008055,MESH:D008288,MESH:D008670,MESH:D008751,MESH:D009369,MESH:D009841,MESH:D011014,MESH:D011108,MESH:D011134,MESH:D011137,MESH:D012643,MESH:D012822,MESH:D012825,MESH:D012834,MESH:D013438,MESH:D014867,MESH:D018177,MESH:D018352,MESH:D018455,MESH:D019793,MESH:D056486,MESH:D065632
33224626	MESH:C000657245,MESH:C565865,MESH:D001986,MESH:D003141,MESH:D003643,MESH:D007239,MESH:D010100,MESH:D011014,MESH:D019851,MESH:D025861
35063714	MESH:C000657245,MESH:C535531,MESH:D001321,MESH:D001523,MESH:D002658,MESH:D003072,MESH:D003643,MESH:D006470,MESH:D008607,MESH:D030342
32360231	MESH:C000606551,MESH:C000657245,MESH:C086979,MESH:C414210,MESH:C558899,MESH:D000068698,MESH:D000998,MESH:D001102,MESH:D001120,MESH:D003643,MESH:D005334,MESH:D006859,MESH:D007211,MESH:D007239,MESH:D007930,MESH:D008239,MESH:D011024,MESH:D011134,MESH:D012254,MESH:D017334,MESH:D018352,MESH:D018698,MESH:D019259,MESH:D053139
35134561	MESH:C000657245,MESH:C537501,MESH:D000068298,MESH:D000370,MESH:D000857,MESH:D003072,MESH:D003371,MESH:D003643,MESH:D004342,MESH:D004408,MESH:D004417,MESH:D005221,MESH:D005334,MESH:D007239,MESH:D009461,MESH:D012640,MESH:D012678,MESH:D012818,MESH:D013256,MESH:D013651,MESH:D014221,MESH:D014807,MESH:D016638,MESH:D018352,MESH:D030342,MESH:D051271,MESH:D063806
32991794	MESH:C000657245,MESH:D002908,MESH:D003141,MESH:D003643,MESH:D003920,MESH:D004342,MESH:D004890,MESH:D005076,MESH:D005221,MESH:D005334,MESH:D005947,MESH:D005998,MESH:D006261,MESH:D006509,MESH:D007003,MESH:D007239,MESH:D008055,MESH:D010146,MESH:D011392,MESH:D012140,MESH:D015662,MESH:D018352,MESH:D051271,MESH:D063806,MESH:D064420
32096566	MESH:D007239,MESH:D011024,MESH:D018352
33824264	MESH:C000657245,MESH:D000079225,MESH:D000275,MESH:D001007,MESH:D001321,MESH:D001523,MESH:D003371,MESH:D003643,MESH:D005334,MESH:D007239,MESH:D008874,MESH:D018352
32583423	MESH:C000657245,MESH:D000079225,MESH:D001007,MESH:D001102,MESH:D003643,MESH:D003920,MESH:D006527,MESH:D011024,MESH:D014095,MESH:D014923,MESH:D018352,MESH:D045169
34790435	MESH:C000657245,MESH:D000079225
32897869	MESH:C000657245,MESH:D011024,MESH:D018352
35437697	MESH:C000657245,MESH:D000067073,MESH:D000079225,MESH:D000275,MESH:D001007,MESH:D001523,MESH:D001991,MESH:D002908,MESH:D003072,MESH:D003920,MESH:D004417,MESH:D004421,MESH:D004646,MESH:D005221,MESH:D006331,MESH:D007239,MESH:D007249,MESH:D007319,MESH:D008569,MESH:D011596,MESH:D019965,MESH:D051271
35173661	MESH:C000657245,MESH:C536085,MESH:D000079225,MESH:D000275,MESH:D001007,MESH:D001102,MESH:D001249,MESH:D003072,MESH:D003141,MESH:D003903,MESH:D003920,MESH:D007239,MESH:D012967,MESH:D018352,MESH:D043183,MESH:D045169
35597776	MESH:C000657245,MESH:C564833,MESH:D002908,MESH:D003141,MESH:D007239,MESH:D009369,MESH:D009765,MESH:D059390
33956870	MESH:C000657245,MESH:C536439,MESH:C538137,MESH:D000370,MESH:D000787,MESH:D001014,MESH:D001102,MESH:D001961,MESH:D001962,MESH:D002318,MESH:D002637,MESH:D003141,MESH:D003324,MESH:D003371,MESH:D003404,MESH:D003643,MESH:D003903,MESH:D003920,MESH:D003967,MESH:D004417,MESH:D005221,MESH:D005334,MESH:D005767,MESH:D006330,MESH:D006333,MESH:D006349,MESH:D006973,MESH:D007010,MESH:D007239,MESH:D007249,MESH:D007674,MESH:D008094,MESH:D008107,MESH:D008171,MESH:D009202,MESH:D009203,MESH:D009369,MESH:D009765,MESH:D010100,MESH:D010608,MESH:D011188,MESH:D012128,MESH:D012131,MESH:D012140,MESH:D012141,MESH:D012216,MESH:D012964,MESH:D013923,MESH:D014508,MESH:D016638,MESH:D017093,MESH:D018352,MESH:D020246,MESH:D020521,MESH:D034141,MESH:D050171,MESH:D055370,MESH:D058186,MESH:D058540,MESH:D058729,MESH:D063806
34011221	MESH:C000657245,MESH:C535742,MESH:D002738,MESH:D003141,MESH:D003643,MESH:D005334,MESH:D006886,MESH:D007239,MESH:D012141,MESH:D012818,MESH:D013792,MESH:D016638
34758179	MESH:C000657245,MESH:D000014,MESH:D000079225,MESH:D000275,MESH:D001007,MESH:D005221,MESH:D005839,MESH:D006527,MESH:D007239,MESH:D011251,MESH:D013478,MESH:D018149,MESH:D066087
33225308	MESH:C000657245,MESH:C034532,MESH:C502936,MESH:D002738,MESH:D002908,MESH:D003371,MESH:D003550,MESH:D003643,MESH:D003920,MESH:D004417,MESH:D005334,MESH:D006886,MESH:D006935,MESH:D006949,MESH:D006973,MESH:D007239,MESH:D007249,MESH:D008070,MESH:D008180,MESH:D009102,MESH:D009765,MESH:D010100,MESH:D010182,MESH:D010195,MESH:D010996,MESH:D011014,MESH:D011066,MESH:D011658,MESH:D012128,MESH:D012694,MESH:D013256,MESH:D016638,MESH:D017963,MESH:D018352,MESH:D018805,MESH:D055370
35572180	MESH:C000657245
33754459	MESH:C000657245,MESH:D000079225,MESH:D001523,MESH:D002908,MESH:D003643,MESH:D003704,MESH:D003920,MESH:D006973,MESH:D007239,MESH:D007871,MESH:D009369,MESH:D012871,MESH:D014947,MESH:D017719,MESH:D018805
34139069	MESH:C000657245,MESH:C462182,MESH:D000577,MESH:D006886,MESH:D011719,MESH:D056150
35013191	MESH:C000657245,MESH:C003043,MESH:D000031,MESH:D000077559,MESH:D000431,MESH:D000588,MESH:D001102,MESH:D001778,MESH:D002245,MESH:D003289,MESH:D003643,MESH:D003645,MESH:D005184,MESH:D006261,MESH:D007239,MESH:D007249,MESH:D007376,MESH:D007854,MESH:D008171,MESH:D008569,MESH:D009336,MESH:D009584,MESH:D010406,MESH:D011014,MESH:D011126,MESH:D011137,MESH:D012503,MESH:D013307,MESH:D014947,MESH:D016207,MESH:D018352,MESH:D020126,MESH:D059390
35114577	MESH:C000657245,MESH:C535850,MESH:D003324,MESH:D003550,MESH:D003643,MESH:D003920,MESH:D005355,MESH:D006333,MESH:D006973,MESH:D007239,MESH:D008171,MESH:D009538,MESH:D051436,MESH:D058186
33669805	MESH:C000657245,MESH:C535833,MESH:D000073605,MESH:D000073878,MESH:D001102,MESH:D002771,MESH:D003141,MESH:D003371,MESH:D003643,MESH:D004417,MESH:D005334,MESH:D006973,MESH:D007239,MESH:D008288,MESH:D011014,MESH:D011051,MESH:D011538,MESH:D014202,MESH:D014376,MESH:D014839,MESH:D014867,MESH:D015047,MESH:D045464,MESH:D053609
32315756	MESH:C000657245,MESH:D003371,MESH:D003643,MESH:D003967,MESH:D004417,MESH:D005334,MESH:D007239,MESH:D008231,MESH:D009102,MESH:D011014,MESH:D011024,MESH:D015047,MESH:D018352,MESH:D058070
33435808	MESH:C000657245,MESH:C536777,MESH:D000119,MESH:D001102,MESH:D001424,MESH:D001749,MESH:D003643,MESH:D005334,MESH:D005936,MESH:D007239,MESH:D007635,MESH:D007951,MESH:D008070,MESH:D008223,MESH:D008288,MESH:D008545,MESH:D009369,MESH:D012141,MESH:D012400,MESH:D012793,MESH:D014123,MESH:D014376,MESH:D014766,MESH:D015179,MESH:D018805,MESH:D047071,MESH:D050197,MESH:D056486,MESH:D060085
32319129	MESH:C000657245,MESH:D001249,MESH:D002908,MESH:D004342,MESH:D006967,MESH:D007153,MESH:D011024,MESH:D018352
33666261	MESH:C000657245,MESH:D005759
33169260	MESH:C000657245,MESH:D000699,MESH:D003643,MESH:D007239,MESH:D012421,MESH:D016638,MESH:D018908
35270760	MESH:C000657245,MESH:D000073296,MESH:D001523,MESH:D002784,MESH:D005947,MESH:D007174,MESH:D008055,MESH:D009069,MESH:D009140,MESH:D009369,MESH:D009765,MESH:D010005,MESH:D012640,MESH:D050171,MESH:D063766,MESH:D063806
33410294	MESH:C000657245,MESH:D001102,MESH:D001327,MESH:D007239,MESH:D009101,MESH:D017887,MESH:D058345
32666316	MESH:C000657245,MESH:D001778,MESH:D003643,MESH:D004417,MESH:D007239,MESH:D008171,MESH:D008231,MESH:D010100,MESH:D010996,MESH:D011014,MESH:D011024,MESH:D012131,MESH:D012818,MESH:D018352
33378607	MESH:C000657245,MESH:D003643,MESH:D007239,MESH:D008055,MESH:D014612,MESH:D018352
35592326	MESH:C000657245,MESH:C548078,MESH:D000208,MESH:D000848,MESH:D001102,MESH:D001424,MESH:D003596,MESH:D003643,MESH:D004211,MESH:D005334,MESH:D007239,MESH:D009103,MESH:D009369,MESH:D011008,MESH:D012141,MESH:D012640,MESH:D015047,MESH:D015451,MESH:D015658,MESH:D018352,MESH:D019142
33223732	MESH:C000657245,MESH:D000783,MESH:D000860,MESH:D001007,MESH:D003643,MESH:D004211,MESH:D005264,MESH:D005265,MESH:D006333,MESH:D006620,MESH:D006973,MESH:D007239,MESH:D007249,MESH:D009765,MESH:D009800,MESH:D010100,MESH:D011655,MESH:D012128,MESH:D013226,MESH:D013923,MESH:D014947,MESH:D018352,MESH:D029424,MESH:D050723
33724560	MESH:C000657245,MESH:D001327,MESH:D010391,MESH:D010392
33591938	MESH:C000657245,MESH:D000163,MESH:D000860,MESH:D001249,MESH:D001778,MESH:D002318,MESH:D002908,MESH:D003371,MESH:D003404,MESH:D003643,MESH:D003920,MESH:D004211,MESH:D004417,MESH:D005334,MESH:D006402,MESH:D006973,MESH:D007022,MESH:D007153,MESH:D007239,MESH:D007674,MESH:D007859,MESH:D008108,MESH:D008171,MESH:D009102,MESH:D009369,MESH:D009422,MESH:D009584,MESH:D011014,MESH:D012080,MESH:D012128,MESH:D012818,MESH:D013921,MESH:D014474,MESH:D014508,MESH:D015658,MESH:D016638,MESH:D017093,MESH:D025861,MESH:D045169,MESH:D051436,MESH:D051437,MESH:D054556,MESH:D055370,MESH:D056486,MESH:D058186,MESH:D058625,MESH:D063806
34072500	MESH:C000657245,MESH:D003141,MESH:D003643,MESH:D003966,MESH:D006509,MESH:D007239,MESH:D009369,MESH:D009959,MESH:D013746,MESH:D030361
34548976	MESH:C000657245,MESH:D000069279,MESH:D000138,MESH:D000860,MESH:D001159,MESH:D003324,MESH:D003371,MESH:D003404,MESH:D003643,MESH:D003920,MESH:D004417,MESH:D004492,MESH:D005334,MESH:D006461,MESH:D006493,MESH:D006973,MESH:D007239,MESH:D007249,MESH:D007674,MESH:D007676,MESH:D008231,MESH:D009223,MESH:D010100,MESH:D012128,MESH:D013927,MESH:D016638,MESH:D018352,MESH:D029424,MESH:D034141,MESH:D051436,MESH:D051437,MESH:D053099,MESH:D058186
32495372	MESH:C000657245,MESH:D006457,MESH:D006461,MESH:D007249,MESH:D011024,MESH:D018352,MESH:D051056
33735264	MESH:C000657245,MESH:D000755,MESH:D000857,MESH:D000860,MESH:D003141,MESH:D003324,MESH:D003371,MESH:D003704,MESH:D003920,MESH:D003967,MESH:D004408,MESH:D004417,MESH:D005221,MESH:D005334,MESH:D006261,MESH:D006333,MESH:D007239,MESH:D009202,MESH:D009369,MESH:D009765,MESH:D016638,MESH:D018352,MESH:D029424,MESH:D051436,MESH:D063806
35538681	MESH:C000606551,MESH:C000628402,MESH:C000657245,MESH:C011067,MESH:C023676,MESH:C025109,MESH:C041747,MESH:C086979,MESH:C462182,MESH:C502936,MESH:C535882,MESH:C558899,MESH:D000069474,MESH:D000241,MESH:D000740,MESH:D000860,MESH:D001102,MESH:D001172,MESH:D001247,MESH:D001249,MESH:D001327,MESH:D002318,MESH:D002738,MESH:D003141,MESH:D003371,MESH:D003596,MESH:D003643,MESH:D003645,MESH:D003907,MESH:D003920,MESH:D003967,MESH:D005334,MESH:D005873,MESH:D006151,MESH:D006160,MESH:D006461,MESH:D006480,MESH:D006509,MESH:D006526,MESH:D006886,MESH:D006973,MESH:D007022,MESH:D007239,MESH:D007559,MESH:D008055,MESH:D008171,MESH:D008231,MESH:D009102,MESH:D009325,MESH:D009336,MESH:D009369,MESH:D009705,MESH:D009765,MESH:D009821,MESH:D010100,MESH:D011014,MESH:D011125,MESH:D011658,MESH:D011685,MESH:D012128,MESH:D012131,MESH:D012140,MESH:D012254,MESH:D012400,MESH:D012503,MESH:D012772,MESH:D013256,MESH:D013941,MESH:D014498,MESH:D014839,MESH:D015047,MESH:D015658,MESH:D016638,MESH:D017093,MESH:D017963,MESH:D018352,MESH:D018357,MESH:D018805,MESH:D019438,MESH:D055370,MESH:D056486,MESH:D061466,MESH:D064420
35086121	MESH:C000657245,MESH:D000402,MESH:D001523,MESH:D002386,MESH:D005901,MESH:D008268,MESH:D008998,MESH:D009216,MESH:D012030,MESH:D012163
32404126	MESH:C000657245,MESH:D000275,MESH:D001007,MESH:D001523,MESH:D001714,MESH:D011024,MESH:D011605,MESH:D018352
33509849	MESH:C000657245,MESH:C093875,MESH:D001249,MESH:D002908,MESH:D003643,MESH:D007239,MESH:D009223,MESH:D009404,MESH:D012140
34453317	MESH:C000657245,MESH:C002502,MESH:D000067390,MESH:D000588,MESH:D000857,MESH:D000939,MESH:D001102,MESH:D001172,MESH:D001327,MESH:D001480,MESH:D002241,MESH:D003141,MESH:D003371,MESH:D003643,MESH:D003920,MESH:D003967,MESH:D004342,MESH:D005221,MESH:D005334,MESH:D006509,MESH:D006973,MESH:D007239,MESH:D007249,MESH:D009369,MESH:D009584,MESH:D010100,MESH:D010455,MESH:D010710,MESH:D011014,MESH:D011136,MESH:D012140,MESH:D012818,MESH:D013656,MESH:D013746,MESH:D063806
35356264	MESH:C000657245,MESH:D000079225,MESH:D000275,MESH:D001007,MESH:D002908,MESH:D005221,MESH:D007239,MESH:D010146,MESH:D012128,MESH:D013725,MESH:D018352,MESH:D019052,MESH:D020018,MESH:D045169,MESH:D058540
34256928	MESH:C000657245,MESH:D002561,MESH:D020521
32578210	MESH:C000657245,MESH:D001688,MESH:D011024,MESH:D017497,MESH:D018352
34262564	MESH:C000596027,MESH:C000606551,MESH:C000657245,MESH:C502936,MESH:C558899,MESH:C569686,MESH:C579455,MESH:D000249,MESH:D000860,MESH:D000998,MESH:D002908,MESH:D003643,MESH:D003907,MESH:D003920,MESH:D005921,MESH:D006527,MESH:D006886,MESH:D006973,MESH:D007239,MESH:D007249,MESH:D007918,MESH:D008171,MESH:D008569,MESH:D010100,MESH:D011419,MESH:D012128,MESH:D012131,MESH:D016207,MESH:D017830,MESH:D019208,MESH:D029424,MESH:D053201,MESH:D055370
33112948	MESH:C000657245
33619888	MESH:C000657245,MESH:D007239
34783127	MESH:C000657245,MESH:D003643
33858931	MESH:C000657245,MESH:D003141,MESH:D003371,MESH:D003643,MESH:D005334,MESH:D007239,MESH:D009261,MESH:D018908
33706836	MESH:C000657245,MESH:C010882,MESH:D000431,MESH:D000438,MESH:D000891,MESH:D001548,MESH:D002594,MESH:D003868,MESH:D004342,MESH:D006861,MESH:D007239,MESH:D007455,MESH:D008055,MESH:D009822,MESH:D011108,MESH:D011205,MESH:D011206,MESH:D012141,MESH:D013959,MESH:D014076,MESH:D014777,MESH:D014867,MESH:D064420
34184314	MESH:C000657245,MESH:D003643,MESH:D014693,MESH:D018487,MESH:D018754
35321490	MESH:C000657245,MESH:C535742,MESH:C535882,MESH:C538614,MESH:D000069036,MESH:D000163,MESH:D003141,MESH:D003920,MESH:D004342,MESH:D017827
35352012	MESH:C000657245,MESH:C536108,MESH:D000853,MESH:D009216,MESH:D012030,MESH:D018450
33528827	MESH:C000657245,MESH:C023676,MESH:C558899,MESH:D000079225,MESH:D000275,MESH:D000855,MESH:D000998,MESH:D001007,MESH:D001102,MESH:D001247,MESH:D001523,MESH:D002318,MESH:D002494,MESH:D003072,MESH:D003141,MESH:D003371,MESH:D003643,MESH:D003704,MESH:D003920,MESH:D004417,MESH:D004696,MESH:D005221,MESH:D005334,MESH:D006261,MESH:D006509,MESH:D006854,MESH:D006886,MESH:D006973,MESH:D007029,MESH:D007154,MESH:D007239,MESH:D007249,MESH:D008581,MESH:D009421,MESH:D010100,MESH:D010146,MESH:D012893,MESH:D013313,MESH:D014947,MESH:D015673,MESH:D016731,MESH:D018805,MESH:D019438,MESH:D029424,MESH:D034721,MESH:D040921,MESH:D045169,MESH:D051271,MESH:D053139,MESH:D058625,MESH:D059352,MESH:D061466,MESH:D063806
33352250	MESH:C000657245,MESH:C502936,MESH:D003015,MESH:D003141,MESH:D003428,MESH:D003920,MESH:D006973,MESH:D007239,MESH:D008180,MESH:D009369,MESH:D009765,MESH:D012973,MESH:D014640
34228112	MESH:C000657245
34325612	MESH:C000657245,MESH:D002318,MESH:D003141,MESH:D003643,MESH:D003920,MESH:D007239,MESH:D007319,MESH:D009369,MESH:D009765,MESH:D012140,MESH:D014612,MESH:D018352,MESH:D050197
34127735	MESH:C000657245,MESH:C080625,MESH:C538445,MESH:C540278,MESH:D000069501,MESH:D000077143,MESH:D000077211,MESH:D000726,MESH:D001523,MESH:D001943,MESH:D003288,MESH:D005221,MESH:D006073,MESH:D009135,MESH:D009362,MESH:D009369,MESH:D010003,MESH:D010146,MESH:D011471,MESH:D012640,MESH:D017116,MESH:D018567
33054263	MESH:C000657245,MESH:C537866,MESH:D003141,MESH:D003643,MESH:D008288,MESH:D011024,MESH:D015658,MESH:D018352
33119257	MESH:C000589335,MESH:C000657245,MESH:C012546,MESH:C020976,MESH:C059539,MESH:C092292,MESH:C437084,MESH:C500026,MESH:C512204,MESH:C522181,MESH:C526575,MESH:C578834,MESH:D000068581,MESH:D000069616,MESH:D000666,MESH:D000998,MESH:D003643,MESH:D004087,MESH:D005047,MESH:D006219,MESH:D006712,MESH:D006859,MESH:D008463,MESH:D009101,MESH:D009436,MESH:D010042,MESH:D010868,MESH:D011802,MESH:D012128,MESH:D013455,MESH:D014867,MESH:D015767,MESH:D017964,MESH:D019438,MESH:D019793,MESH:D053139,MESH:D053626,MESH:D061466,MESH:D064420
33461516	MESH:C000657245,MESH:D001321,MESH:D001943,MESH:D003643,MESH:D004827,MESH:D006333,MESH:D009369,MESH:D011471,MESH:D018352,MESH:D029461
34717713	MESH:C000657245,MESH:D001102,MESH:D003141,MESH:D004630,MESH:D004670,MESH:D006333,MESH:D007239,MESH:D009821,MESH:D014001,MESH:D016638,MESH:D018352,MESH:D045169
35265332	MESH:C000657245,MESH:C015418,MESH:D000067390,MESH:D000998,MESH:D001102,MESH:D001171,MESH:D001281,MESH:D001523,MESH:D001548,MESH:D003048,MESH:D003141,MESH:D003643,MESH:D006527,MESH:D006851,MESH:D012220,MESH:D012492,MESH:D012965,MESH:D012967,MESH:D012973,MESH:D014867,MESH:D017673,MESH:D017693
32357545	MESH:C000606551,MESH:C000657245,MESH:C558899,MESH:D001224,MESH:D002738,MESH:D003643,MESH:D003903,MESH:D005998,MESH:D007239,MESH:D012128,MESH:D012640,MESH:D020195,MESH:D061466
32442894	MESH:C000657245,MESH:D000079225,MESH:D001007,MESH:D001102,MESH:D001523,MESH:D002908,MESH:D003141,MESH:D003643,MESH:D007239,MESH:D011024,MESH:D011605,MESH:D011618,MESH:D012559,MESH:D014947,MESH:D015658,MESH:D018352
33768363	MESH:C000657245,MESH:D000275,MESH:D011014,MESH:D015047
34215475	MESH:C000657245,MESH:D000438,MESH:D002047,MESH:D003643,MESH:D004318,MESH:D006323,MESH:D007022,MESH:D008691,MESH:D009270,MESH:D009271,MESH:D019966,MESH:D062787
34879393	MESH:C000657245
34533285	MESH:C000657245,MESH:D000079225,MESH:D000275,MESH:D001007,MESH:D001523,MESH:D003141,MESH:D003643,MESH:D005597,MESH:D007239,MESH:D007319,MESH:D009155,MESH:D012120,MESH:D018352,MESH:D045169
32381441	MESH:C000657245,MESH:D006620,MESH:D007239,MESH:D011024,MESH:D018352,MESH:D050723
33536042	MESH:C000657245,MESH:D000275,MESH:D001007,MESH:D001523,MESH:D002908,MESH:D003289,MESH:D003643,MESH:D003680,MESH:D004417,MESH:D005221,MESH:D005334,MESH:D006323,MESH:D007239,MESH:D009325,MESH:D009369,MESH:D010146,MESH:D012120,MESH:D013927,MESH:D016638,MESH:D018908,MESH:D045169,MESH:D051437,MESH:D053158,MESH:D054556,MESH:D060825
35073855	MESH:C000657245,MESH:D001102,MESH:D001988,MESH:D003141,MESH:D003643,MESH:D005334,MESH:D007239,MESH:D009422,MESH:D010100,MESH:D012140,MESH:D012818,MESH:D018357,MESH:D060085
32787601	MESH:C000657245,MESH:C531604,MESH:D000275,MESH:D000438,MESH:D001007,MESH:D001523,MESH:D002280,MESH:D002637,MESH:D002908,MESH:D003643,MESH:D004417,MESH:D007238,MESH:D007239,MESH:D007634,MESH:D009203,MESH:D009362,MESH:D009369,MESH:D011024,MESH:D012878,MESH:D018352,MESH:D058447
32799739	MESH:C000657245,MESH:C025451,MESH:C535742,MESH:C536716,MESH:C566367,MESH:D000082,MESH:D002303,MESH:D002547,MESH:D003643,MESH:D004417,MESH:D004421,MESH:D004827,MESH:D005173,MESH:D006261,MESH:D007052,MESH:D007239,MESH:D009084,MESH:D009369,MESH:D010146,MESH:D011024,MESH:D018352
32322046	MESH:C000657245,MESH:D000068079,MESH:D000275,MESH:D000856,MESH:D001007,MESH:D001523,MESH:D002318,MESH:D002561,MESH:D003920,MESH:D003924,MESH:D003967,MESH:D005334,MESH:D006854,MESH:D006973,MESH:D007022,MESH:D007239,MESH:D007249,MESH:D007674,MESH:D008107,MESH:D008171,MESH:D009325,MESH:D009461,MESH:D009748,MESH:D011024,MESH:D012141,MESH:D012817,MESH:D012818,MESH:D014839,MESH:D015746,MESH:D018352,MESH:D034141,MESH:D044342,MESH:D055370
32436576	MESH:C000657245
32632359	MESH:C000657245,MESH:C536780,MESH:D000111,MESH:D000244,MESH:D001102,MESH:D002908,MESH:D003643,MESH:D003967,MESH:D004806,MESH:D006861,MESH:D007239,MESH:D007249,MESH:D007410,MESH:D007737,MESH:D008055,MESH:D008171,MESH:D009243,MESH:D009536,MESH:D010100,MESH:D010743,MESH:D011014,MESH:D012128,MESH:D012141,MESH:D013778,MESH:D014364,MESH:D014766,MESH:D016638,MESH:D017093,MESH:D017382,MESH:D018352,MESH:D028361,MESH:D044882,MESH:D045169,MESH:D055370,MESH:D059808,MESH:D060825
34705530	MESH:C000657245,MESH:D008133,MESH:D009069,MESH:D009369,MESH:D009386,MESH:D011832,MESH:D020240,MESH:D064420
35177037	MESH:C000657245,MESH:D001991,MESH:D002908,MESH:D003371,MESH:D003404,MESH:D003643,MESH:D003920,MESH:D003924,MESH:D003967,MESH:D006973,MESH:D007022,MESH:D007153,MESH:D008055,MESH:D008171,MESH:D009223,MESH:D010996,MESH:D013725,MESH:D014376,MESH:D014390,MESH:D014508,MESH:D019595
35178468	MESH:C000657245,MESH:D001007,MESH:D003141,MESH:D003428,MESH:D007022,MESH:D011596,MESH:D012120,MESH:D012128,MESH:D012131,MESH:D012141,MESH:D018352,MESH:D045169
35332270	MESH:C000657245,MESH:C032855,MESH:D007239,MESH:D012694
34790054	MESH:C000657245,MESH:D001102,MESH:D001943,MESH:D003562,MESH:D003596,MESH:D006147,MESH:D007153,MESH:D007239,MESH:D007249,MESH:D009369,MESH:D012640,MESH:D014498,MESH:D015658,MESH:D018352,MESH:D055370
35186672	MESH:C000657245,MESH:D000073618,MESH:D000077483,MESH:D000212,MESH:D000707,MESH:D002443,MESH:D003643,MESH:D004660,MESH:D004673,MESH:D005076,MESH:D005334,MESH:D005492,MESH:D005947,MESH:D006258,MESH:D006261,MESH:D006562,MESH:D006563,MESH:D007239,MESH:D007964,MESH:D008581,MESH:D008582,MESH:D008590,MESH:D009205,MESH:D009325,MESH:D009437,MESH:D009461,MESH:D012213,MESH:D014640,MESH:D014805,MESH:D014839,MESH:D014947,MESH:D015658,MESH:D016697,MESH:D020271,MESH:D020795,MESH:D056486,MESH:D060085
34866771	MESH:C000657245,MESH:D000438,MESH:D001007,MESH:D003903,MESH:D004342
32412909	MESH:C000657245,MESH:D000079225,MESH:D000275,MESH:D001007,MESH:D001102,MESH:D001168,MESH:D003141,MESH:D003643,MESH:D003681,MESH:D003704,MESH:D004890,MESH:D006333,MESH:D006973,MESH:D007239,MESH:D009059,MESH:D009207,MESH:D012140,MESH:D013313,MESH:D014456,MESH:D014552,MESH:D016638,MESH:D018352,MESH:D034381,MESH:D044342,MESH:D051271
32530889	MESH:C000657245,MESH:D002908,MESH:D003371,MESH:D003643,MESH:D005221,MESH:D006261,MESH:D007239,MESH:D010608,MESH:D011024,MESH:D012818,MESH:D018352
32446801	MESH:C000606551,MESH:C000657245,MESH:C034532,MESH:C558899,MESH:C565008,MESH:D000077205,MESH:D000138,MESH:D000450,MESH:D000638,MESH:D000802,MESH:D000860,MESH:D001102,MESH:D001172,MESH:D001205,MESH:D001786,MESH:D002118,MESH:D002216,MESH:D002318,MESH:D002738,MESH:D003141,MESH:D003643,MESH:D003681,MESH:D003920,MESH:D003922,MESH:D003924,MESH:D003928,MESH:D004487,MESH:D005355,MESH:D005947,MESH:D006331,MESH:D006333,MESH:D006886,MESH:D006943,MESH:D006973,MESH:D007052,MESH:D007239,MESH:D007930,MESH:D008171,MESH:D008288,MESH:D008659,MESH:D008687,MESH:D009223,MESH:D009325,MESH:D009369,MESH:D009765,MESH:D010182,MESH:D010190,MESH:D010195,MESH:D010455,MESH:D010649,MESH:D011014,MESH:D011024,MESH:D012128,MESH:D012141,MESH:D012891,MESH:D013921,MESH:D014397,MESH:D014839,MESH:D015034,MESH:D017963,MESH:D018352,MESH:D018357,MESH:D019438,MESH:D019808,MESH:D020521,MESH:D044882,MESH:D045162,MESH:D045169,MESH:D050197,MESH:D051437,MESH:D053139,MESH:D055370,MESH:D056486,MESH:D060085,MESH:D061466
33373651	MESH:C000606551,MESH:C000657245,MESH:C032855,MESH:C041747,MESH:C086979,MESH:C462182,MESH:C549273,MESH:C558899,MESH:D000069474,MESH:D000998,MESH:D002219,MESH:D003643,MESH:D006886,MESH:D007093,MESH:D007239,MESH:D011759,MESH:D012254,MESH:D018352,MESH:D053139
33641513	MESH:C000657245,MESH:D000079225,MESH:D000275,MESH:D000437,MESH:D000544,MESH:D000647,MESH:D001007,MESH:D001145,MESH:D001168,MESH:D001523,MESH:D001714,MESH:D002561,MESH:D002908,MESH:D003324,MESH:D003643,MESH:D003920,MESH:D004421,MESH:D005221,MESH:D006333,MESH:D006509,MESH:D006949,MESH:D006973,MESH:D006998,MESH:D007239,MESH:D007511,MESH:D008545,MESH:D008691,MESH:D009369,MESH:D010698,MESH:D012559,MESH:D014947,MESH:D020521,MESH:D029424,MESH:D051271,MESH:D051436,MESH:D056486,MESH:D059350
34112877	MESH:C000606551,MESH:C000657245,MESH:C003043,MESH:C005111,MESH:C007293,MESH:C011674,MESH:C013580,MESH:C040015,MESH:C070243,MESH:C077990,MESH:C531198,MESH:D000068298,MESH:D000069286,MESH:D000077236,MESH:D000077768,MESH:D000079225,MESH:D000152,MESH:D000193,MESH:D000544,MESH:D000667,MESH:D000998,MESH:D001102,MESH:D001172,MESH:D001249,MESH:D001424,MESH:D001523,MESH:D001566,MESH:D001714,MESH:D001932,MESH:D002245,MESH:D002784,MESH:D002991,MESH:D003006,MESH:D003643,MESH:D003704,MESH:D003882,MESH:D003907,MESH:D003920,MESH:D004025,MESH:D004110,MESH:D004121,MESH:D004298,MESH:D004877,MESH:D004893,MESH:D005438,MESH:D005557,MESH:D006111,MESH:D006220,MESH:D006528,MESH:D006689,MESH:D007239,MESH:D007249,MESH:D007918,MESH:D008055,MESH:D008130,MESH:D008661,MESH:D008713,MESH:D008727,MESH:D009369,MESH:D009534,MESH:D010302,MESH:D010406,MESH:D010431,MESH:D011565,MESH:D011605,MESH:D011618,MESH:D012141,MESH:D012559,MESH:D012640,MESH:D012701,MESH:D013256,MESH:D013307,MESH:D013792,MESH:D014212,MESH:D014635,MESH:D014801,MESH:D015212,MESH:D015473,MESH:D015739,MESH:D016572,MESH:D016677,MESH:D018352,MESH:D018358,MESH:D019856,MESH:D020123,MESH:D020521,MESH:D029424,MESH:D054000,MESH:D054816,MESH:D055752,MESH:D060085,MESH:D064420,MESH:D064747
35128537	MESH:C000657245,MESH:D001064,MESH:D003643,MESH:D003920,MESH:D005402,MESH:D005767,MESH:D006470,MESH:D007674,MESH:D008094,MESH:D009336,MESH:D014867,MESH:D014947,MESH:D018352,MESH:D050723,MESH:D052016
33507981	MESH:C000657245,MESH:D000370,MESH:D000857,MESH:D002637,MESH:D003371,MESH:D003428,MESH:D003643,MESH:D003967,MESH:D005334,MESH:D006261,MESH:D007239,MESH:D011014,MESH:D012128,MESH:D012216,MESH:D015746,MESH:D018352,MESH:D051271,MESH:D058345,MESH:D063806
34706299	MESH:C000657245
35465974	MESH:C000657245,MESH:D000081207,MESH:D007153,MESH:D007239,MESH:D008661,MESH:D012967,MESH:D045169
32304928	MESH:C000657245,MESH:D001523,MESH:D002908,MESH:D009757,MESH:D010146,MESH:D011024,MESH:D018352,MESH:D019966,MESH:D044342
35287384	MESH:C000657245,MESH:C041477,MESH:C097949,MESH:C410406,MESH:C535742,MESH:D000241,MESH:D000255,MESH:D000275,MESH:D001145,MESH:D001205,MESH:D001859,MESH:D001862,MESH:D002117,MESH:D002244,MESH:D002318,MESH:D003072,MESH:D003141,MESH:D003474,MESH:D003643,MESH:D003903,MESH:D005221,MESH:D005234,MESH:D005609,MESH:D006333,MESH:D007239,MESH:D007249,MESH:D008055,MESH:D009202,MESH:D009205,MESH:D009705,MESH:D009765,MESH:D010024,MESH:D010300,MESH:D011142,MESH:D011794,MESH:D011803,MESH:D012402,MESH:D012770,MESH:D013927,MESH:D014867,MESH:D016666,MESH:D020913,MESH:D045542,MESH:D050723,MESH:D055370,MESH:D056486,MESH:D059787
35079784	MESH:C000657245,MESH:D019444
34724950	MESH:C000657245,MESH:C027132,MESH:C538158,MESH:D000474,MESH:D009369,MESH:D016638
35046607	MESH:C000657245,MESH:D001249,MESH:D003643,MESH:D005557,MESH:D008175,MESH:D009369,MESH:D009566,MESH:D009584,MESH:D009585,MESH:D009821,MESH:D010126,MESH:D012140,MESH:D012141,MESH:D013431,MESH:D064751
32762346	MESH:C000657245,MESH:C535742,MESH:D000079225,MESH:D003643,MESH:D003920,MESH:D005947,MESH:D006331,MESH:D009369,MESH:D009461
33851272	MESH:C000657245,MESH:D000275,MESH:D000437,MESH:D000438,MESH:D001007,MESH:D001523,MESH:D002908,MESH:D003371,MESH:D003643,MESH:D007239,MESH:D018908
33259882	MESH:C000657245,MESH:D000336,MESH:D000362,MESH:D002713,MESH:D003141,MESH:D003371,MESH:D003428,MESH:D003643,MESH:D007239,MESH:D007319,MESH:D009757,MESH:D010100,MESH:D012131,MESH:D012141,MESH:D012818
33503627	MESH:C000657245,MESH:C502936,MESH:C558899,MESH:D000078222,MESH:D000450,MESH:D000860,MESH:D002318,MESH:D003324,MESH:D003371,MESH:D003643,MESH:D003920,MESH:D003967,MESH:D004318,MESH:D004417,MESH:D005334,MESH:D005862,MESH:D006331,MESH:D006509,MESH:D006886,MESH:D006973,MESH:D007239,MESH:D007249,MESH:D007674,MESH:D007676,MESH:D008231,MESH:D008775,MESH:D009202,MESH:D009203,MESH:D010100,MESH:D011014,MESH:D011241,MESH:D012120,MESH:D012128,MESH:D012131,MESH:D012141,MESH:D014511,MESH:D014807,MESH:D020521,MESH:D051436,MESH:D058070,MESH:D064704
34812845	MESH:C000657245,MESH:D003643,MESH:D003920,MESH:D007239,MESH:D007674,MESH:D009369,MESH:D009765,MESH:D012967,MESH:D029424
35015782	MESH:C000606551,MESH:C000657245,MESH:C502936,MESH:C536439,MESH:D000438,MESH:D000860,MESH:D000925,MESH:D001102,MESH:D001249,MESH:D001663,MESH:D001919,MESH:D002318,MESH:D002561,MESH:D003128,MESH:D003324,MESH:D003371,MESH:D003404,MESH:D003643,MESH:D003704,MESH:D003920,MESH:D004417,MESH:D004958,MESH:D005221,MESH:D005334,MESH:D005355,MESH:D005947,MESH:D006331,MESH:D006505,MESH:D006525,MESH:D006943,MESH:D006973,MESH:D007239,MESH:D007249,MESH:D007970,MESH:D008103,MESH:D008107,MESH:D008171,MESH:D008231,MESH:D009102,MESH:D009223,MESH:D009369,MESH:D009765,MESH:D010100,MESH:D011014,MESH:D011374,MESH:D012128,MESH:D012131,MESH:D012141,MESH:D012694,MESH:D012772,MESH:D013256,MESH:D013610,MESH:D013739,MESH:D013923,MESH:D014947,MESH:D016638,MESH:D017963,MESH:D017984,MESH:D018805,MESH:D019851,MESH:D044882,MESH:D051436,MESH:D051437,MESH:D058625,MESH:D059787
33614055	MESH:C000657245,MESH:C535742,MESH:D000783,MESH:D004492,MESH:D005221,MESH:D005921,MESH:D006816,MESH:D006973,MESH:D007239,MESH:D007674,MESH:D010005,MESH:D010300,MESH:D017887,MESH:D051436,MESH:D057049,MESH:D059347
35440094	MESH:C000606551,MESH:C000657245,MESH:C537189,MESH:D000077287,MESH:D000082,MESH:D001929,MESH:D002318,MESH:D002543,MESH:D002545,MESH:D002561,MESH:D002857,MESH:D003404,MESH:D003643,MESH:D003907,MESH:D004417,MESH:D004421,MESH:D004487,MESH:D005334,MESH:D006261,MESH:D006406,MESH:D006525,MESH:D007239,MESH:D007249,MESH:D007251,MESH:D007511,MESH:D008171,MESH:D008206,MESH:D009325,MESH:D009461,MESH:D009584,MESH:D010100,MESH:D010146,MESH:D010608,MESH:D011188,MESH:D011655,MESH:D012640,MESH:D012818,MESH:D012851,MESH:D012964,MESH:D013921,MESH:D013923,MESH:D013927,MESH:D014508,MESH:D014839,MESH:D016638,MESH:D016878,MESH:D017984,MESH:D019851,MESH:D020246,MESH:D020300,MESH:D020521,MESH:D020767,MESH:D050497,MESH:D051271,MESH:D056486
35588736	MESH:C000657245,MESH:D007239,MESH:D009101,MESH:D009369,MESH:D015448
32396251	MESH:C000657245,MESH:D011024,MESH:D012871,MESH:D018352
32562278	MESH:C000657245,MESH:D002738,MESH:D006886,MESH:D011024,MESH:D018352
32583171	MESH:C000657245,MESH:D000305,MESH:D000658,MESH:D001017,MESH:D001247,MESH:D001663,MESH:D002443,MESH:D003371,MESH:D003404,MESH:D003643,MESH:D004417,MESH:D005334,MESH:D006261,MESH:D006973,MESH:D007239,MESH:D008231,MESH:D009207,MESH:D010100,MESH:D010995,MESH:D011014,MESH:D012128,MESH:D015415,MESH:D015572,MESH:D016638,MESH:D018352,MESH:D050171
34431023	MESH:C000656865,MESH:C000657245,MESH:D000544,MESH:D000860,MESH:D001102,MESH:D001778,MESH:D001925,MESH:D001927,MESH:D002493,MESH:D002534,MESH:D002544,MESH:D002561,MESH:D003141,MESH:D003244,MESH:D003643,MESH:D003693,MESH:D003704,MESH:D003711,MESH:D004244,MESH:D004660,MESH:D004673,MESH:D004679,MESH:D005355,MESH:D006261,MESH:D006816,MESH:D006849,MESH:D007239,MESH:D007249,MESH:D008590,MESH:D009101,MESH:D009127,MESH:D009203,MESH:D009422,MESH:D009437,MESH:D010300,MESH:D011605,MESH:D012128,MESH:D012175,MESH:D012640,MESH:D013651,MESH:D014832,MESH:D014867,MESH:D018352,MESH:D019636,MESH:D051271,MESH:D053306,MESH:D054537,MESH:D055370
33256204	MESH:C000657245,MESH:D002318,MESH:D002544,MESH:D002561,MESH:D003371,MESH:D003643,MESH:D003967,MESH:D004417,MESH:D005334,MESH:D006323,MESH:D006470,MESH:D007239,MESH:D010100,MESH:D010146,MESH:D011014,MESH:D012120,MESH:D012818,MESH:D014947,MESH:D016638,MESH:D018352,MESH:D018771,MESH:D020521
34730819	MESH:C000657245,MESH:D003643,MESH:D004342,MESH:D005600,MESH:D007239,MESH:D008175,MESH:D008881
33877966	MESH:C000657245,MESH:D000067390,MESH:D003141,MESH:D007239
32222253	MESH:C000657245,MESH:C537182,MESH:D000438,MESH:D002713,MESH:D003371,MESH:D003643,MESH:D004417,MESH:D005334,MESH:D007239,MESH:D009800,MESH:D011014,MESH:D011024,MESH:D012140,MESH:D012141,MESH:D012818,MESH:D016471,MESH:D018352,MESH:D020896
32887260	MESH:C000499,MESH:C000657245,MESH:C565785,MESH:D000068258,MESH:D000079225,MESH:D000309,MESH:D000860,MESH:D001102,MESH:D001749,MESH:D001761,MESH:D001778,MESH:D001855,MESH:D001943,MESH:D002118,MESH:D002244,MESH:D003108,MESH:D003110,MESH:D003643,MESH:D003920,MESH:D003924,MESH:D004211,MESH:D004487,MESH:D005355,MESH:D005909,MESH:D005910,MESH:D006086,MESH:D006323,MESH:D007239,MESH:D007249,MESH:D007319,MESH:D007511,MESH:D008070,MESH:D008171,MESH:D009102,MESH:D009104,MESH:D009203,MESH:D009336,MESH:D009362,MESH:D009369,MESH:D010146,MESH:D011008,MESH:D011014,MESH:D011024,MESH:D011471,MESH:D011654,MESH:D011658,MESH:D011832,MESH:D012128,MESH:D012131,MESH:D012140,MESH:D012771,MESH:D012772,MESH:D012822,MESH:D012829,MESH:D012878,MESH:D013923,MESH:D013927,MESH:D014947,MESH:D015179,MESH:D015212,MESH:D015427,MESH:D016638,MESH:D017566,MESH:D018312,MESH:D018352,MESH:D018805,MESH:D019446,MESH:D020345,MESH:D044045,MESH:D050197,MESH:D054556,MESH:D055370,MESH:D055371
35355988	MESH:C000657245,MESH:C471213,MESH:D000067390,MESH:D000783,MESH:D001102,MESH:D001416,MESH:D003141,MESH:D003324,MESH:D003643,MESH:D003920,MESH:D006639,MESH:D006854,MESH:D006973,MESH:D007239,MESH:D008171,MESH:D008569,MESH:D009102,MESH:D009369,MESH:D011014,MESH:D012128,MESH:D012131,MESH:D016399,MESH:D018177,MESH:D018352
35184735	MESH:C000657245,MESH:D000079225,MESH:D000275,MESH:D001007,MESH:D001523,MESH:D003643,MESH:D006504,MESH:D007538,MESH:D011718,MESH:D012293,MESH:D014947,MESH:D061285
35317212	MESH:C000657245,MESH:C563010,MESH:C580334,MESH:D000014,MESH:D000079225,MESH:D000740,MESH:D000860,MESH:D001102,MESH:D001424,MESH:D001855,MESH:D001996,MESH:D002318,MESH:D003371,MESH:D003643,MESH:D003924,MESH:D004342,MESH:D004417,MESH:D005221,MESH:D005334,MESH:D006402,MESH:D006973,MESH:D007022,MESH:D007037,MESH:D007239,MESH:D007249,MESH:D007938,MESH:D007951,MESH:D007964,MESH:D008231,MESH:D009102,MESH:D009369,MESH:D010322,MESH:D012128,MESH:D012131,MESH:D012818,MESH:D013921,MESH:D013922,MESH:D018352,MESH:D018376,MESH:D018805,MESH:D018908,MESH:D051436,MESH:D054429,MESH:D056587,MESH:D061466
33636357	MESH:C000657245,MESH:D007239,MESH:D015415,MESH:D016638,MESH:D018352
33430698	MESH:C000657245,MESH:C535742,MESH:D000079225,MESH:D001007,MESH:D003643,MESH:D007239,MESH:D009155,MESH:D013313
32532625	MESH:C000657245,MESH:D003072,MESH:D003680,MESH:D003704,MESH:D007239,MESH:D010300,MESH:D010302,MESH:D011024,MESH:D014202,MESH:D014786,MESH:D018352,MESH:D038062
34958181	MESH:C000657245,MESH:D003141,MESH:D003643,MESH:D007239,MESH:D011014,MESH:D012817,MESH:D015047
34769806	MESH:C000657245,MESH:C058272,MESH:C079149,MESH:C502936,MESH:C563010,MESH:D000077152,MESH:D000111,MESH:D000380,MESH:D000740,MESH:D000860,MESH:D001172,MESH:D001205,MESH:D001523,MESH:D002389,MESH:D002712,MESH:D003024,MESH:D003141,MESH:D003643,MESH:D003693,MESH:D003920,MESH:D005334,MESH:D005978,MESH:D006323,MESH:D006861,MESH:D006973,MESH:D006997,MESH:D007010,MESH:D007239,MESH:D007249,MESH:D008094,MESH:D008231,MESH:D008305,MESH:D009203,MESH:D009207,MESH:D009325,MESH:D009369,MESH:D009503,MESH:D011605,MESH:D011618,MESH:D012128,MESH:D012559,MESH:D012798,MESH:D012818,MESH:D013610,MESH:D014150,MESH:D014202,MESH:D014839,MESH:D015283,MESH:D016638,MESH:D018967,MESH:D064420,MESH:D065606
35006537	MESH:C000657245,MESH:D007239,MESH:D009538,MESH:D012140
32834192	MESH:C000657245,MESH:C535590,MESH:C536227,MESH:D001007,MESH:D001102,MESH:D001855,MESH:D003371,MESH:D003643,MESH:D003967,MESH:D004417,MESH:D005221,MESH:D005334,MESH:D006261,MESH:D006333,MESH:D006469,MESH:D006935,MESH:D007239,MESH:D008012,MESH:D008231,MESH:D009102,MESH:D010100,MESH:D011014,MESH:D012120,MESH:D012128,MESH:D012131,MESH:D012141,MESH:D012694,MESH:D012772,MESH:D013921,MESH:D014839,MESH:D018352,MESH:D018805,MESH:D045169,MESH:D063806
32635695	MESH:C000631847,MESH:C000657245,MESH:D001778,MESH:D002544,MESH:D002637,MESH:D003643,MESH:D006470,MESH:D007239,MESH:D007511,MESH:D011014,MESH:D012851,MESH:D018352,MESH:D020271,MESH:D020521
33765004	MESH:C000657245,MESH:D003141,MESH:D003643,MESH:D007239,MESH:D013936,MESH:D060085
32068012	MESH:C000657245,MESH:D001007,MESH:D005334,MESH:D007239,MESH:D011024,MESH:D014867,MESH:D018352
34926837	MESH:C000657245,MESH:C060154,MESH:D000079225,MESH:D001102,MESH:D002586,MESH:D003141,MESH:D003371,MESH:D003643,MESH:D004342,MESH:D004837,MESH:D005221,MESH:D005334,MESH:D006261,MESH:D006509,MESH:D007239,MESH:D008055,MESH:D010146,MESH:D010608,MESH:D010996,MESH:D011014,MESH:D011134,MESH:D012140,MESH:D012141,MESH:D012409,MESH:D012640,MESH:D013746,MESH:D014867,MESH:D015047,MESH:D018352,MESH:D018771,MESH:D045169,MESH:D056486,MESH:D063806
32708803	MESH:C000657245,MESH:C537866,MESH:D000067390,MESH:D001102,MESH:D001145,MESH:D001281,MESH:D001943,MESH:D002318,MESH:D002908,MESH:D003141,MESH:D003316,MESH:D003371,MESH:D003643,MESH:D003920,MESH:D004417,MESH:D005334,MESH:D007239,MESH:D009203,MESH:D009369,MESH:D011014,MESH:D011024,MESH:D012128,MESH:D012141,MESH:D012818,MESH:D014786,MESH:D015047,MESH:D018352,MESH:D020329,MESH:D045169,MESH:D055370
34720778	MESH:C000657245,MESH:C058899,MESH:C536047,MESH:C537005,MESH:C563443,MESH:C564120,MESH:D000080343,MESH:D006859,MESH:D007239,MESH:D007501,MESH:D009223,MESH:D012120,MESH:D057768
32285949	MESH:C000657245,MESH:D011024,MESH:D015658
33631857	MESH:C000657245,MESH:D015212
35320955	MESH:C000657245,MESH:D000077149,MESH:D000535,MESH:D001128,MESH:D002244,MESH:D002245,MESH:D003300,MESH:D003643,MESH:D005483,MESH:D006333,MESH:D006371,MESH:D006859,MESH:D009356,MESH:D009584,MESH:D009821,MESH:D010100,MESH:D012128,MESH:D012131,MESH:D012822,MESH:D017563,MESH:D017641
32710774	MESH:C000657245,MESH:D011024,MESH:D018352
32050635	MESH:C000657245,MESH:C563032,MESH:D000067390,MESH:D000855,MESH:D000860,MESH:D001102,MESH:D002318,MESH:D002821,MESH:D003141,MESH:D003371,MESH:D003643,MESH:D003907,MESH:D003920,MESH:D003967,MESH:D004211,MESH:D004417,MESH:D005221,MESH:D005334,MESH:D005483,MESH:D005947,MESH:D006261,MESH:D006973,MESH:D007022,MESH:D007239,MESH:D007249,MESH:D007676,MESH:D007752,MESH:D007775,MESH:D008171,MESH:D008831,MESH:D009102,MESH:D010020,MESH:D011014,MESH:D011024,MESH:D011251,MESH:D012120,MESH:D012128,MESH:D012131,MESH:D012140,MESH:D012141,MESH:D012254,MESH:D012421,MESH:D012772,MESH:D012817,MESH:D012818,MESH:D013256,MESH:D013927,MESH:D014592,MESH:D014765,MESH:D015047,MESH:D015746,MESH:D016920,MESH:D018352,MESH:D018805,MESH:D018908,MESH:D034141,MESH:D045169,MESH:D048949,MESH:D050497,MESH:D051437,MESH:D056486,MESH:D063806
33114654	MESH:C000657245,MESH:C563443,MESH:D000067390,MESH:D001102,MESH:D001416,MESH:D003141,MESH:D003643,MESH:D003920,MESH:D006509,MESH:D007239,MESH:D011014,MESH:D012128,MESH:D012409,MESH:D013746,MESH:D018352
34803106	MESH:C000657245,MESH:D000068579,MESH:D000068582,MESH:D000077271,MESH:D000743,MESH:D000744,MESH:D001168,MESH:D001172,MESH:D001327,MESH:D001416,MESH:D002131,MESH:D003371,MESH:D003404,MESH:D003643,MESH:D003876,MESH:D003920,MESH:D004408,MESH:D004417,MESH:D004487,MESH:D004890,MESH:D005221,MESH:D005334,MESH:D007239,MESH:D007249,MESH:D008727,MESH:D009080,MESH:D009102,MESH:D009838,MESH:D010100,MESH:D010146,MESH:D010743,MESH:D011092,MESH:D011239,MESH:D011565,MESH:D012131,MESH:D012216,MESH:D012871,MESH:D013167,MESH:D014527,MESH:D015535,MESH:D016736,MESH:D018352,MESH:D018501,MESH:D018771,MESH:D043183,MESH:D051359,MESH:D055501
34031483	MESH:C000657245,MESH:C535318,MESH:C535882,MESH:C562643,MESH:C564658,MESH:D001102,MESH:D001249,MESH:D001281,MESH:D001424,MESH:D001663,MESH:D001778,MESH:D001932,MESH:D003141,MESH:D003324,MESH:D003371,MESH:D003404,MESH:D003643,MESH:D003920,MESH:D004211,MESH:D005334,MESH:D005517,MESH:D005947,MESH:D006333,MESH:D006402,MESH:D006949,MESH:D006973,MESH:D007037,MESH:D007239,MESH:D007249,MESH:D007676,MESH:D008171,MESH:D008231,MESH:D008274,MESH:D009190,MESH:D011014,MESH:D011516,MESH:D012120,MESH:D012131,MESH:D014508,MESH:D015415,MESH:D018352,MESH:D029424,MESH:D034141,MESH:D054556,MESH:D055370,MESH:D058186,MESH:D060085,MESH:D063806
33983654	MESH:D011480
33586790	MESH:C000657245,MESH:D001007,MESH:D001249,MESH:D002908,MESH:D003643,MESH:D003920,MESH:D005947,MESH:D006333,MESH:D007153,MESH:D008171,MESH:D013119,MESH:D015658,MESH:D017827,MESH:D029424
32387494	MESH:C000657245,MESH:D045169
33675696	MESH:C000657245,MESH:C536316,MESH:D000138,MESH:D000783,MESH:D001205,MESH:D001241,MESH:D001778,MESH:D002118,MESH:D002125,MESH:D002438,MESH:D003288,MESH:D003324,MESH:D003404,MESH:D004409,MESH:D004656,MESH:D004837,MESH:D004890,MESH:D005076,MESH:D005221,MESH:D005334,MESH:D005665,MESH:D006331,MESH:D006332,MESH:D006333,MESH:D006493,MESH:D006529,MESH:D006976,MESH:D007022,MESH:D007239,MESH:D007249,MESH:D008775,MESH:D009059,MESH:D009080,MESH:D009102,MESH:D009140,MESH:D009202,MESH:D009205,MESH:D009336,MESH:D010100,MESH:D010634,MESH:D011239,MESH:D011297,MESH:D012640,MESH:D012769,MESH:D012770,MESH:D013407,MESH:D014456,MESH:D014508,MESH:D014807,MESH:D015034,MESH:D016712,MESH:D018352,MESH:D018476,MESH:D018746,MESH:D018754,MESH:D019344,MESH:D020105,MESH:D030981,MESH:D052120,MESH:D053609,MESH:D054143,MESH:D061325
34502799	MESH:C000657245,MESH:D007239,MESH:D015354,MESH:D055652
33310765	MESH:C000657245,MESH:C502936,MESH:C536231,MESH:C536439,MESH:C536657,MESH:C537254,MESH:C566796,MESH:D000138,MESH:D000309,MESH:D000741,MESH:D000857,MESH:D000860,MESH:D001102,MESH:D001259,MESH:D001778,MESH:D001927,MESH:D001930,MESH:D002493,MESH:D002543,MESH:D002544,MESH:D002545,MESH:D002561,MESH:D003072,MESH:D003128,MESH:D003244,MESH:D003324,MESH:D003643,MESH:D003693,MESH:D003711,MESH:D004244,MESH:D004298,MESH:D004408,MESH:D004487,MESH:D004660,MESH:D004673,MESH:D004679,MESH:D004684,MESH:D005334,MESH:D006261,MESH:D006402,MESH:D006406,MESH:D006470,MESH:D006973,MESH:D007238,MESH:D007239,MESH:D007249,MESH:D007511,MESH:D007964,MESH:D008231,MESH:D008775,MESH:D009102,MESH:D009103,MESH:D009127,MESH:D009187,MESH:D009188,MESH:D009205,MESH:D009207,MESH:D009220,MESH:D009336,MESH:D009471,MESH:D009886,MESH:D009902,MESH:D010243,MESH:D011014,MESH:D011595,MESH:D011605,MESH:D012120,MESH:D012128,MESH:D012141,MESH:D012640,MESH:D012818,MESH:D013345,MESH:D013921,MESH:D013923,MESH:D013927,MESH:D014657,MESH:D014899,MESH:D014947,MESH:D015658,MESH:D015882,MESH:D016638,MESH:D017093,MESH:D017114,MESH:D018352,MESH:D018805,MESH:D018836,MESH:D019586,MESH:D019965,MESH:D020144,MESH:D020244,MESH:D020274,MESH:D020293,MESH:D020521,MESH:D045169,MESH:D051359,MESH:D054556,MESH:D055501,MESH:D056784,MESH:D057049,MESH:D060825,MESH:D061325
32511752	MESH:C000657245,MESH:D007676,MESH:D011024,MESH:D018352,MESH:D058186
34888708	MESH:C000657245,MESH:C535733,MESH:C563666,MESH:D003643,MESH:D006623,MESH:D008133,MESH:D010146,MESH:D019080
33418280	MESH:C000657245,MESH:D003401,MESH:D003404,MESH:D003693,MESH:D009135,MESH:D010725,MESH:D013166
35312380	MESH:C000657245,MESH:D019851,MESH:D054556
33626020	MESH:C000657245,MESH:C502936,MESH:C558899,MESH:C564969,MESH:D000069439,MESH:D001249,MESH:D002637,MESH:D003324,MESH:D003371,MESH:D003404,MESH:D003643,MESH:D003920,MESH:D003924,MESH:D003967,MESH:D004417,MESH:D005334,MESH:D006261,MESH:D006333,MESH:D006816,MESH:D006973,MESH:D007239,MESH:D007676,MESH:D007938,MESH:D008223,MESH:D009102,MESH:D009223,MESH:D009325,MESH:D009369,MESH:D010100,MESH:D010608,MESH:D010996,MESH:D011014,MESH:D012128,MESH:D012141,MESH:D013256,MESH:D013610,MESH:D014376,MESH:D014390,MESH:D014397,MESH:D014839,MESH:D015464,MESH:D015746,MESH:D016638,MESH:D018805,MESH:D050171,MESH:D051271,MESH:D056486
34858231	MESH:C000657245,MESH:D000068376,MESH:D000073397,MESH:D000079225,MESH:D000275,MESH:D001007,MESH:D001102,MESH:D002318,MESH:D003141,MESH:D003643,MESH:D005221,MESH:D007239,MESH:D009436,MESH:D013313,MESH:D014947,MESH:D018352,MESH:D045169
34533996	MESH:C000657245,MESH:C003043,MESH:C007293,MESH:C010615,MESH:C016679,MESH:C022306,MESH:C025953,MESH:C029899,MESH:C032881,MESH:C060506,MESH:C108830,MESH:C411644,MESH:C477898,MESH:C536395,MESH:C536418,MESH:C550725,MESH:C565633,MESH:D000069285,MESH:D000431,MESH:D001102,MESH:D001172,MESH:D001327,MESH:D002244,MESH:D002784,MESH:D003092,MESH:D004229,MESH:D004492,MESH:D004801,MESH:D005355,MESH:D005483,MESH:D005557,MESH:D005840,MESH:D005973,MESH:D005978,MESH:D005990,MESH:D006160,MESH:D006416,MESH:D006526,MESH:D006531,MESH:D006639,MESH:D007153,MESH:D007239,MESH:D007249,MESH:D007674,MESH:D008055,MESH:D008180,MESH:D008246,MESH:D009103,MESH:D009369,MESH:D009461,MESH:D010232,MESH:D010406,MESH:D010664,MESH:D011189,MESH:D011658,MESH:D012492,MESH:D012685,MESH:D012965,MESH:D012967,MESH:D012969,MESH:D013307,MESH:D013395,MESH:D013927,MESH:D013936,MESH:D014947,MESH:D015232,MESH:D015636,MESH:D015658,MESH:D016638,MESH:D018352,MESH:D019698,MESH:D020404,MESH:D054990,MESH:D055370,MESH:D057772
33833246	MESH:C000657245,MESH:C537627,MESH:D000077559,MESH:D000438,MESH:D001102,MESH:D003141,MESH:D004492,MESH:D006493,MESH:D007239,MESH:D008094,MESH:D012822,MESH:D014867,MESH:D015047,MESH:D017887
34522397	MESH:C000657245,MESH:C563120,MESH:D001007,MESH:D001943,MESH:D002908,MESH:D003371,MESH:D003643,MESH:D007239,MESH:D008175,MESH:D009369,MESH:D011471
34696346	MESH:C000657245,MESH:C038773,MESH:C535817,MESH:C536316,MESH:C537418,MESH:C558899,MESH:C565125,MESH:D000079225,MESH:D000169,MESH:D000309,MESH:D000370,MESH:D000783,MESH:D000799,MESH:D000855,MESH:D000857,MESH:D001102,MESH:D001145,MESH:D001247,MESH:D001424,MESH:D001768,MESH:D001778,MESH:D001855,MESH:D002054,MESH:D002647,MESH:D002738,MESH:D003371,MESH:D003638,MESH:D003643,MESH:D003668,MESH:D003715,MESH:D003875,MESH:D003907,MESH:D003920,MESH:D003967,MESH:D004194,MESH:D004211,MESH:D004244,MESH:D004342,MESH:D004408,MESH:D004417,MESH:D004487,MESH:D004660,MESH:D004700,MESH:D004890,MESH:D004892,MESH:D004893,MESH:D005076,MESH:D005221,MESH:D005334,MESH:D005413,MESH:D005734,MESH:D005928,MESH:D006261,MESH:D006333,MESH:D006406,MESH:D006417,MESH:D006425,MESH:D006470,MESH:D006632,MESH:D006886,MESH:D006940,MESH:D006948,MESH:D006973,MESH:D007239,MESH:D007249,MESH:D007410,MESH:D007511,MESH:D007645,MESH:D007674,MESH:D008581,MESH:D008641,MESH:D009059,MESH:D009102,MESH:D009202,MESH:D009203,MESH:D009205,MESH:D009325,MESH:D009336,MESH:D009437,MESH:D009765,MESH:D010100,MESH:D010146,MESH:D010211,MESH:D010390,MESH:D010523,MESH:D010608,MESH:D011014,MESH:D011507,MESH:D011537,MESH:D011655,MESH:D011693,MESH:D012128,MESH:D012131,MESH:D012532,MESH:D012769,MESH:D012772,MESH:D012817,MESH:D012818,MESH:D012871,MESH:D012872,MESH:D013281,MESH:D013921,MESH:D013927,MESH:D014581,MESH:D014657,MESH:D014839,MESH:D015047,MESH:D015746,MESH:D016136,MESH:D017093,MESH:D017444,MESH:D017515,MESH:D017566,MESH:D018352,MESH:D018366,MESH:D018771,MESH:D018908,MESH:D019851,MESH:D020144,MESH:D020521,MESH:D034721,MESH:D045169,MESH:D049309,MESH:D051271,MESH:D052016,MESH:D055501,MESH:D057772,MESH:D060085,MESH:D063806
35233780	MESH:C000657245
32346493	MESH:C000657245,MESH:D000740,MESH:D000855,MESH:D000860,MESH:D001102,MESH:D002690,MESH:D002908,MESH:D003371,MESH:D003490,MESH:D003643,MESH:D004417,MESH:D005076,MESH:D005221,MESH:D005334,MESH:D007239,MESH:D007970,MESH:D008180,MESH:D008231,MESH:D010100,MESH:D011014,MESH:D012140,MESH:D012141,MESH:D012818,MESH:D015619,MESH:D015746,MESH:D018352,MESH:D045169,MESH:D063806
35008505	MESH:C000657245,MESH:C001920,MESH:C003043,MESH:C007133,MESH:C007278,MESH:C007293,MESH:C018824,MESH:C030544,MESH:C031183,MESH:C032159,MESH:C044808,MESH:C049283,MESH:C543008,MESH:C578785,MESH:D000069348,MESH:D000070,MESH:D000079225,MESH:D000082,MESH:D000431,MESH:D000432,MESH:D000860,MESH:D000998,MESH:D001172,MESH:D001564,MESH:D001647,MESH:D001928,MESH:D002716,MESH:D002738,MESH:D002788,MESH:D003141,MESH:D003371,MESH:D003404,MESH:D003643,MESH:D003920,MESH:D004121,MESH:D004319,MESH:D004417,MESH:D005227,MESH:D005234,MESH:D005334,MESH:D005355,MESH:D005973,MESH:D006493,MESH:D006528,MESH:D006854,MESH:D006886,MESH:D007239,MESH:D007249,MESH:D007674,MESH:D008055,MESH:D008288,MESH:D008659,MESH:D008773,MESH:D009499,MESH:D009765,MESH:D009829,MESH:D010100,MESH:D010406,MESH:D010743,MESH:D011136,MESH:D012128,MESH:D012141,MESH:D012164,MESH:D012213,MESH:D012216,MESH:D013307,MESH:D014280,MESH:D014508,MESH:D014867,MESH:D017093,MESH:D017830,MESH:D017963,MESH:D018352,MESH:D019287,MESH:D019301,MESH:D019342,MESH:D020719,MESH:D024821,MESH:D028361,MESH:D051436,MESH:D051437,MESH:D056486,MESH:D058186,MESH:D064420,MESH:D064751,MESH:D065626
33461214	MESH:C000657245,MESH:D000208,MESH:D003141,MESH:D003643,MESH:D007239
33452734	MESH:C000657245,MESH:C005273,MESH:C007619,MESH:C013015,MESH:C530031,MESH:D004365,MESH:D011794,MESH:D047311
32311790	MESH:C000657245,MESH:D002561,MESH:D003643,MESH:D008171,MESH:D010100,MESH:D011024,MESH:D016638,MESH:D018352
33177848	MESH:C000657245,MESH:C536522,MESH:D000069578,MESH:D000070625,MESH:D000081029,MESH:D001102,MESH:D001284,MESH:D001927,MESH:D002738,MESH:D003072,MESH:D003371,MESH:D003404,MESH:D003643,MESH:D003928,MESH:D005221,MESH:D005334,MESH:D005355,MESH:D007238,MESH:D007239,MESH:D007249,MESH:D007674,MESH:D009102,MESH:D009336,MESH:D009369,MESH:D009920,MESH:D010661,MESH:D011014,MESH:D011507,MESH:D012128,MESH:D013736,MESH:D014867,MESH:D015047,MESH:D016638,MESH:D018352,MESH:D020244,MESH:D020521,MESH:D045169,MESH:D051271,MESH:D051436,MESH:D057772,MESH:D058186,MESH:D064420
34882720	MESH:C000657245,MESH:D000275,MESH:D001007,MESH:D001523,MESH:D002637,MESH:D002908,MESH:D003141,MESH:D003643,MESH:D003920,MESH:D003967,MESH:D004417,MESH:D004832,MESH:D005221,MESH:D005334,MESH:D006261,MESH:D006331,MESH:D006973,MESH:D006980,MESH:D007239,MESH:D008171,MESH:D008173,MESH:D008310,MESH:D008881,MESH:D009325,MESH:D009369,MESH:D009765,MESH:D010146,MESH:D010608,MESH:D014689,MESH:D014839,MESH:D018352,MESH:D018771,MESH:D052456,MESH:D055370
33505730	MESH:C000606551,MESH:C000657245,MESH:C502936,MESH:D000080902,MESH:D000860,MESH:D001249,MESH:D001424,MESH:D001469,MESH:D002372,MESH:D002543,MESH:D003324,MESH:D003371,MESH:D003550,MESH:D003643,MESH:D004417,MESH:D004646,MESH:D004653,MESH:D005184,MESH:D005334,MESH:D006469,MESH:D006493,MESH:D006886,MESH:D006973,MESH:D007022,MESH:D007239,MESH:D007964,MESH:D008171,MESH:D009765,MESH:D010100,MESH:D011014,MESH:D011020,MESH:D011027,MESH:D011030,MESH:D011655,MESH:D012128,MESH:D012131,MESH:D012141,MESH:D012421,MESH:D013203,MESH:D013256,MESH:D013352,MESH:D014947,MESH:D016638,MESH:D016920,MESH:D017563,MESH:D017963,MESH:D018805,MESH:D020181,MESH:D020814,MESH:D025861,MESH:D055370
33239765	MESH:C000657245,MESH:D000068258,MESH:D000069579,MESH:D000853,MESH:D001284,MESH:D002833,MESH:D003643,MESH:D005355,MESH:D006009,MESH:D007239,MESH:D008268,MESH:D014786,MESH:D018352,MESH:D020533,MESH:D042461,MESH:D057135
34790680	MESH:C000657245,MESH:D000067073,MESH:D000068116,MESH:D000081030,MESH:D000275,MESH:D000855,MESH:D000857,MESH:D001007,MESH:D001102,MESH:D001523,MESH:D002318,MESH:D002637,MESH:D003072,MESH:D003231,MESH:D003248,MESH:D003371,MESH:D003680,MESH:D003704,MESH:D003967,MESH:D004408,MESH:D004417,MESH:D004427,MESH:D005221,MESH:D005334,MESH:D006261,MESH:D006331,MESH:D006973,MESH:D006976,MESH:D007022,MESH:D007239,MESH:D007319,MESH:D007674,MESH:D008171,MESH:D008569,MESH:D008881,MESH:D009205,MESH:D009325,MESH:D009437,MESH:D009461,MESH:D009771,MESH:D010146,MESH:D010490,MESH:D010608,MESH:D011014,MESH:D011658,MESH:D012131,MESH:D012640,MESH:D012678,MESH:D012817,MESH:D012818,MESH:D012859,MESH:D013313,MESH:D013651,MESH:D014012,MESH:D014786,MESH:D014839,MESH:D014987,MESH:D015431,MESH:D015673,MESH:D015746,MESH:D017093,MESH:D017880,MESH:D018771,MESH:D018908,MESH:D019965,MESH:D020521,MESH:D029424,MESH:D040921,MESH:D051271,MESH:D051437,MESH:D063806
34904088	MESH:C000657245,MESH:D000077266,MESH:D000437,MESH:D000438,MESH:D002438,MESH:D003015,MESH:D003092,MESH:D003141,MESH:D003428,MESH:D003643,MESH:D003920,MESH:D003967,MESH:D007239,MESH:D007249,MESH:D007410,MESH:D008103,MESH:D008107,MESH:D009223,MESH:D009369,MESH:D011014,MESH:D012817,MESH:D014640,MESH:D015212,MESH:D015363,MESH:D015499,MESH:D015746,MESH:D017963,MESH:D034141,MESH:D043183,MESH:D051436,MESH:D051437,MESH:D060085
35495877	MESH:C000657245,MESH:D003643,MESH:D007239,MESH:D010005,MESH:D011008,MESH:D011014,MESH:D011134,MESH:D018352,MESH:D018455
35578593	MESH:C000657245,MESH:D007239,MESH:D007592,MESH:D014786,MESH:D014947,MESH:D018352
34129787	MESH:C000657245,MESH:D001102,MESH:D003141,MESH:D006069,MESH:D007239,MESH:D012140
32245835	MESH:C000657245,MESH:D003139,MESH:D003643,MESH:D007239,MESH:D009757,MESH:D010608,MESH:D011014,MESH:D011024,MESH:D012120,MESH:D012128,MESH:D012140,MESH:D012141,MESH:D018352,MESH:D019791
32613934	MESH:C000657245,MESH:C538136,MESH:C562832,MESH:D000071079,MESH:D000077149,MESH:D000082,MESH:D000431,MESH:D000438,MESH:D000527,MESH:D000860,MESH:D001017,MESH:D001024,MESH:D001049,MESH:D001241,MESH:D001778,MESH:D001997,MESH:D002216,MESH:D002318,MESH:D002710,MESH:D002713,MESH:D002725,MESH:D002738,MESH:D003141,MESH:D003371,MESH:D003428,MESH:D003643,MESH:D004062,MESH:D004417,MESH:D004656,MESH:D005334,MESH:D006330,MESH:D006331,MESH:D006333,MESH:D006349,MESH:D006493,MESH:D006886,MESH:D006973,MESH:D006976,MESH:D007022,MESH:D007035,MESH:D007052,MESH:D007154,MESH:D007239,MESH:D007249,MESH:D007649,MESH:D008055,MESH:D008133,MESH:D008171,MESH:D009080,MESH:D009202,MESH:D009205,MESH:D009569,MESH:D010100,MESH:D010463,MESH:D011014,MESH:D011024,MESH:D011654,MESH:D011666,MESH:D012128,MESH:D012131,MESH:D012140,MESH:D012141,MESH:D012587,MESH:D012769,MESH:D012818,MESH:D013256,MESH:D014867,MESH:D014947,MESH:D015742,MESH:D016638,MESH:D017563,MESH:D017706,MESH:D017963,MESH:D017984,MESH:D018352,MESH:D018633,MESH:D018636,MESH:D018658,MESH:D018785,MESH:D018805,MESH:D019052,MESH:D030342,MESH:D044342,MESH:D051437,MESH:D054537,MESH:D054549,MESH:D055370,MESH:D055371,MESH:D056587,MESH:D058186
32240633	MESH:C000657245,MESH:D002318,MESH:D003141,MESH:D003643,MESH:D003920,MESH:D006973,MESH:D007239,MESH:D009369,MESH:D011024,MESH:D012140,MESH:D018352,MESH:D045169
32675000	MESH:C000657245,MESH:D000857,MESH:D005334,MESH:D007239,MESH:D011024,MESH:D018352
32580924	MESH:C000657245,MESH:D000079225,MESH:D007239,MESH:D011024,MESH:D016638,MESH:D018352
33556317	MESH:C000657245,MESH:D000079225,MESH:D000275,MESH:D001007,MESH:D003141,MESH:D003643,MESH:D003920,MESH:D005221,MESH:D007239,MESH:D007319,MESH:D010146,MESH:D013313,MESH:D014947,MESH:D016638,MESH:D019957,MESH:D040921,MESH:D045169
35035205	MESH:C000657245,MESH:D001766,MESH:D003072,MESH:D004342,MESH:D005597
32926122	MESH:C000657245,MESH:C502936,MESH:C540383,MESH:D000078142,MESH:D000493,MESH:D000740,MESH:D000744,MESH:D000860,MESH:D000900,MESH:D001663,MESH:D003141,MESH:D003371,MESH:D003520,MESH:D003561,MESH:D003630,MESH:D003643,MESH:D003907,MESH:D005047,MESH:D005334,MESH:D006816,MESH:D007022,MESH:D007239,MESH:D007249,MESH:D007938,MESH:D008231,MESH:D008775,MESH:D009369,MESH:D009570,MESH:D010100,MESH:D010198,MESH:D010878,MESH:D011014,MESH:D011024,MESH:D011092,MESH:D011720,MESH:D011743,MESH:D012128,MESH:D012131,MESH:D012769,MESH:D012772,MESH:D013256,MESH:D013921,MESH:D014750,MESH:D015122,MESH:D015275,MESH:D015452,MESH:D015470,MESH:D016638,MESH:D018352,MESH:D018805,MESH:D020922,MESH:D033461,MESH:D051359,MESH:D054198,MESH:D055501
35222989	MESH:C000657245,MESH:C567300,MESH:D001007,MESH:D003072,MESH:D007239,MESH:D007859,MESH:D008133
33989322	MESH:C000657245,MESH:D000014,MESH:D001102,MESH:D003643,MESH:D007239,MESH:D009203,MESH:D012640
34690401	MESH:C000657245,MESH:C025484,MESH:C566065,MESH:D000080822,MESH:D000186,MESH:D000860,MESH:D001778,MESH:D007022,MESH:D007239,MESH:D010100,MESH:D010859,MESH:D012640,MESH:D014202,MESH:D014867,MESH:D016638
32823922	MESH:C000657245,MESH:C535338,MESH:C535395,MESH:D002908,MESH:D003643,MESH:D005862,MESH:D006527,MESH:D009784,MESH:D049310
32791524	MESH:C000657245,MESH:D009765,MESH:D011024,MESH:D018352
33619245	MESH:C000657245,MESH:C119309,MESH:D001102,MESH:D003643,MESH:D007239,MESH:D007951,MESH:D009395,MESH:D012128,MESH:D012131,MESH:D054388,MESH:D055370
32382516	MESH:C000606551,MESH:C000657245,MESH:C023676,MESH:C093415,MESH:D000472,MESH:D000860,MESH:D001623,MESH:D001663,MESH:D002738,MESH:D003141,MESH:D003371,MESH:D003401,MESH:D003643,MESH:D004417,MESH:D006323,MESH:D006816,MESH:D006886,MESH:D006935,MESH:D006949,MESH:D007037,MESH:D007239,MESH:D009765,MESH:D010100,MESH:D011014,MESH:D011241,MESH:D012128,MESH:D012140,MESH:D013927,MESH:D014280,MESH:D017180,MESH:D017984,MESH:D048949,MESH:D054556,MESH:D063806
32132521	MESH:C000657245,MESH:D000079225,MESH:D000275,MESH:D001007,MESH:D001102,MESH:D001523,MESH:D003093,MESH:D003141,MESH:D003324,MESH:D003643,MESH:D003924,MESH:D005221,MESH:D005334,MESH:D006854,MESH:D007239,MESH:D007319,MESH:D008175,MESH:D009103,MESH:D011014,MESH:D011024,MESH:D011471,MESH:D012131,MESH:D012893,MESH:D013313,MESH:D016638,MESH:D018352,MESH:D019052,MESH:D045169,MESH:D053207
34747367	MESH:C000657245,MESH:C007293,MESH:C077990,MESH:C084533,MESH:C086724,MESH:C100305,MESH:C411644,MESH:D000163,MESH:D000544,MESH:D000617,MESH:D001102,MESH:D001168,MESH:D001172,MESH:D001224,MESH:D001249,MESH:D001327,MESH:D001424,MESH:D001778,MESH:D002318,MESH:D002637,MESH:D002908,MESH:D003324,MESH:D003371,MESH:D003643,MESH:D003681,MESH:D003920,MESH:D003967,MESH:D004121,MESH:D004318,MESH:D004342,MESH:D004417,MESH:D004646,MESH:D005076,MESH:D005221,MESH:D005334,MESH:D005355,MESH:D005947,MESH:D005973,MESH:D006331,MESH:D006583,MESH:D006639,MESH:D006973,MESH:D007239,MESH:D007247,MESH:D007249,MESH:D007592,MESH:D007649,MESH:D007854,MESH:D007945,MESH:D008070,MESH:D008103,MESH:D008171,MESH:D008586,MESH:D009362,MESH:D009369,MESH:D009422,MESH:D009571,MESH:D009765,MESH:D010100,MESH:D010302,MESH:D010406,MESH:D010608,MESH:D010768,MESH:D011014,MESH:D011596,MESH:D011658,MESH:D012131,MESH:D012140,MESH:D012141,MESH:D012598,MESH:D012694,MESH:D012817,MESH:D012967,MESH:D013274,MESH:D013307,MESH:D013927,MESH:D014443,MESH:D014657,MESH:D014766,MESH:D014839,MESH:D014947,MESH:D014991,MESH:D015207,MESH:D015451,MESH:D015464,MESH:D015658,MESH:D015746,MESH:D017563,MESH:D017695,MESH:D018352,MESH:D018496,MESH:D019319,MESH:D019343,MESH:D020144,MESH:D020181,MESH:D020271,MESH:D020521,MESH:D022861,MESH:D024821,MESH:D029424,MESH:D034721,MESH:D048909,MESH:D051436,MESH:D055370,MESH:D055371,MESH:D057772,MESH:D064420
33461841	MESH:C000657245,MESH:D001327,MESH:D003371,MESH:D003920,MESH:D005334,MESH:D006973,MESH:D007239,MESH:D007674,MESH:D009369,MESH:D009800,MESH:D012818,MESH:D018352
33435378	MESH:C000657245,MESH:D001102,MESH:D001342,MESH:D001919,MESH:D002318,MESH:D003643,MESH:D003920,MESH:D006973,MESH:D007239,MESH:D009202,MESH:D009421,MESH:D009422,MESH:D011014,MESH:D012891,MESH:D013575
34013051	MESH:C000657245,MESH:D003643,MESH:D015212,MESH:D019698
32591496	MESH:C000657245,MESH:D003643,MESH:D006859,MESH:D007239,MESH:D007703,MESH:D011024,MESH:D014633,MESH:D018352
33674708	MESH:C000657245,MESH:D000082,MESH:D002303,MESH:D002318,MESH:D002443,MESH:D002908,MESH:D003141,MESH:D003643,MESH:D003693,MESH:D003920,MESH:D006333,MESH:D006949,MESH:D006973,MESH:D007022,MESH:D007239,MESH:D007859,MESH:D008171,MESH:D008310,MESH:D009369,MESH:D009422,MESH:D009765,MESH:D010100,MESH:D011507,MESH:D016638,MESH:D017563,MESH:D020181,MESH:D020271,MESH:D051436,MESH:D055370,MESH:D063806
34568576	MESH:C000657245,MESH:C536439,MESH:C558899,MESH:D001145,MESH:D001281,MESH:D001282,MESH:D001778,MESH:D002318,MESH:D002561,MESH:D003141,MESH:D003324,MESH:D003643,MESH:D003920,MESH:D004417,MESH:D004487,MESH:D005682,MESH:D006331,MESH:D006333,MESH:D006470,MESH:D006973,MESH:D007239,MESH:D007249,MESH:D007511,MESH:D009202,MESH:D009203,MESH:D009205,MESH:D009336,MESH:D011014,MESH:D011655,MESH:D012128,MESH:D012131,MESH:D013923,MESH:D013927,MESH:D014693,MESH:D014947,MESH:D018376,MESH:D018487,MESH:D020246,MESH:D020521,MESH:D029424,MESH:D050171,MESH:D051436,MESH:D054058,MESH:D054549,MESH:D057772,MESH:D058729
33462438	MESH:C536514
33840053	MESH:C000657245,MESH:D001102,MESH:D001765,MESH:D003092,MESH:D003428,MESH:D003643,MESH:D003920,MESH:D004751,MESH:D005756,MESH:D005764,MESH:D006333,MESH:D006973,MESH:D007239,MESH:D007249,MESH:D007674,MESH:D007676,MESH:D008687,MESH:D010146,MESH:D010437,MESH:D011014,MESH:D012120,MESH:D012128,MESH:D014456,MESH:D015738,MESH:D018450,MESH:D051271,MESH:D051436,MESH:D054328,MESH:D058186,MESH:D060085
35048011	MESH:C000657245,MESH:C024633,MESH:C535733,MESH:D000438,MESH:D001249,MESH:D001548,MESH:D002318,MESH:D002710,MESH:D002771,MESH:D003141,MESH:D003371,MESH:D003428,MESH:D003643,MESH:D003731,MESH:D003920,MESH:D003967,MESH:D004417,MESH:D004487,MESH:D005076,MESH:D005221,MESH:D005334,MESH:D006331,MESH:D006861,MESH:D007239,MESH:D007249,MESH:D009369,MESH:D009765,MESH:D010146,MESH:D010608,MESH:D011014,MESH:D011193,MESH:D011206,MESH:D011671,MESH:D012128,MESH:D012131,MESH:D012140,MESH:D012141,MESH:D012818,MESH:D012973,MESH:D013651,MESH:D014839,MESH:D014867,MESH:D050723,MESH:D063806
33322462	MESH:C000657245,MESH:C462182,MESH:C558899,MESH:D000699,MESH:D001007,MESH:D001102,MESH:D001523,MESH:D001766,MESH:D002318,MESH:D002658,MESH:D003428,MESH:D003643,MESH:D003920,MESH:D004630,MESH:D005221,MESH:D005334,MESH:D006331,MESH:D007239,MESH:D009369,MESH:D011014,MESH:D012120,MESH:D012128,MESH:D012141,MESH:D016171,MESH:D016638,MESH:D020521
34974674	MESH:C000657245,MESH:C479163,MESH:C535882,MESH:C543529,MESH:C563662,MESH:D000069285,MESH:D000069549,MESH:D000707,MESH:D001102,MESH:D001379,MESH:D002544,MESH:D003092,MESH:D003093,MESH:D003117,MESH:D003141,MESH:D003371,MESH:D003424,MESH:D003643,MESH:D003920,MESH:D004417,MESH:D005076,MESH:D005221,MESH:D005334,MESH:D005767,MESH:D006261,MESH:D006493,MESH:D006509,MESH:D006525,MESH:D006973,MESH:D007239,MESH:D007247,MESH:D007410,MESH:D008727,MESH:D009765,MESH:D009894,MESH:D010146,MESH:D011008,MESH:D011134,MESH:D011239,MESH:D012141,MESH:D012851,MESH:D013256,MESH:D013746,MESH:D013921,MESH:D013927,MESH:D015212,MESH:D016553,MESH:D016572,MESH:D020246,MESH:D054556,MESH:D056486,MESH:D060085,MESH:D063806
33573397	MESH:C000657245,MESH:D000275,MESH:D001168,MESH:D003643,MESH:D007239,MESH:D007592,MESH:D010146,MESH:D014947
34016743	MESH:C000657245,MESH:C038467,MESH:C563129,MESH:D001102,MESH:D003141,MESH:D003371,MESH:D004417,MESH:D005597,MESH:D007022,MESH:D007239,MESH:D008670,MESH:D012140,MESH:D012640,MESH:D012965,MESH:D014832,MESH:D018352,MESH:D060085
34778740	MESH:C000657245,MESH:C566903,MESH:D000069279,MESH:D003643,MESH:D003704,MESH:D004827,MESH:D004828,MESH:D004832,MESH:D004833,MESH:D004834,MESH:D006525,MESH:D006970,MESH:D007024,MESH:D007239,MESH:D007859,MESH:D008569,MESH:D012640,MESH:D012892,MESH:D013226,MESH:D013575,MESH:D014277,MESH:D014867,MESH:D016638,MESH:D017036,MESH:D019522,MESH:D019840,MESH:D020324
33754150	MESH:C000657245
34795818	MESH:C000657245,MESH:C538137,MESH:D000419,MESH:D000740,MESH:D000855,MESH:D001639,MESH:D001663,MESH:D002318,MESH:D002908,MESH:D003371,MESH:D003404,MESH:D003643,MESH:D003920,MESH:D003928,MESH:D004417,MESH:D005334,MESH:D005947,MESH:D006261,MESH:D006333,MESH:D006417,MESH:D006461,MESH:D006973,MESH:D007239,MESH:D007249,MESH:D007501,MESH:D007674,MESH:D007676,MESH:D009203,MESH:D009400,MESH:D009404,MESH:D010100,MESH:D011507,MESH:D012128,MESH:D013667,MESH:D016638,MESH:D017093,MESH:D034721,MESH:D051436,MESH:D058186
35305625	MESH:C000657245
35487371	MESH:C000657245,MESH:D001249,MESH:D007239
32590073	MESH:C000657245,MESH:D000740,MESH:D002276,MESH:D002784,MESH:D003141,MESH:D003371,MESH:D003643,MESH:D004931,MESH:D005767,MESH:D006470,MESH:D007239,MESH:D008545,MESH:D009369,MESH:D011014,MESH:D011024,MESH:D011027,MESH:D012131,MESH:D012778,MESH:D015179,MESH:D016638,MESH:D018352,MESH:D041781
35280451	MESH:C000657245,MESH:C016136,MESH:C536965,MESH:C537340,MESH:D000068116,MESH:D000068376,MESH:D000079225,MESH:D000275,MESH:D000855,MESH:D000856,MESH:D001007,MESH:D001068,MESH:D001281,MESH:D001321,MESH:D001523,MESH:D003643,MESH:D003920,MESH:D003922,MESH:D005221,MESH:D005597,MESH:D006623,MESH:D007035,MESH:D007039,MESH:D009325,MESH:D009771,MESH:D010146,MESH:D010283,MESH:D013313,MESH:D014839,MESH:D014947,MESH:D015431,MESH:D015746,MESH:D016642,MESH:D018455,MESH:D018980,MESH:D019966,MESH:D030342,MESH:D040921,MESH:D057770,MESH:D062787
32753072	MESH:C000657245,MESH:D000079225,MESH:D001007,MESH:D003643,MESH:D003967,MESH:D007239,MESH:D009784,MESH:D012120,MESH:D040921
35128391	MESH:C000657245,MESH:D001766,MESH:D006333,MESH:D006859,MESH:D009369,MESH:D009422,MESH:D009821,MESH:D014501,MESH:D014867,MESH:D015047
34584498	MESH:C000657245,MESH:C536767,MESH:D000067404,MESH:D003643,MESH:D006973,MESH:D007239,MESH:D009223,MESH:D017180,MESH:D018352,MESH:D045169
32530130	MESH:C000657245,MESH:D005076,MESH:D007239,MESH:D011024,MESH:D011693,MESH:D018352
34288285	MESH:C000657245,MESH:D009103,MESH:D009422
34721912	MESH:C000657245,MESH:C537182,MESH:C537221,MESH:D000077123,MESH:D000077149,MESH:D000848,MESH:D000857,MESH:D001064,MESH:D001745,MESH:D002045,MESH:D002245,MESH:D002908,MESH:D003371,MESH:D003428,MESH:D003643,MESH:D003763,MESH:D004414,MESH:D004417,MESH:D004715,MESH:D005221,MESH:D005334,MESH:D005402,MESH:D007239,MESH:D007247,MESH:D008569,MESH:D009020,MESH:D009102,MESH:D009369,MESH:D010049,MESH:D010051,MESH:D010146,MESH:D011027,MESH:D011251,MESH:D012140,MESH:D012778,MESH:D014516,MESH:D015179,MESH:D015742,MESH:D015760,MESH:D016638,MESH:D017254,MESH:D017699,MESH:D018352
34281535	MESH:C000657245,MESH:D000309,MESH:D001102,MESH:D001172,MESH:D001281,MESH:D003141,MESH:D003643,MESH:D007239
34714362	MESH:C000657245,MESH:C001426,MESH:C004550,MESH:C005460,MESH:C006821,MESH:C014392,MESH:C022616,MESH:C030984,MESH:C032159,MESH:C469289,MESH:D000069285,MESH:D000069454,MESH:D000096,MESH:D000431,MESH:D000998,MESH:D001102,MESH:D001224,MESH:D001973,MESH:D002245,MESH:D003300,MESH:D003643,MESH:D004121,MESH:D005022,MESH:D005230,MESH:D005334,MESH:D006261,MESH:D006323,MESH:D006639,MESH:D006851,MESH:D007153,MESH:D007239,MESH:D007854,MESH:D008051,MESH:D008055,MESH:D008244,MESH:D008246,MESH:D009325,MESH:D009369,MESH:D010713,MESH:D010743,MESH:D011014,MESH:D011419,MESH:D012128,MESH:D012140,MESH:D012163,MESH:D014269,MESH:D014757,MESH:D014839,MESH:D014867,MESH:D016718,MESH:D018352,MESH:D018698,MESH:D018999,MESH:D019342,MESH:D019856,MESH:D020141,MESH:D020258,MESH:D020404,MESH:D064420
35493416	MESH:C000657245,MESH:D000014,MESH:D001932,MESH:D001943,MESH:D002245,MESH:D003643,MESH:D004487,MESH:D006432,MESH:D007239,MESH:D007249,MESH:D008171,MESH:D010003,MESH:D010100,MESH:D011014,MESH:D012141,MESH:D013927,MESH:D016920,MESH:D018352,MESH:D045169,MESH:D055370
33245005	MESH:C000596027,MESH:C000657245,MESH:C479163,MESH:C540383,MESH:D000893,MESH:D007249,MESH:D016207,MESH:D018836
33547335	MESH:C000657245,MESH:C093415,MESH:C538137,MESH:D000163,MESH:D000740,MESH:D000860,MESH:D001049,MESH:D001102,MESH:D001145,MESH:D001168,MESH:D001249,MESH:D001523,MESH:D003324,MESH:D003404,MESH:D003643,MESH:D003704,MESH:D003920,MESH:D006333,MESH:D006973,MESH:D007153,MESH:D007239,MESH:D007249,MESH:D007674,MESH:D007676,MESH:D009102,MESH:D009336,MESH:D009369,MESH:D009584,MESH:D009765,MESH:D010024,MESH:D010100,MESH:D011014,MESH:D011020,MESH:D012030,MESH:D012131,MESH:D012769,MESH:D014508,MESH:D017093,MESH:D020271,MESH:D020521,MESH:D029424,MESH:D055370,MESH:D056486,MESH:D058186
32382746	MESH:C000657245,MESH:D003371,MESH:D005334,MESH:D011024,MESH:D018352
34430514	MESH:C000657245,MESH:D000438,MESH:D001102,MESH:D002318,MESH:D002713,MESH:D003141,MESH:D003371,MESH:D003643,MESH:D003920,MESH:D005334,MESH:D006973,MESH:D007022,MESH:D007239,MESH:D008107,MESH:D008175,MESH:D009369,MESH:D011008,MESH:D011014,MESH:D012140,MESH:D014867,MESH:D015047,MESH:D018352,MESH:D020323
32376057	MESH:C000657245,MESH:C041691,MESH:D001241,MESH:D002245,MESH:D002277,MESH:D005862,MESH:D007239,MESH:D011024,MESH:D018352,MESH:D018455
33682315	MESH:C000657245
34046108	MESH:C000606551,MESH:C000657245,MESH:C462182,MESH:C502936,MESH:C536439,MESH:C537153,MESH:C558899,MESH:D000275,MESH:D000450,MESH:D000860,MESH:D001007,MESH:D001145,MESH:D001919,MESH:D002311,MESH:D002318,MESH:D002637,MESH:D002713,MESH:D002738,MESH:D003324,MESH:D003328,MESH:D003371,MESH:D003428,MESH:D003643,MESH:D003645,MESH:D003907,MESH:D003920,MESH:D004211,MESH:D005334,MESH:D005355,MESH:D006331,MESH:D006333,MESH:D006470,MESH:D006493,MESH:D006886,MESH:D006973,MESH:D006976,MESH:D006996,MESH:D007008,MESH:D007022,MESH:D007239,MESH:D007674,MESH:D008133,MESH:D009202,MESH:D009203,MESH:D009205,MESH:D009223,MESH:D009369,MESH:D009569,MESH:D010100,MESH:D010146,MESH:D011014,MESH:D011655,MESH:D012131,MESH:D012140,MESH:D012141,MESH:D012216,MESH:D012254,MESH:D012421,MESH:D013256,MESH:D013921,MESH:D013923,MESH:D013927,MESH:D015047,MESH:D016171,MESH:D016532,MESH:D016638,MESH:D017963,MESH:D018487,MESH:D018658,MESH:D018754,MESH:D020246,MESH:D020521,MESH:D020767,MESH:D025861,MESH:D029424,MESH:D050197,MESH:D051436,MESH:D053139,MESH:D054058,MESH:D054549,MESH:D054556
35441967	MESH:C000657245,MESH:C537418,MESH:D001102,MESH:D002241,MESH:D003141,MESH:D003643,MESH:D005677,MESH:D005683,MESH:D005732,MESH:D006017,MESH:D006025,MESH:D006493,MESH:D006497,MESH:D006859,MESH:D007239,MESH:D007625,MESH:D008055,MESH:D008070,MESH:D009005,MESH:D009584,MESH:D009609,MESH:D009844,MESH:D011134,MESH:D012202,MESH:D013431,MESH:D013746,MESH:D013923,MESH:D013927,MESH:D017984,MESH:D018352,MESH:D019158,MESH:D019636,MESH:D020723
34758422	MESH:C000657245,MESH:C535600,MESH:D000079225,MESH:D000275,MESH:D000438,MESH:D001007,MESH:D001523,MESH:D001714,MESH:D003643,MESH:D006886,MESH:D007319,MESH:D011605,MESH:D011618,MESH:D012893,MESH:D013313,MESH:D014947,MESH:D015658,MESH:D018352,MESH:D063726
34696235	MESH:C000657245,MESH:D000079225,MESH:D001007,MESH:D001943,MESH:D003141,MESH:D006509,MESH:D007239,MESH:D015526
35015739	MESH:C000657245,MESH:D007249,MESH:D015658,MESH:D019380
32658716	MESH:C000657245,MESH:C019264,MESH:C034020,MESH:C536016,MESH:D000096,MESH:D000431,MESH:D000998,MESH:D002104,MESH:D002762,MESH:D003078,MESH:D003300,MESH:D003643,MESH:D005557,MESH:D005990,MESH:D006371,MESH:D006838,MESH:D007239,MESH:D007559,MESH:D008288,MESH:D008628,MESH:D009532,MESH:D010272,MESH:D011024,MESH:D011084,MESH:D012395,MESH:D012559,MESH:D014376,MESH:D014867,MESH:D015658,MESH:D016638,MESH:D018352,MESH:D019965,MESH:D064420
32985745	MESH:C000657245,MESH:D000152,MESH:D005148,MESH:D006229,MESH:D007239,MESH:D009783,MESH:D011537,MESH:D012871,MESH:D014987
34091005	MESH:C000657245,MESH:D017979
33038229	MESH:C000657245,MESH:D000900,MESH:D016638,MESH:D060085
35123395	MESH:C000657245,MESH:C535653,MESH:C536767,MESH:C537418,MESH:D000079225,MESH:D000275,MESH:D000544,MESH:D001528,MESH:D001991,MESH:D002277,MESH:D002637,MESH:D002908,MESH:D003141,MESH:D003371,MESH:D003643,MESH:D003704,MESH:D003920,MESH:D005221,MESH:D005334,MESH:D005862,MESH:D006261,MESH:D006331,MESH:D006973,MESH:D007239,MESH:D009325,MESH:D009369,MESH:D010608,MESH:D012141,MESH:D041441,MESH:D058447,MESH:D063806
33647988	MESH:C000657245,MESH:D013927
33797339	MESH:C000657245,MESH:C009684,MESH:C560597,MESH:D007239,MESH:D009369,MESH:D054358
35260957	MESH:C000657245,MESH:C537418,MESH:D000647,MESH:D003643,MESH:D007239,MESH:D007859,MESH:D009436,MESH:D010146,MESH:D014612,MESH:D014867
33941681	MESH:C000657245,MESH:C007293,MESH:C040929,MESH:C086724,MESH:C411644,MESH:C504731,MESH:D000225,MESH:D000255,MESH:D001120,MESH:D002244,MESH:D002245,MESH:D002738,MESH:D002746,MESH:D003596,MESH:D005557,MESH:D006147,MESH:D006851,MESH:D006859,MESH:D007239,MESH:D008055,MESH:D008239,MESH:D008607,MESH:D011094,MESH:D011108,MESH:D012235,MESH:D012685,MESH:D013941,MESH:D014867,MESH:D017830,MESH:D019810,MESH:D045333,MESH:D064420
33772419	MESH:C000657245,MESH:C536920,MESH:D000860,MESH:D001327,MESH:D001416,MESH:D002637,MESH:D003324,MESH:D003371,MESH:D003643,MESH:D003920,MESH:D003967,MESH:D004244,MESH:D004417,MESH:D005334,MESH:D006261,MESH:D006973,MESH:D007239,MESH:D008107,MESH:D008171,MESH:D009325,MESH:D009369,MESH:D009765,MESH:D010100,MESH:D010146,MESH:D010300,MESH:D010608,MESH:D012141,MESH:D012818,MESH:D013610,MESH:D014839,MESH:D015658,MESH:D015746,MESH:D016638,MESH:D018352,MESH:D018771,MESH:D051436,MESH:D055370,MESH:D058625,MESH:D059446,MESH:D063806
33773523	MESH:C000657245,MESH:D000067073,MESH:D000079225,MESH:D000275,MESH:D001007,MESH:D001008,MESH:D001068,MESH:D001168,MESH:D001172,MESH:D001523,MESH:D002277,MESH:D002908,MESH:D003141,MESH:D003643,MESH:D003866,MESH:D004421,MESH:D005221,MESH:D005356,MESH:D007249,MESH:D007319,MESH:D008180,MESH:D009638,MESH:D009771,MESH:D009800,MESH:D010146,MESH:D010300,MESH:D012216,MESH:D012701,MESH:D012859,MESH:D012893,MESH:D013167,MESH:D014947,MESH:D018352,MESH:D018450,MESH:D040921,MESH:D052456,MESH:D059350
34935594	MESH:C000657245,MESH:D001145,MESH:D003324,MESH:D003643,MESH:D003920,MESH:D005234,MESH:D006973,MESH:D007106,MESH:D007239,MESH:D008239,MESH:D009223,MESH:D014581,MESH:D059390,MESH:D060085
32417594	MESH:C000657245,MESH:D003643,MESH:D003920,MESH:D006973,MESH:D009102,MESH:D009336,MESH:D009369,MESH:D009765,MESH:D011024,MESH:D011693,MESH:D012128,MESH:D012131,MESH:D012141,MESH:D012254,MESH:D013256,MESH:D015032,MESH:D018352,MESH:D019695,MESH:D055370
34345109	MESH:C000657245,MESH:D000079225,MESH:D000275,MESH:D001007,MESH:D001416,MESH:D001523,MESH:D002908,MESH:D003643,MESH:D005221,MESH:D006261,MESH:D007239,MESH:D010005
35358722	MESH:C000657245,MESH:D001102,MESH:D001249,MESH:D001281,MESH:D001424,MESH:D003141,MESH:D003324,MESH:D003643,MESH:D003920,MESH:D004342,MESH:D006973,MESH:D007239,MESH:D007249,MESH:D007674,MESH:D008231,MESH:D009369,MESH:D009765,MESH:D011014,MESH:D012818,MESH:D013921,MESH:D016638,MESH:D016751,MESH:D018223,MESH:D018805,MESH:D018980,MESH:D029424,MESH:D045169,MESH:D051436,MESH:D060085
32996588	MESH:C000657245,MESH:D007239,MESH:D065227
35206163	MESH:C000657245,MESH:D000079225,MESH:D000275,MESH:D001007,MESH:D001523,MESH:D002908,MESH:D003643,MESH:D004461,MESH:D007239,MESH:D010146,MESH:D010259,MESH:D011618,MESH:D012559,MESH:D013313,MESH:D014947,MESH:D018352,MESH:D019052
32353545	MESH:C000657245,MESH:C086979,MESH:D000077266,MESH:D000855,MESH:D003141,MESH:D003371,MESH:D003643,MESH:D003967,MESH:D004417,MESH:D005221,MESH:D005334,MESH:D005767,MESH:D006261,MESH:D007239,MESH:D007970,MESH:D009325,MESH:D010100,MESH:D010608,MESH:D011014,MESH:D011024,MESH:D012817,MESH:D012818,MESH:D014839,MESH:D015746,MESH:D018352,MESH:D020323
32553562	MESH:C000657245,MESH:D000305,MESH:D000370,MESH:D000849,MESH:D000857,MESH:D001068,MESH:D001102,MESH:D001249,MESH:D002318,MESH:D002331,MESH:D002972,MESH:D003371,MESH:D003920,MESH:D004342,MESH:D004408,MESH:D004417,MESH:D004487,MESH:D004660,MESH:D005157,MESH:D005221,MESH:D005334,MESH:D006261,MESH:D006313,MESH:D006973,MESH:D007037,MESH:D007239,MESH:D007249,MESH:D009410,MESH:D009461,MESH:D010608,MESH:D011014,MESH:D011024,MESH:D012141,MESH:D012220,MESH:D012640,MESH:D012818,MESH:D013256,MESH:D013651,MESH:D013806,MESH:D014777,MESH:D015047,MESH:D016638,MESH:D018352,MESH:D019287,MESH:D020031,MESH:D045169,MESH:D052016,MESH:D061219,MESH:D063806,MESH:D065631
33930636	MESH:C000657245,MESH:C537418,MESH:C537849,MESH:D001102,MESH:D003141,MESH:D003300,MESH:D003371,MESH:D003643,MESH:D003681,MESH:D005459,MESH:D006261,MESH:D007239,MESH:D010437,MESH:D012120,MESH:D014867,MESH:D017180,MESH:D018352
32354772	MESH:C000592401,MESH:C000596027,MESH:C000657245,MESH:C479163,MESH:C502936,MESH:C536227,MESH:D000068879,MESH:D000082,MESH:D001102,MESH:D001172,MESH:D003371,MESH:D003967,MESH:D005334,MESH:D007239,MESH:D008231,MESH:D008727,MESH:D009336,MESH:D011024,MESH:D012128,MESH:D012216,MESH:D012772,MESH:D013167,MESH:D013256,MESH:D018352,MESH:D018501,MESH:D018805,MESH:D020371,MESH:D025241,MESH:D063806
32266753	MESH:D011024,MESH:D018352
32684300	MESH:C000657245,MESH:D008175,MESH:D009369,MESH:D011024,MESH:D018352
34286685	MESH:C000657245,MESH:D000431,MESH:D000855,MESH:D001102,MESH:D003141,MESH:D003371,MESH:D003967,MESH:D004198,MESH:D004417,MESH:D004801,MESH:D005557,MESH:D006416,MESH:D007239,MESH:D007249,MESH:D007649,MESH:D010232,MESH:D011014,MESH:D012694,MESH:D014657,MESH:D014867,MESH:D014991,MESH:D015047,MESH:D018352,MESH:D053609
32282344	MESH:C000657245,MESH:D003643,MESH:D011024,MESH:D018352
34593052	MESH:C000657245,MESH:D000067251,MESH:D000079225,MESH:D000163,MESH:D000275,MESH:D001007,MESH:D003643,MESH:D003967,MESH:D004402,MESH:D007153,MESH:D007239,MESH:D008288,MESH:D009369,MESH:D010100,MESH:D012640,MESH:D016638,MESH:D020018,MESH:D044342
35444637	MESH:C000592401,MESH:C000596027,MESH:C000606551,MESH:C000657245,MESH:C502936,MESH:C558899,MESH:D001102,MESH:D001424,MESH:D002303,MESH:D002318,MESH:D002908,MESH:D003141,MESH:D003398,MESH:D003643,MESH:D003920,MESH:D006493,MESH:D006526,MESH:D006816,MESH:D006886,MESH:D006973,MESH:D007022,MESH:D007239,MESH:D007249,MESH:D007964,MESH:D008103,MESH:D008775,MESH:D010100,MESH:D011014,MESH:D012128,MESH:D012131,MESH:D013256,MESH:D014842,MESH:D015658,MESH:D016638,MESH:D029424,MESH:D054990,MESH:D060085
34177279	MESH:C000657245,MESH:D000067877,MESH:D000079225,MESH:D000275,MESH:D001007,MESH:D001523,MESH:D001714,MESH:D003643,MESH:D004342,MESH:D005221,MESH:D007239,MESH:D007319,MESH:D008881,MESH:D009362,MESH:D009638,MESH:D009765,MESH:D010259,MESH:D010698,MESH:D012640,MESH:D012701,MESH:D014867,MESH:D018352,MESH:D019964,MESH:D043171,MESH:D045169
35250113	MESH:C000657245,MESH:D003141,MESH:D003643,MESH:D007239
32631682	MESH:C000657245,MESH:D003141,MESH:D003428,MESH:D003643,MESH:D005600,MESH:D007239,MESH:D008171,MESH:D011024,MESH:D012128,MESH:D012131,MESH:D016638,MESH:D018352
35151856	MESH:C000657245,MESH:C537147,MESH:D002303,MESH:D006734
35458549	MESH:C000657245,MESH:C007789,MESH:C086979,MESH:C119474,MESH:C562757,MESH:D000163,MESH:D000470,MESH:D000655,MESH:D000690,MESH:D000998,MESH:D001102,MESH:D001778,MESH:D002241,MESH:D002245,MESH:D002351,MESH:D002738,MESH:D002784,MESH:D002809,MESH:D004121,MESH:D005989,MESH:D006025,MESH:D006480,MESH:D006493,MESH:D006497,MESH:D006859,MESH:D006886,MESH:D007239,MESH:D007249,MESH:D007854,MESH:D008055,MESH:D009102,MESH:D009369,MESH:D009461,MESH:D009584,MESH:D010406,MESH:D011134,MESH:D012176,MESH:D012965,MESH:D012967,MESH:D013307,MESH:D013431,MESH:D013927,MESH:D014343,MESH:D014867,MESH:D015228,MESH:D015658,MESH:D016264,MESH:D017312,MESH:D017984,MESH:D018771,MESH:D019142,MESH:D020246,MESH:D030361,MESH:D064420
35017876	MESH:C000657245,MESH:C537254,MESH:C565028,MESH:D000014,MESH:D000370,MESH:D000783,MESH:D001102,MESH:D001927,MESH:D002494,MESH:D002561,MESH:D002781,MESH:D003244,MESH:D003371,MESH:D003389,MESH:D003643,MESH:D003693,MESH:D003920,MESH:D003967,MESH:D004244,MESH:D004417,MESH:D004421,MESH:D004427,MESH:D005158,MESH:D005221,MESH:D005334,MESH:D006105,MESH:D006261,MESH:D007239,MESH:D007319,MESH:D007511,MESH:D008193,MESH:D009222,MESH:D009369,MESH:D009422,MESH:D009443,MESH:D009461,MESH:D010243,MESH:D010305,MESH:D011241,MESH:D012141,MESH:D012818,MESH:D014947,MESH:D015658,MESH:D016697,MESH:D018352,MESH:D020300,MESH:D020422,MESH:D020521,MESH:D051271,MESH:D056784,MESH:D064420
32582329	MESH:C000657245,MESH:C034730,MESH:D000073893,MESH:D000438,MESH:D001007,MESH:D001102,MESH:D001205,MESH:D002908,MESH:D003141,MESH:D007239,MESH:D007501,MESH:D009765,MESH:D011014,MESH:D012140,MESH:D012492,MESH:D014867,MESH:D044342,MESH:D045169
35098033	MESH:C000657245,MESH:C005062,MESH:C005222,MESH:C010504,MESH:C013215,MESH:C013959,MESH:C024865,MESH:C027424,MESH:C031215,MESH:C033616,MESH:C037042,MESH:C067227,MESH:C069849,MESH:C089797,MESH:C565145,MESH:C580652,MESH:D000073396,MESH:D000362,MESH:D000431,MESH:D000438,MESH:D000464,MESH:D000535,MESH:D000740,MESH:D001249,MESH:D001321,MESH:D001554,MESH:D001577,MESH:D001608,MESH:D002244,MESH:D002245,MESH:D002726,MESH:D003141,MESH:D003300,MESH:D003371,MESH:D003704,MESH:D005557,MESH:D006034,MESH:D006108,MESH:D006323,MESH:D006586,MESH:D006861,MESH:D007022,MESH:D007239,MESH:D007859,MESH:D008607,MESH:D008670,MESH:D009084,MESH:D009532,MESH:D009584,MESH:D009757,MESH:D009821,MESH:D010087,MESH:D010100,MESH:D010126,MESH:D011091,MESH:D011093,MESH:D011108,MESH:D011126,MESH:D011137,MESH:D011138,MESH:D011140,MESH:D011142,MESH:D012140,MESH:D012822,MESH:D012825,MESH:D012834,MESH:D012965,MESH:D013455,MESH:D013481,MESH:D013667,MESH:D014867,MESH:D014992,MESH:D015794,MESH:D017382,MESH:D017665,MESH:D019695,MESH:D020959,MESH:D034381,MESH:D048271,MESH:D056784,MESH:D059808,MESH:D064420
33465165	MESH:C000606551,MESH:C000657245,MESH:C004500,MESH:C034532,MESH:C068250,MESH:C086724,MESH:C108192,MESH:C569686,MESH:D000163,MESH:D000643,MESH:D001102,MESH:D001327,MESH:D002245,MESH:D002738,MESH:D004121,MESH:D004492,MESH:D006531,MESH:D006816,MESH:D006886,MESH:D007239,MESH:D007854,MESH:D008175,MESH:D008288,MESH:D010406,MESH:D011107,MESH:D011691,MESH:D012694,MESH:D013307,MESH:D016650,MESH:D017830,MESH:D017963,MESH:D018352
35492426	MESH:C000657245,MESH:D000079225,MESH:D000275,MESH:D001007,MESH:D001523,MESH:D003141,MESH:D003643,MESH:D006527,MESH:D007239,MESH:D007589,MESH:D012769,MESH:D018352,MESH:D048949
33963992	MESH:C000657245,MESH:C538265,MESH:D000393,MESH:D001102,MESH:D001249,MESH:D001424,MESH:D001982,MESH:D002248,MESH:D002318,MESH:D003643,MESH:D004785,MESH:D005557,MESH:D006333,MESH:D007239,MESH:D007249,MESH:D008055,MESH:D008171,MESH:D009203,MESH:D009223,MESH:D009584,MESH:D010126,MESH:D011014,MESH:D011399,MESH:D012140,MESH:D012818,MESH:D013458,MESH:D016711,MESH:D018352,MESH:D020521,MESH:D029424,MESH:D052638,MESH:D055371
34017205	MESH:C000657245,MESH:D000079225,MESH:D000275,MESH:D000438,MESH:D001007,MESH:D002318,MESH:D007029,MESH:D007239,MESH:D007859,MESH:D010661,MESH:D012128,MESH:D016055,MESH:D019966
35291048	MESH:C000657245,MESH:D002102
32672061	MESH:C000619859,MESH:C000657245,MESH:C537017,MESH:D000409,MESH:D000577,MESH:D000998,MESH:D001102,MESH:D002784,MESH:D003643,MESH:D005998,MESH:D007239,MESH:D007703,MESH:D008055,MESH:D009800,MESH:D010455,MESH:D011014,MESH:D011024,MESH:D011092,MESH:D011134,MESH:D012140,MESH:D014508,MESH:D015047,MESH:D018352,MESH:D057786
32964802	MESH:C000657245
32839250	MESH:C000657245,MESH:C025614,MESH:C031233,MESH:C054436,MESH:C535869,MESH:D000431,MESH:D000432,MESH:D001102,MESH:D002245,MESH:D002266,MESH:D005557,MESH:D005840,MESH:D005976,MESH:D007239,MESH:D007455,MESH:D008055,MESH:D008239,MESH:D011024,MESH:D011108,MESH:D011136,MESH:D011137,MESH:D011206,MESH:D012140,MESH:D012967,MESH:D013932,MESH:D014867,MESH:D017137,MESH:D017830,MESH:D018352,MESH:D019791,MESH:D064420
34364311	MESH:C000657245,MESH:C537182,MESH:D007239,MESH:D007247,MESH:D011374
34884216	MESH:C000657245,MESH:C536439,MESH:D000071071,MESH:D000275,MESH:D000370,MESH:D000437,MESH:D000544,MESH:D000857,MESH:D000860,MESH:D001102,MESH:D001284,MESH:D001480,MESH:D001745,MESH:D001927,MESH:D003072,MESH:D003643,MESH:D003920,MESH:D004408,MESH:D004417,MESH:D005221,MESH:D005355,MESH:D006261,MESH:D006333,MESH:D006930,MESH:D007024,MESH:D007172,MESH:D007239,MESH:D007249,MESH:D008569,MESH:D009102,MESH:D009325,MESH:D009410,MESH:D009422,MESH:D010300,MESH:D010301,MESH:D012131,MESH:D012140,MESH:D012818,MESH:D013651,MESH:D015047,MESH:D015673,MESH:D016638,MESH:D018352,MESH:D018771,MESH:D054969,MESH:D055370,MESH:D059352,MESH:D061219
34589017	MESH:C000657245,MESH:C537277,MESH:D001007
32381073	MESH:C000657245,MESH:D001102,MESH:D003371,MESH:D003404,MESH:D003643,MESH:D005076,MESH:D005334,MESH:D006232,MESH:D006470,MESH:D006529,MESH:D007239,MESH:D010146,MESH:D011014,MESH:D011024,MESH:D012128,MESH:D012141,MESH:D013163,MESH:D016638,MESH:D018352,MESH:D045169
35304067	MESH:C000657245,MESH:D007239,MESH:D010146
35043033	MESH:C000657245,MESH:C012939,MESH:C567857,MESH:D002318,MESH:D003643,MESH:D004417,MESH:D004492,MESH:D006108,MESH:D006851,MESH:D007239,MESH:D007319,MESH:D007854,MESH:D009102,MESH:D009261,MESH:D009369,MESH:D010100,MESH:D011014,MESH:D011136,MESH:D012128,MESH:D012772,MESH:D012825,MESH:D012967,MESH:D014867,MESH:D018455
32358675	MESH:C000657245,MESH:D011024,MESH:D018352
33536979	MESH:C000657245,MESH:D000068376,MESH:D000079225,MESH:D001007,MESH:D001523,MESH:D003072,MESH:D005597,MESH:D007859,MESH:D014947,MESH:D018489
33626376	MESH:C000657245,MESH:D000438,MESH:D001749,MESH:D001919,MESH:D001943,MESH:D003643,MESH:D007938,MESH:D008175,MESH:D009369,MESH:D010190,MESH:D010243,MESH:D015179
33686389	MESH:C000657245,MESH:D004487,MESH:D007239,MESH:D009336,MESH:D051271
33908897	MESH:C000657245,MESH:C012714,MESH:C021758,MESH:C041524,MESH:C563551,MESH:D000163,MESH:D001102,MESH:D002244,MESH:D002245,MESH:D004487,MESH:D006371,MESH:D006470,MESH:D006965,MESH:D007239,MESH:D007249,MESH:D007854,MESH:D008171,MESH:D008209,MESH:D008661,MESH:D009336,MESH:D009369,MESH:D009838,MESH:D010634,MESH:D011014,MESH:D011069,MESH:D011070,MESH:D011136,MESH:D012128,MESH:D012131,MESH:D012685,MESH:D012964,MESH:D013927,MESH:D015759,MESH:D018352,MESH:D020126,MESH:D022223,MESH:D056486
34717886	MESH:C000657245,MESH:D003643,MESH:D003920,MESH:D006973,MESH:D007239,MESH:D009369,MESH:D010100,MESH:D015658,MESH:D018352,MESH:D029424,MESH:D051436
33350677	MESH:C000657245,MESH:C535507,MESH:D000336,MESH:D000402,MESH:D003371,MESH:D005597,MESH:D007239,MESH:D012131,MESH:D012141,MESH:D014867
32605729	MESH:C000657245,MESH:D011024,MESH:D014867,MESH:D018352
34532354	MESH:C000657245,MESH:D003072
35036079	MESH:C000606551,MESH:C000657245,MESH:C502936,MESH:C535509,MESH:C537017,MESH:C537418,MESH:D000069285,MESH:D000077464,MESH:D000275,MESH:D000743,MESH:D000783,MESH:D000860,MESH:D001168,MESH:D001171,MESH:D001172,MESH:D001241,MESH:D001778,MESH:D002318,MESH:D002395,MESH:D002908,MESH:D003141,MESH:D003323,MESH:D003324,MESH:D003424,MESH:D003643,MESH:D003907,MESH:D003967,MESH:D004280,MESH:D004298,MESH:D004696,MESH:D004837,MESH:D005334,MESH:D006261,MESH:D006327,MESH:D006331,MESH:D006333,MESH:D006470,MESH:D006493,MESH:D006495,MESH:D006943,MESH:D006973,MESH:D007239,MESH:D007249,MESH:D007674,MESH:D007970,MESH:D008582,MESH:D008775,MESH:D009069,MESH:D009080,MESH:D009102,MESH:D009203,MESH:D009205,MESH:D009325,MESH:D009369,MESH:D009461,MESH:D009503,MESH:D009638,MESH:D009765,MESH:D010100,MESH:D011014,MESH:D011239,MESH:D011241,MESH:D011655,MESH:D012128,MESH:D012131,MESH:D012213,MESH:D012769,MESH:D012772,MESH:D013256,MESH:D013610,MESH:D013921,MESH:D013923,MESH:D013927,MESH:D014657,MESH:D014839,MESH:D015746,MESH:D016638,MESH:D017984,MESH:D018754,MESH:D018805,MESH:D018879,MESH:D019851,MESH:D020105,MESH:D020246,MESH:D020521,MESH:D021081,MESH:D054537,MESH:D054556,MESH:D055501,MESH:D056486,MESH:D056587,MESH:D057049
34819524	MESH:C000657245,MESH:C537866,MESH:D001416,MESH:D001932,MESH:D001943,MESH:D003643,MESH:D005910,MESH:D007022,MESH:D007239,MESH:D007859,MESH:D008175,MESH:D009103,MESH:D009369,MESH:D010190,MESH:D012141,MESH:D012516,MESH:D018352,MESH:D020521,MESH:D052517
33424954	MESH:C000657245,MESH:C025109,MESH:D003371,MESH:D007239,MESH:D012141,MESH:D012973,MESH:D014867
34589316	MESH:C000657245,MESH:D003643,MESH:D007239,MESH:D009757,MESH:D011014,MESH:D012140,MESH:D012141,MESH:D018352
32630367	MESH:C000657245,MESH:D000067073,MESH:D000275,MESH:D001007,MESH:D001068,MESH:D002303,MESH:D002318,MESH:D002908,MESH:D003072,MESH:D003643,MESH:D003704,MESH:D005947,MESH:D006620,MESH:D007022,MESH:D007239,MESH:D007859,MESH:D008569,MESH:D009765,MESH:D010300,MESH:D012640,MESH:D015431,MESH:D018352,MESH:D020521,MESH:D050723
33932458	MESH:C000657245,MESH:D000450,MESH:D001416,MESH:D003141,MESH:D003404,MESH:D004342,MESH:D005334,MESH:D005922,MESH:D006417,MESH:D007674,MESH:D008589,MESH:D011507,MESH:D011695,MESH:D012141,MESH:D014657,MESH:D016736,MESH:D063806
35066705	MESH:C000657245,MESH:C502936,MESH:C536084,MESH:C536395,MESH:C536657,MESH:C566065,MESH:D000067390,MESH:D000071069,MESH:D000080343,MESH:D000370,MESH:D000853,MESH:D000857,MESH:D000860,MESH:D001049,MESH:D001068,MESH:D001102,MESH:D001249,MESH:D001259,MESH:D001327,MESH:D001424,MESH:D001778,MESH:D002294,MESH:D002561,MESH:D003141,MESH:D003229,MESH:D003231,MESH:D003244,MESH:D003316,MESH:D003371,MESH:D003643,MESH:D003920,MESH:D003967,MESH:D004211,MESH:D004244,MESH:D004342,MESH:D004408,MESH:D004417,MESH:D004487,MESH:D005124,MESH:D005128,MESH:D005221,MESH:D005334,MESH:D005355,MESH:D005776,MESH:D006151,MESH:D006261,MESH:D006333,MESH:D006335,MESH:D006470,MESH:D006495,MESH:D006497,MESH:D006948,MESH:D006965,MESH:D006973,MESH:D006987,MESH:D007239,MESH:D007249,MESH:D007511,MESH:D007637,MESH:D007674,MESH:D007951,MESH:D008055,MESH:D008171,MESH:D008231,MESH:D008545,MESH:D008670,MESH:D009102,MESH:D009205,MESH:D009325,MESH:D009369,MESH:D009422,MESH:D009461,MESH:D009765,MESH:D009798,MESH:D009902,MESH:D010212,MESH:D011014,MESH:D011127,MESH:D011507,MESH:D011537,MESH:D011655,MESH:D012128,MESH:D012131,MESH:D012140,MESH:D012141,MESH:D012164,MESH:D012167,MESH:D012173,MESH:D012640,MESH:D012769,MESH:D012817,MESH:D012818,MESH:D013203,MESH:D013927,MESH:D014605,MESH:D014786,MESH:D014839,MESH:D014867,MESH:D015047,MESH:D015352,MESH:D015746,MESH:D015828,MESH:D016207,MESH:D016638,MESH:D017114,MESH:D017382,MESH:D018352,MESH:D018805,MESH:D019851,MESH:D020246,MESH:D020521,MESH:D020795,MESH:D028361,MESH:D034721,MESH:D045169,MESH:D050197,MESH:D054066,MESH:D054556,MESH:D055370,MESH:D056486,MESH:D058186,MESH:D063806,MESH:D064420
32599069	MESH:C000657245,MESH:D000275,MESH:D000305,MESH:D000900,MESH:D001007,MESH:D001523,MESH:D003141,MESH:D003643,MESH:D004176,MESH:D006470,MESH:D007039,MESH:D007251,MESH:D007964,MESH:D007970,MESH:D008231,MESH:D011014,MESH:D011024,MESH:D011241,MESH:D011657,MESH:D012120,MESH:D012131,MESH:D012140,MESH:D012818,MESH:D013759,MESH:D017563,MESH:D018352,MESH:D024502,MESH:D055370
32817714	MESH:C000657245,MESH:D000438,MESH:D003141,MESH:D003643,MESH:D003920,MESH:D005355,MESH:D005597,MESH:D007239,MESH:D007249,MESH:D010272,MESH:D011024,MESH:D018352,MESH:D020018
34659041	MESH:C000657245,MESH:C567300,MESH:D000079225,MESH:D000275,MESH:D001007,MESH:D002318,MESH:D002340,MESH:D002908,MESH:D003072,MESH:D003324,MESH:D003643,MESH:D007239,MESH:D007589,MESH:D009203,MESH:D009369,MESH:D010146,MESH:D040921
32685880	MESH:C000657245,MESH:C481642,MESH:C536439,MESH:D000077144,MESH:D000077425,MESH:D000077466,MESH:D000860,MESH:D001241,MESH:D001778,MESH:D002561,MESH:D003141,MESH:D003643,MESH:D004211,MESH:D004617,MESH:D005600,MESH:D006323,MESH:D006470,MESH:D006493,MESH:D006495,MESH:D006497,MESH:D006526,MESH:D007239,MESH:D007249,MESH:D007511,MESH:D008171,MESH:D009102,MESH:D009203,MESH:D010100,MESH:D011014,MESH:D011655,MESH:D011660,MESH:D012128,MESH:D012131,MESH:D012818,MESH:D013921,MESH:D013923,MESH:D013927,MESH:D014842,MESH:D016638,MESH:D017984,MESH:D018805,MESH:D019851,MESH:D020141,MESH:D020246,MESH:D025861,MESH:D054556
32451343	MESH:C000657245,MESH:C536611,MESH:D001464,MESH:D003643,MESH:D003920,MESH:D006323,MESH:D012131,MESH:D012872,MESH:D016638,MESH:D029424
34909404	MESH:C000606551,MESH:C000657245,MESH:C502936,MESH:C517546,MESH:D000068698,MESH:D000069474,MESH:D000860,MESH:D001102,MESH:D001647,MESH:D001663,MESH:D002318,MESH:D002779,MESH:D003371,MESH:D003643,MESH:D003920,MESH:D005234,MESH:D005334,MESH:D005355,MESH:D006509,MESH:D006525,MESH:D006526,MESH:D006528,MESH:D007239,MESH:D007249,MESH:D008107,MESH:D008171,MESH:D008231,MESH:D009173,MESH:D009422,MESH:D009765,MESH:D011014,MESH:D012131,MESH:D012141,MESH:D012254,MESH:D012818,MESH:D015047,MESH:D015658,MESH:D016559,MESH:D017093,MESH:D017114,MESH:D018352,MESH:D018455,MESH:D019693,MESH:D019694,MESH:D019698,MESH:D019851,MESH:D034141,MESH:D051436,MESH:D056486,MESH:D058186,MESH:D058625,MESH:D065626
34736354	MESH:C000657245,MESH:C567520,MESH:D001102,MESH:D003643,MESH:D004487,MESH:D004801,MESH:D005557,MESH:D006416,MESH:D006965,MESH:D007239,MESH:D007249,MESH:D009422,MESH:D011014,MESH:D011420,MESH:D012140,MESH:D012967,MESH:D015164,MESH:D016207,MESH:D017573,MESH:D018352
32686375	MESH:C000657245,MESH:D001102,MESH:D001778,MESH:D003371,MESH:D003643,MESH:D004417,MESH:D005184,MESH:D005283,MESH:D006470,MESH:D006973,MESH:D008012,MESH:D009102,MESH:D010100,MESH:D011024,MESH:D012128,MESH:D012131,MESH:D012421,MESH:D012772,MESH:D013921,MESH:D016063,MESH:D018352,MESH:D045169,MESH:D054549,MESH:D059246
33257418	MESH:C000657245,MESH:C563086,MESH:D006973,MESH:D009207,MESH:D009223,MESH:D012141
34149003	MESH:C000657245,MESH:D003643,MESH:D007239,MESH:D010100
34894119	MESH:C000657245,MESH:D005334
35284208	MESH:C000657245,MESH:C535817,MESH:C566404,MESH:D000080223,MESH:D000799,MESH:D004487,MESH:D004802,MESH:D007501,MESH:D008206,MESH:D011239,MESH:D014581,MESH:D016567,MESH:D017332
35095602	MESH:C000657245,MESH:C538139,MESH:D000079225,MESH:D000275,MESH:D001007,MESH:D001102,MESH:D003865,MESH:D007239,MESH:D007319,MESH:D012893,MESH:D013313,MESH:D058540
34008930	MESH:C000657245,MESH:C093875,MESH:C502936,MESH:C558899,MESH:D000163,MESH:D000437,MESH:D000857,MESH:D001102,MESH:D001205,MESH:D001249,MESH:D002738,MESH:D003078,MESH:D003371,MESH:D003404,MESH:D003643,MESH:D003704,MESH:D003907,MESH:D003920,MESH:D003967,MESH:D004417,MESH:D005334,MESH:D005947,MESH:D006261,MESH:D006886,MESH:D007239,MESH:D008775,MESH:D009325,MESH:D009369,MESH:D009584,MESH:D010100,MESH:D011014,MESH:D012128,MESH:D012772,MESH:D012818,MESH:D013256,MESH:D013959,MESH:D014508,MESH:D015658,MESH:D016638,MESH:D017963,MESH:D020271,MESH:D020521,MESH:D029424,MESH:D051436,MESH:D054058,MESH:D058625
33337295	MESH:C000657245,MESH:D000275,MESH:D002908,MESH:D003141,MESH:D003643,MESH:D009765
34404498	MESH:C000657245
34641391	MESH:C000600736,MESH:C000608132,MESH:C000614160,MESH:C000657245,MESH:C001426,MESH:C021181,MESH:C043592,MESH:C080625,MESH:C080938,MESH:C095887,MESH:C406061,MESH:C438462,MESH:C480122,MESH:C495575,MESH:C504717,MESH:C513576,MESH:C543533,MESH:C550911,MESH:C563601,MESH:D000068878,MESH:D000069283,MESH:D000069461,MESH:D000077146,MESH:D000230,MESH:D000409,MESH:D000577,MESH:D000588,MESH:D000970,MESH:D001327,MESH:D001554,MESH:D001943,MESH:D002166,MESH:D002219,MESH:D002245,MESH:D002289,MESH:D002318,MESH:D002583,MESH:D002945,MESH:D002956,MESH:D003520,MESH:D003543,MESH:D003545,MESH:D003561,MESH:D003606,MESH:D003630,MESH:D003920,MESH:D003967,MESH:D004151,MESH:D004220,MESH:D004229,MESH:D004317,MESH:D005643,MESH:D005998,MESH:D006147,MESH:D006323,MESH:D006689,MESH:D006835,MESH:D006859,MESH:D007239,MESH:D007463,MESH:D007644,MESH:D007938,MESH:D007943,MESH:D008175,MESH:D008223,MESH:D008228,MESH:D008239,MESH:D008453,MESH:D009101,MESH:D009369,MESH:D009436,MESH:D010300,MESH:D010634,MESH:D010649,MESH:D010665,MESH:D010984,MESH:D011092,MESH:D011241,MESH:D011374,MESH:D012595,MESH:D013438,MESH:D013440,MESH:D014523,MESH:D014633,MESH:D014747,MESH:D014751,MESH:D015470,MESH:D016393,MESH:D016411,MESH:D045743,MESH:D053281,MESH:D054198,MESH:D064420
35332047	MESH:C000657245,MESH:D000079225,MESH:D001749,MESH:D001943,MESH:D002908,MESH:D003643,MESH:D004067,MESH:D006258,MESH:D007239,MESH:D009361,MESH:D009369,MESH:D012878,MESH:D015179
35382039	MESH:C000657245,MESH:C531854,MESH:D000079225,MESH:D000275,MESH:D001007,MESH:D001289,MESH:D001523,MESH:D003072,MESH:D004417,MESH:D005221,MESH:D006261,MESH:D007319,MESH:D010146,MESH:D012128,MESH:D059350
33688413	MESH:C000657245,MESH:C502936,MESH:C535509,MESH:D000077550,MESH:D000275,MESH:D001145,MESH:D001241,MESH:D002311,MESH:D002637,MESH:D003078,MESH:D003324,MESH:D003371,MESH:D003404,MESH:D003643,MESH:D003920,MESH:D004409,MESH:D004417,MESH:D004487,MESH:D005334,MESH:D006331,MESH:D006333,MESH:D006349,MESH:D006886,MESH:D006940,MESH:D007022,MESH:D007052,MESH:D007239,MESH:D008231,MESH:D008476,MESH:D008775,MESH:D008944,MESH:D009041,MESH:D009202,MESH:D009205,MESH:D009336,MESH:D009638,MESH:D010100,MESH:D010490,MESH:D010493,MESH:D011014,MESH:D011655,MESH:D012128,MESH:D012769,MESH:D012770,MESH:D012772,MESH:D013256,MESH:D013610,MESH:D013616,MESH:D014262,MESH:D014508,MESH:D017254,MESH:D017257,MESH:D017298,MESH:D017963,MESH:D018476,MESH:D018487,MESH:D018908,MESH:D054058,MESH:D054549,MESH:D058186,MESH:D059246,MESH:D059787,MESH:D064098
32997560	MESH:C000657245,MESH:D001102,MESH:D011014
34901700	MESH:C000657245,MESH:D003643
35250739	MESH:C000657245,MESH:D001007,MESH:D003693,MESH:D003903,MESH:D007859
32100024	MESH:C000657245,MESH:D011024,MESH:D018352
33793460	MESH:C000657245,MESH:C535882,MESH:D003371,MESH:D003643,MESH:D003967,MESH:D004417,MESH:D005221,MESH:D005334,MESH:D006261,MESH:D007239,MESH:D008589,MESH:D009784,MESH:D010608,MESH:D012818,MESH:D014614,MESH:D063806
32664634	MESH:C000657245,MESH:D000309,MESH:D007239
32590006	MESH:C000657245,MESH:D011024,MESH:D018352
34256781	MESH:C000657245,MESH:C118417,MESH:D000186,MESH:D000292,MESH:D000402,MESH:D001064,MESH:D001281,MESH:D002245,MESH:D003141,MESH:D003643,MESH:D004630,MESH:D006470,MESH:D006547,MESH:D007239,MESH:D007415,MESH:D008171,MESH:D009102,MESH:D010146,MESH:D010996,MESH:D011014,MESH:D011027,MESH:D012131,MESH:D012772,MESH:D012778,MESH:D013667,MESH:D014552,MESH:D014947,MESH:D015212,MESH:D015746,MESH:D016751,MESH:D017699,MESH:D018805,MESH:D041881,MESH:D051437
34630838	MESH:C000606551,MESH:C000657245,MESH:C502936,MESH:D000438,MESH:D000998,MESH:D003141,MESH:D003643,MESH:D004318,MESH:D005334,MESH:D006261,MESH:D006886,MESH:D006973,MESH:D007239,MESH:D008288,MESH:D008581,MESH:D008775,MESH:D012120,MESH:D012128,MESH:D012141,MESH:D014867,MESH:D017963,MESH:D018352,MESH:D018908
34844968	MESH:C000606551,MESH:C000657245,MESH:C522181,MESH:C533411,MESH:D000069283,MESH:D001327,MESH:D003320,MESH:D003371,MESH:D003643,MESH:D003907,MESH:D003922,MESH:D004417,MESH:D006333,MESH:D006973,MESH:D007166,MESH:D007239,MESH:D007676,MESH:D008055,MESH:D008171,MESH:D009103,MESH:D009173,MESH:D009369,MESH:D010100,MESH:D011008,MESH:D011014,MESH:D011241,MESH:D011655,MESH:D012128,MESH:D012131,MESH:D013256,MESH:D013746,MESH:D016559,MESH:D018352,MESH:D054144
34831965	MESH:C000657245,MESH:D000071071,MESH:D001007,MESH:D001523,MESH:D001766,MESH:D002386,MESH:D003141,MESH:D003248,MESH:D003920,MESH:D003924,MESH:D003930,MESH:D005221,MESH:D005901,MESH:D005947,MESH:D007239,MESH:D008687,MESH:D010146,MESH:D014376,MESH:D014786,MESH:D014867,MESH:D015354,MESH:D017719,MESH:D020521,MESH:D048909
35010471	MESH:C000657245,MESH:D001007,MESH:D003141,MESH:D003428,MESH:D006861,MESH:D007239,MESH:D014867,MESH:D016602,MESH:D018352
33587790	MESH:C000657245,MESH:D014947
33684592	MESH:C000592401,MESH:C000596027,MESH:C000606551,MESH:C000657245,MESH:C502936,MESH:C538137,MESH:C538424,MESH:C541220,MESH:C563010,MESH:D000069279,MESH:D000347,MESH:D000740,MESH:D000860,MESH:D001102,MESH:D001168,MESH:D001171,MESH:D001778,MESH:D001855,MESH:D002388,MESH:D003643,MESH:D003907,MESH:D005047,MESH:D005334,MESH:D006323,MESH:D006402,MESH:D006854,MESH:D006886,MESH:D006948,MESH:D007239,MESH:D007249,MESH:D007938,MESH:D008107,MESH:D008171,MESH:D008180,MESH:D008231,MESH:D008661,MESH:D008775,MESH:D009080,MESH:D009102,MESH:D009369,MESH:D010100,MESH:D011014,MESH:D012120,MESH:D012128,MESH:D012130,MESH:D012131,MESH:D012216,MESH:D013163,MESH:D013256,MESH:D013921,MESH:D013927,MESH:D014280,MESH:D014947,MESH:D015228,MESH:D016572,MESH:D016638,MESH:D017093,MESH:D017566,MESH:D017963,MESH:D018352,MESH:D018805,MESH:D034141,MESH:D051359,MESH:D052456,MESH:D055501,MESH:D056660,MESH:D056733,MESH:D057049,MESH:D060825,MESH:D061325,MESH:D064420
35247550	MESH:C000657245,MESH:D000699,MESH:D000860,MESH:D001523,MESH:D003324,MESH:D004417,MESH:D005334,MESH:D006973,MESH:D007239,MESH:D007249,MESH:D007674,MESH:D008171,MESH:D008231,MESH:D010100,MESH:D010995,MESH:D011014,MESH:D012128,MESH:D012131,MESH:D012141,MESH:D012772,MESH:D013927,MESH:D050171,MESH:D055370
34058573	MESH:C000657245,MESH:C010078,MESH:C010942,MESH:C027711,MESH:C029943,MESH:C121357,MESH:C537571,MESH:D000014,MESH:D001102,MESH:D002245,MESH:D002543,MESH:D002784,MESH:D003141,MESH:D003643,MESH:D004487,MESH:D005313,MESH:D005315,MESH:D006130,MESH:D006470,MESH:D007239,MESH:D008055,MESH:D009705,MESH:D010049,MESH:D010051,MESH:D010424,MESH:D011092,MESH:D012965,MESH:D013746,MESH:D014801,MESH:D014867,MESH:D015430,MESH:D017577,MESH:D019052,MESH:D020139,MESH:D045169,MESH:D059265,MESH:D064420
34159155	MESH:C000657245,MESH:C563620,MESH:D000075262,MESH:D000079225,MESH:D000275,MESH:D000370,MESH:D000857,MESH:D001007,MESH:D001049,MESH:D002637,MESH:D002908,MESH:D003231,MESH:D003371,MESH:D003643,MESH:D003920,MESH:D003967,MESH:D004244,MESH:D004417,MESH:D005076,MESH:D005221,MESH:D005334,MESH:D005355,MESH:D006261,MESH:D006331,MESH:D006333,MESH:D006359,MESH:D006470,MESH:D007153,MESH:D007239,MESH:D007249,MESH:D007674,MESH:D008171,MESH:D008881,MESH:D009059,MESH:D009102,MESH:D009203,MESH:D009205,MESH:D009325,MESH:D009369,MESH:D009422,MESH:D010146,MESH:D010608,MESH:D011014,MESH:D012128,MESH:D013313,MESH:D014717,MESH:D014839,MESH:D014867,MESH:D015746,MESH:D015817,MESH:D018352,MESH:D018771,MESH:D018908,MESH:D020512,MESH:D056587,MESH:D058186
34342092	MESH:D000336
34415401	MESH:C000657245,MESH:D000079225,MESH:D000275,MESH:D001007,MESH:D003072,MESH:D003371,MESH:D006470,MESH:D007239,MESH:D007455,MESH:D010146,MESH:D010300,MESH:D010386,MESH:D012735,MESH:D014549,MESH:D014550,MESH:D016472,MESH:D044062,MESH:D059268,MESH:D059952
35272613	MESH:C000657245,MESH:D000163,MESH:D000544,MESH:D000855,MESH:D002318,MESH:D002637,MESH:D003324,MESH:D003371,MESH:D003643,MESH:D003920,MESH:D003967,MESH:D004244,MESH:D004417,MESH:D004485,MESH:D005221,MESH:D005334,MESH:D005767,MESH:D006261,MESH:D006331,MESH:D006402,MESH:D006471,MESH:D006973,MESH:D007039,MESH:D007239,MESH:D007249,MESH:D007511,MESH:D008107,MESH:D008171,MESH:D008231,MESH:D009325,MESH:D009369,MESH:D009422,MESH:D010100,MESH:D010146,MESH:D010243,MESH:D010608,MESH:D012128,MESH:D012131,MESH:D012140,MESH:D012640,MESH:D012817,MESH:D012818,MESH:D014474,MESH:D014839,MESH:D015658,MESH:D015746,MESH:D016638,MESH:D018352,MESH:D019966,MESH:D020271,MESH:D029424,MESH:D045169,MESH:D051271,MESH:D051436,MESH:D055370,MESH:D060085,MESH:D063806
33203639	MESH:C000657245,MESH:D000014,MESH:D000782,MESH:D001102,MESH:D002908,MESH:D003920,MESH:D005947,MESH:D006973,MESH:D007239,MESH:D009765,MESH:D010649,MESH:D011014,MESH:D011125,MESH:D011251,MESH:D051271,MESH:D051436
34836825	MESH:C000657245,MESH:D001102,MESH:D003141,MESH:D003643,MESH:D003920,MESH:D006331,MESH:D006509,MESH:D006949,MESH:D006973,MESH:D007239,MESH:D008171,MESH:D010100,MESH:D011014,MESH:D014766,MESH:D015658
33513875	MESH:C000657245,MESH:C012990,MESH:C502936,MESH:D000069349,MESH:D000072742,MESH:D000077725,MESH:D000165,MESH:D000275,MESH:D000857,MESH:D001102,MESH:D001393,MESH:D003561,MESH:D003630,MESH:D003643,MESH:D004408,MESH:D005334,MESH:D007239,MESH:D008171,MESH:D009091,MESH:D009190,MESH:D009369,MESH:D009503,MESH:D009765,MESH:D009894,MESH:D010100,MESH:D010504,MESH:D010608,MESH:D012128,MESH:D012131,MESH:D012141,MESH:D015470,MESH:D016638,MESH:D055732,MESH:D058365,MESH:D060085,MESH:D065819
35512712	MESH:C000657245,MESH:D003643,MESH:D006402,MESH:D007022,MESH:D007239,MESH:D007619,MESH:D008223,MESH:D009101,MESH:D009190,MESH:D009369,MESH:D010265,MESH:D013256,MESH:D015464,MESH:D015470,MESH:D019337,MESH:D059390
34519768	MESH:C000657245,MESH:D000163,MESH:D000370,MESH:D000857,MESH:D001068,MESH:D001247,MESH:D002318,MESH:D002908,MESH:D003141,MESH:D003371,MESH:D003643,MESH:D003920,MESH:D003967,MESH:D004417,MESH:D005334,MESH:D006261,MESH:D006973,MESH:D007239,MESH:D008171,MESH:D008288,MESH:D009325,MESH:D009765,MESH:D010100,MESH:D011014,MESH:D011654,MESH:D012120,MESH:D012128,MESH:D012220,MESH:D012818,MESH:D014376,MESH:D014839,MESH:D015658,MESH:D056486,MESH:D063806
33165674	MESH:C000657245,MESH:C558899,MESH:D000860,MESH:D001102,MESH:D002637,MESH:D003141,MESH:D003371,MESH:D003643,MESH:D003907,MESH:D003920,MESH:D004417,MESH:D005221,MESH:D005334,MESH:D005355,MESH:D006333,MESH:D006973,MESH:D007239,MESH:D007964,MESH:D008171,MESH:D008775,MESH:D009369,MESH:D009765,MESH:D011014,MESH:D011024,MESH:D011125,MESH:D011655,MESH:D011658,MESH:D012131,MESH:D016638,MESH:D017563,MESH:D018352,MESH:D018450,MESH:D056486
35194549	MESH:C000657245,MESH:C535882,MESH:D000275,MESH:D000379,MESH:D001007,MESH:D001289,MESH:D001523,MESH:D002908,MESH:D006886,MESH:D009771,MESH:D011618,MESH:D012701,MESH:D016584
33364344	MESH:C000657245,MESH:D007239,MESH:D009059
33588706	MESH:C000657245,MESH:C535742,MESH:D000067404,MESH:D000079225,MESH:D000275,MESH:D001007,MESH:D002908,MESH:D003072,MESH:D003193,MESH:D003643,MESH:D007239,MESH:D007319,MESH:D009369,MESH:D010146,MESH:D012128,MESH:D012893,MESH:D012967,MESH:D013313,MESH:D014947,MESH:D050723
32721925	MESH:C000657245,MESH:D000079225,MESH:D001007,MESH:D002318,MESH:D002908,MESH:D003643,MESH:D003920,MESH:D007239,MESH:D007674,MESH:D009765,MESH:D011024,MESH:D018352
34110314	MESH:C000657245,MESH:D001943,MESH:D002280,MESH:D006258,MESH:D009369,MESH:D009917,MESH:D014947,MESH:D050723
34611034	MESH:C000657245,MESH:C093230,MESH:C536482,MESH:D000208,MESH:D000740,MESH:D001007,MESH:D001102,MESH:D002637,MESH:D003643,MESH:D003967,MESH:D004342,MESH:D004492,MESH:D005221,MESH:D005334,MESH:D005483,MESH:D005767,MESH:D006261,MESH:D006632,MESH:D006633,MESH:D006973,MESH:D007154,MESH:D007239,MESH:D007249,MESH:D007319,MESH:D009369,MESH:D010146,MESH:D011014,MESH:D014581,MESH:D015673,MESH:D015738,MESH:D016567,MESH:D017336,MESH:D018771,MESH:D051271,MESH:D054969,MESH:D054971,MESH:D054972,MESH:D060085,MESH:D063806
35282893	MESH:C000657245,MESH:D002277,MESH:D003643,MESH:D004487,MESH:D007239,MESH:D008171,MESH:D011014,MESH:D011654,MESH:D012128,MESH:D012131,MESH:D012140,MESH:D014947,MESH:D015431,MESH:D055370,MESH:D059390
35439249	MESH:C000657245,MESH:C033616,MESH:D000067390,MESH:D000535,MESH:D002244,MESH:D002245,MESH:D004043,MESH:D006046,MESH:D006258,MESH:D006973,MESH:D007859,MESH:D009223,MESH:D010165,MESH:D010300,MESH:D011108,MESH:D011126,MESH:D011137,MESH:D012834,MESH:D014923
34803818	MESH:C000657245,MESH:D001007,MESH:D007239,MESH:D007859
32794209	MESH:C000657245,MESH:D000857,MESH:D012640,MESH:D013651
32694498	MESH:C000657245,MESH:D000071079,MESH:D000140,MESH:D000142,MESH:D001241,MESH:D001778,MESH:D002908,MESH:D003404,MESH:D003643,MESH:D003967,MESH:D004211,MESH:D004401,MESH:D004646,MESH:D005334,MESH:D006261,MESH:D006323,MESH:D006493,MESH:D007238,MESH:D007249,MESH:D007455,MESH:D008171,MESH:D008231,MESH:D010100,MESH:D010608,MESH:D011014,MESH:D011024,MESH:D011654,MESH:D011655,MESH:D012128,MESH:D012140,MESH:D012640,MESH:D013921,MESH:D013923,MESH:D013927,MESH:D014947,MESH:D016638,MESH:D018352,MESH:D018497,MESH:D018805,MESH:D019344,MESH:D019851,MESH:D025861,MESH:D050171,MESH:D054556,MESH:D055370,MESH:D057049,MESH:D063806
34790223	MESH:C000657245,MESH:C535899,MESH:C563476,MESH:C565145,MESH:C580316,MESH:D005221,MESH:D008268,MESH:D009134,MESH:D009135,MESH:D009136,MESH:D009207,MESH:D009223,MESH:D009404,MESH:D009468,MESH:D012128,MESH:D012131,MESH:D020294,MESH:D020388,MESH:D049288
32268212	MESH:C000606551,MESH:C000657245,MESH:C085464,MESH:C502936,MESH:C509303,MESH:C537327,MESH:C538137,MESH:C579969,MESH:D001102,MESH:D001168,MESH:D001171,MESH:D001327,MESH:D002738,MESH:D003141,MESH:D003371,MESH:D003643,MESH:D004660,MESH:D005334,MESH:D006886,MESH:D007239,MESH:D007249,MESH:D007375,MESH:D007970,MESH:D008180,MESH:D011024,MESH:D012131,MESH:D012772,MESH:D014765,MESH:D015214,MESH:D015415,MESH:D015703,MESH:D015850,MESH:D016736,MESH:D018106,MESH:D018352,MESH:D018805,MESH:D030361,MESH:D051359,MESH:D055501,MESH:D061325
34595468	MESH:C000657245,MESH:D000740,MESH:D002318,MESH:D003371,MESH:D003404,MESH:D003643,MESH:D004417,MESH:D005221,MESH:D005334,MESH:D006331,MESH:D006509,MESH:D007239,MESH:D007249,MESH:D008171,MESH:D009369,MESH:D010195,MESH:D012128,MESH:D012140,MESH:D013789,MESH:D016393,MESH:D018805,MESH:D029424,MESH:D058186
34407607	MESH:C000657245,MESH:C009791,MESH:C047981,MESH:C535882,MESH:C536085,MESH:C565633,MESH:D000257,MESH:D000409,MESH:D001102,MESH:D001778,MESH:D001791,MESH:D001927,MESH:D002311,MESH:D002318,MESH:D002388,MESH:D002543,MESH:D002544,MESH:D002809,MESH:D003550,MESH:D003643,MESH:D004211,MESH:D004417,MESH:D004492,MESH:D005598,MESH:D006025,MESH:D006261,MESH:D006402,MESH:D006470,MESH:D006493,MESH:D006495,MESH:D006528,MESH:D007153,MESH:D007238,MESH:D007239,MESH:D007249,MESH:D007511,MESH:D007964,MESH:D007970,MESH:D009134,MESH:D009203,MESH:D009369,MESH:D009422,MESH:D009503,MESH:D010689,MESH:D011122,MESH:D011136,MESH:D011655,MESH:D012140,MESH:D012769,MESH:D012851,MESH:D012852,MESH:D013256,MESH:D013479,MESH:D013921,MESH:D013923,MESH:D013927,MESH:D014612,MESH:D014786,MESH:D014812,MESH:D014839,MESH:D015179,MESH:D015746,MESH:D016553,MESH:D020141,MESH:D020246,MESH:D020520,MESH:D020521,MESH:D025861,MESH:D030342,MESH:D054556,MESH:D055501,MESH:D056486,MESH:D057049,MESH:D064420
34665318	MESH:C000657245,MESH:D002386,MESH:D003428,MESH:D003643,MESH:D006547,MESH:D007239,MESH:D009877,MESH:D013530,MESH:D050723
33388064	MESH:C000657245,MESH:C538356,MESH:D000079225,MESH:D000275,MESH:D000438,MESH:D001007,MESH:D001523,MESH:D002277,MESH:D003920,MESH:D003924,MESH:D004832,MESH:D006973,MESH:D007239,MESH:D007319,MESH:D008881,MESH:D012492,MESH:D014867,MESH:D058540
32253318	MESH:C000606551,MESH:C000657245,MESH:C086979,MESH:C414210,MESH:C558899,MESH:D000069349,MESH:D000077266,MESH:D000077336,MESH:D000077559,MESH:D000078142,MESH:D001102,MESH:D001663,MESH:D002318,MESH:D002438,MESH:D002561,MESH:D002637,MESH:D002738,MESH:D002908,MESH:D003141,MESH:D003371,MESH:D003428,MESH:D003643,MESH:D003967,MESH:D004342,MESH:D004417,MESH:D005334,MESH:D006261,MESH:D006509,MESH:D006973,MESH:D007239,MESH:D007249,MESH:D008171,MESH:D008231,MESH:D008751,MESH:D008775,MESH:D009102,MESH:D009205,MESH:D009325,MESH:D010100,MESH:D010608,MESH:D011014,MESH:D011024,MESH:D012120,MESH:D012128,MESH:D012141,MESH:D012254,MESH:D014766,MESH:D014839,MESH:D015047,MESH:D015725,MESH:D016638,MESH:D017093,MESH:D018352,MESH:D018771,MESH:D019142,MESH:D053139,MESH:D054058,MESH:D055370,MESH:D058186,MESH:D060085,MESH:D063806,MESH:D064704
32301809	MESH:D003428,MESH:D011024,MESH:D012906,MESH:D018352
32352535	MESH:C000592401,MESH:C000606551,MESH:C000657245,MESH:C034532,MESH:C502936,MESH:C536227,MESH:C536439,MESH:C541220,MESH:C558899,MESH:D000069285,MESH:D000077261,MESH:D000077405,MESH:D000077545,MESH:D000079225,MESH:D000081029,MESH:D000208,MESH:D000275,MESH:D000370,MESH:D000450,MESH:D000740,MESH:D000806,MESH:D000857,MESH:D000860,MESH:D001015,MESH:D001102,MESH:D001145,MESH:D001171,MESH:D001172,MESH:D001281,MESH:D001327,MESH:D001424,MESH:D001943,MESH:D002122,MESH:D002241,MESH:D002311,MESH:D002312,MESH:D002318,MESH:D002637,MESH:D002738,MESH:D002784,MESH:D003141,MESH:D003300,MESH:D003324,MESH:D003371,MESH:D003643,MESH:D003645,MESH:D003920,MESH:D003967,MESH:D004211,MESH:D004298,MESH:D004417,MESH:D004958,MESH:D004977,MESH:D005117,MESH:D005221,MESH:D005334,MESH:D005355,MESH:D005682,MESH:D005767,MESH:D005947,MESH:D006261,MESH:D006327,MESH:D006331,MESH:D006333,MESH:D006335,MESH:D006349,MESH:D006402,MESH:D006470,MESH:D006854,MESH:D006886,MESH:D006973,MESH:D007008,MESH:D007022,MESH:D007029,MESH:D007154,MESH:D007239,MESH:D007249,MESH:D007511,MESH:D007674,MESH:D008055,MESH:D008133,MESH:D008171,MESH:D008231,MESH:D008478,MESH:D008659,MESH:D008775,MESH:D009041,MESH:D009102,MESH:D009103,MESH:D009202,MESH:D009203,MESH:D009205,MESH:D009336,MESH:D009369,MESH:D009461,MESH:D009638,MESH:D009765,MESH:D010051,MESH:D010100,MESH:D010146,MESH:D010490,MESH:D010608,MESH:D010661,MESH:D010996,MESH:D011014,MESH:D011024,MESH:D011030,MESH:D011188,MESH:D011273,MESH:D011655,MESH:D012080,MESH:D012128,MESH:D012131,MESH:D012140,MESH:D012141,MESH:D012254,MESH:D012694,MESH:D012769,MESH:D012818,MESH:D013158,MESH:D013256,MESH:D013610,MESH:D013739,MESH:D013927,MESH:D014693,MESH:D014947,MESH:D015658,MESH:D016638,MESH:D017180,MESH:D017544,MESH:D017545,MESH:D017563,MESH:D017566,MESH:D018352,MESH:D018354,MESH:D018476,MESH:D018487,MESH:D018754,MESH:D018805,MESH:D018879,MESH:D019808,MESH:D020257,MESH:D020521,MESH:D021081,MESH:D024821,MESH:D025861,MESH:D029424,MESH:D045169,MESH:D050197,MESH:D051359,MESH:D051436,MESH:D054439,MESH:D054537,MESH:D055370,MESH:D055371,MESH:D056486,MESH:D058186,MESH:D063806,MESH:D064420,MESH:D066126,MESH:D066253
34567255	MESH:C000657245,MESH:C536170,MESH:D001943,MESH:D002318,MESH:D002583,MESH:D002908,MESH:D003643,MESH:D003920,MESH:D005355,MESH:D007239,MESH:D009362,MESH:D009369,MESH:D015179,MESH:D018352
35126566	MESH:C000657245,MESH:D000067390,MESH:D000535,MESH:D000641,MESH:D001120,MESH:D001216,MESH:D001224,MESH:D003141,MESH:D003300,MESH:D003371,MESH:D003545,MESH:D003643,MESH:D004976,MESH:D005492,MESH:D005973,MESH:D005998,MESH:D006480,MESH:D006482,MESH:D006859,MESH:D007239,MESH:D007501,MESH:D007562,MESH:D008055,MESH:D008070,MESH:D008670,MESH:D009207,MESH:D009223,MESH:D010126,MESH:D012834,MESH:D013193,MESH:D013742,MESH:D014376,MESH:D014805,MESH:D014867,MESH:D018352,MESH:D018698,MESH:D019966,MESH:D049310
33822099	MESH:C000657245,MESH:D003643
32762083	MESH:C000657245,MESH:D000860,MESH:D003324,MESH:D003920,MESH:D004660,MESH:D004679,MESH:D009765,MESH:D010300,MESH:D013927,MESH:D014947,MESH:D056784
34343468	MESH:C000657245,MESH:D003643,MESH:D003920,MESH:D006973
35051130	MESH:C000657245,MESH:C535882,MESH:D062065
32878481	MESH:C000657245,MESH:D000336,MESH:D001249,MESH:D002318,MESH:D003141,MESH:D003371,MESH:D003643,MESH:D003920,MESH:D004342,MESH:D007239,MESH:D009080,MESH:D011014,MESH:D011024,MESH:D012140,MESH:D012141,MESH:D012772,MESH:D014376,MESH:D015047,MESH:D018352,MESH:D056587
32813879	MESH:C000657245,MESH:D001500,MESH:D003920,MESH:D011024,MESH:D017254,MESH:D018352,MESH:D018450
35308745	MESH:C000657245,MESH:C564969,MESH:D000069059,MESH:D000071079,MESH:D000860,MESH:D001205,MESH:D003371,MESH:D003560,MESH:D003643,MESH:D003967,MESH:D004417,MESH:D005767,MESH:D006973,MESH:D007239,MESH:D008550,MESH:D008775,MESH:D009102,MESH:D010100,MESH:D010182,MESH:D010192,MESH:D010195,MESH:D011655,MESH:D011668,MESH:D013831,MESH:D015746,MESH:D017984,MESH:D018352,MESH:D018908,MESH:D021441,MESH:D030342,MESH:D052177
34436248	MESH:C000596027,MESH:C000603844,MESH:C000606551,MESH:C000626294,MESH:C000657245,MESH:C007789,MESH:C010032,MESH:C010790,MESH:C034730,MESH:C042151,MESH:C467077,MESH:C475724,MESH:C562950,MESH:D000241,MESH:D000244,MESH:D000255,MESH:D000998,MESH:D001102,MESH:D001120,MESH:D001761,MESH:D001791,MESH:D002351,MESH:D003248,MESH:D003643,MESH:D003907,MESH:D006261,MESH:D006639,MESH:D006859,MESH:D007008,MESH:D007022,MESH:D007239,MESH:D007249,MESH:D008239,MESH:D009325,MESH:D009369,MESH:D009447,MESH:D009844,MESH:D010272,MESH:D010673,MESH:D010710,MESH:D011108,MESH:D011122,MESH:D011134,MESH:D011794,MESH:D012131,MESH:D012140,MESH:D013431,MESH:D014740,MESH:D014810,MESH:D014867,MESH:D014975,MESH:D015658,MESH:D018352,MESH:D052980,MESH:D063646,MESH:D064420
35169259	MESH:C000657245,MESH:D001102,MESH:D002908,MESH:D005221,MESH:D005597,MESH:D007153,MESH:D007239,MESH:D008569,MESH:D015673,MESH:D051271
35259642	MESH:C000657245,MESH:D000079225,MESH:D001007,MESH:D003141,MESH:D003643,MESH:D005221,MESH:D007239,MESH:D007247,MESH:D012640
34804509	MESH:C000657245,MESH:D000163,MESH:D003141,MESH:D003643,MESH:D005334,MESH:D007239,MESH:D010243,MESH:D015658,MESH:D018352,MESH:D019966,MESH:D045169
35392309	MESH:C000657245,MESH:D000544,MESH:D002303,MESH:D003643,MESH:D009127,MESH:D010300,MESH:D010302,MESH:D018476,MESH:D019636
32330531	MESH:C000657245,MESH:D003643,MESH:D005184,MESH:D006417,MESH:D006869,MESH:D007239,MESH:D007669,MESH:D010146,MESH:D011024,MESH:D018352
34966387	MESH:C000595215,MESH:C000657245,MESH:C109691,MESH:C537017,MESH:D000409,MESH:D000588,MESH:D001102,MESH:D002244,MESH:D002245,MESH:D002266,MESH:D003643,MESH:D004487,MESH:D004492,MESH:D004801,MESH:D004980,MESH:D005557,MESH:D005840,MESH:D005998,MESH:D006416,MESH:D006531,MESH:D006639,MESH:D006851,MESH:D006859,MESH:D007153,MESH:D007239,MESH:D007249,MESH:D007674,MESH:D008171,MESH:D010232,MESH:D010406,MESH:D011014,MESH:D011136,MESH:D011419,MESH:D012965,MESH:D013307,MESH:D017830,MESH:D019346
34867130	MESH:C000657245,MESH:C007175,MESH:C027070,MESH:C032159,MESH:C045419,MESH:C081611,MESH:D000577,MESH:D001102,MESH:D001710,MESH:D004126,MESH:D006851,MESH:D012965,MESH:D014269,MESH:D014867
33073247	MESH:C000657245
32661235	MESH:C000612245,MESH:C000657245,MESH:C001277,MESH:C004532,MESH:C006680,MESH:C009684,MESH:C010052,MESH:C010223,MESH:C016766,MESH:C020754,MESH:C045651,MESH:C050414,MESH:C065992,MESH:C082604,MESH:C084582,MESH:C087123,MESH:C093642,MESH:C095351,MESH:C097188,MESH:C107676,MESH:C108953,MESH:C112765,MESH:C448659,MESH:C455139,MESH:C470894,MESH:C477361,MESH:C480558,MESH:C507623,MESH:C519751,MESH:C521963,MESH:C522219,MESH:C533237,MESH:C534922,MESH:C536395,MESH:C540278,MESH:C550733,MESH:C552103,MESH:C557675,MESH:C561943,MESH:C563966,MESH:C564858,MESH:C577554,MESH:D000067877,MESH:D000068878,MESH:D000070657,MESH:D000077185,MESH:D000077337,MESH:D000077341,MESH:D000079225,MESH:D000163,MESH:D000169,MESH:D000230,MESH:D000244,MESH:D000255,MESH:D000257,MESH:D000544,MESH:D000690,MESH:D000783,MESH:D000860,MESH:D000998,MESH:D001102,MESH:D001117,MESH:D001120,MESH:D001205,MESH:D001284,MESH:D001327,MESH:D001357,MESH:D001424,MESH:D001749,MESH:D001895,MESH:D001943,MESH:D002051,MESH:D002118,MESH:D002294,MESH:D002318,MESH:D002493,MESH:D002583,MESH:D002784,MESH:D002908,MESH:D003141,MESH:D003324,MESH:D003374,MESH:D003474,MESH:D003545,MESH:D003643,MESH:D003681,MESH:D003699,MESH:D003704,MESH:D003907,MESH:D004220,MESH:D004416,MESH:D004660,MESH:D004769,MESH:D004892,MESH:D004958,MESH:D005076,MESH:D005334,MESH:D005355,MESH:D005413,MESH:D005419,MESH:D005609,MESH:D005759,MESH:D005909,MESH:D005947,MESH:D005978,MESH:D005998,MESH:D006046,MESH:D006258,MESH:D006323,MESH:D006333,MESH:D006480,MESH:D006493,MESH:D006509,MESH:D006525,MESH:D006526,MESH:D006528,MESH:D006557,MESH:D006689,MESH:D006800,MESH:D006816,MESH:D007153,MESH:D007239,MESH:D007244,MESH:D007249,MESH:D007501,MESH:D007930,MESH:D007938,MESH:D007951,MESH:D008055,MESH:D008070,MESH:D008103,MESH:D008107,MESH:D008113,MESH:D008175,MESH:D008206,MESH:D008223,MESH:D008230,MESH:D008232,MESH:D008545,MESH:D008582,MESH:D009059,MESH:D009101,MESH:D009103,MESH:D009134,MESH:D009336,MESH:D009369,MESH:D009447,MESH:D009584,MESH:D009675,MESH:D009838,MESH:D009894,MESH:D010100,MESH:D010190,MESH:D010300,MESH:D010455,MESH:D010488,MESH:D011000,MESH:D011024,MESH:D011051,MESH:D011070,MESH:D011392,MESH:D011453,MESH:D011471,MESH:D011794,MESH:D012128,MESH:D012140,MESH:D012141,MESH:D012175,MESH:D012192,MESH:D012400,MESH:D012514,MESH:D012694,MESH:D012804,MESH:D012818,MESH:D012857,MESH:D012878,MESH:D013256,MESH:D013274,MESH:D013438,MESH:D013481,MESH:D013739,MESH:D014443,MESH:D014456,MESH:D014867,MESH:D015232,MESH:D015433,MESH:D015458,MESH:D015459,MESH:D015490,MESH:D015658,MESH:D015882,MESH:D016638,MESH:D016751,MESH:D017093,MESH:D017382,MESH:D017665,MESH:D017733,MESH:D017828,MESH:D018177,MESH:D018352,MESH:D018496,MESH:D018805,MESH:D018980,MESH:D019259,MESH:D019282,MESH:D019297,MESH:D019636,MESH:D019698,MESH:D019954,MESH:D019965,MESH:D020031,MESH:D020123,MESH:D020258,MESH:D020271,MESH:D020521,MESH:D020754,MESH:D024483,MESH:D027601,MESH:D028361,MESH:D030342,MESH:D030361,MESH:D047029,MESH:D047310,MESH:D047630,MESH:D050197,MESH:D053632,MESH:D054243,MESH:D054882,MESH:D056486,MESH:D057165,MESH:D058186,MESH:D060085,MESH:D060172,MESH:D062688,MESH:D063646,MESH:D064420
35051664	MESH:C000657245,MESH:C023676,MESH:C536439,MESH:C536677,MESH:C536956,MESH:C537775,MESH:C558899,MESH:C566367,MESH:C566898,MESH:D000071071,MESH:D000783,MESH:D000860,MESH:D001778,MESH:D002104,MESH:D002118,MESH:D002386,MESH:D002493,MESH:D002561,MESH:D003231,MESH:D003324,MESH:D003371,MESH:D003920,MESH:D003925,MESH:D003967,MESH:D004204,MESH:D004211,MESH:D004402,MESH:D004417,MESH:D004660,MESH:D005128,MESH:D005221,MESH:D005334,MESH:D005901,MESH:D005902,MESH:D006886,MESH:D007239,MESH:D007249,MESH:D007511,MESH:D008268,MESH:D008775,MESH:D009798,MESH:D009901,MESH:D010100,MESH:D010146,MESH:D012030,MESH:D012140,MESH:D012164,MESH:D012173,MESH:D012216,MESH:D012818,MESH:D013923,MESH:D013927,MESH:D014605,MESH:D014657,MESH:D014786,MESH:D014839,MESH:D014947,MESH:D018352,MESH:D018805,MESH:D019793,MESH:D057772,MESH:D063806
32494062	MESH:C000657245,MESH:D009369
34824253	MESH:C000657245,MESH:C020243,MESH:C024865,MESH:C026272,MESH:C034532,MESH:C047981,MESH:C108192,MESH:C108830,MESH:C404392,MESH:D000077192,MESH:D001102,MESH:D002245,MESH:D003110,MESH:D003424,MESH:D005184,MESH:D005973,MESH:D006838,MESH:D007239,MESH:D007612,MESH:D007674,MESH:D008175,MESH:D010100,MESH:D010406,MESH:D011014,MESH:D011094,MESH:D012140,MESH:D012967,MESH:D013307,MESH:D013395,MESH:D015047,MESH:D015179
33400475	MESH:C000657245,MESH:C535882,MESH:C536920,MESH:C538183,MESH:C564038,MESH:D000860,MESH:D001249,MESH:D001778,MESH:D002637,MESH:D003072,MESH:D003128,MESH:D003141,MESH:D003404,MESH:D003643,MESH:D004280,MESH:D004417,MESH:D004837,MESH:D005221,MESH:D005355,MESH:D006886,MESH:D007022,MESH:D007239,MESH:D009102,MESH:D009638,MESH:D010100,MESH:D011552,MESH:D012128,MESH:D012131,MESH:D012140,MESH:D012678,MESH:D014947,MESH:D016638,MESH:D017074,MESH:D018805,MESH:D018980,MESH:D029424,MESH:D054990,MESH:D055370
35453906	MESH:C000657245,MESH:C502936,MESH:C537258,MESH:C563010,MESH:D000860,MESH:D001102,MESH:D001424,MESH:D002118,MESH:D002289,MESH:D002318,MESH:D002544,MESH:D002762,MESH:D002908,MESH:D003141,MESH:D003324,MESH:D003371,MESH:D003401,MESH:D003643,MESH:D003920,MESH:D003967,MESH:D004417,MESH:D004492,MESH:D005334,MESH:D006261,MESH:D006331,MESH:D006333,MESH:D006493,MESH:D006943,MESH:D006973,MESH:D007239,MESH:D007249,MESH:D008171,MESH:D008175,MESH:D008231,MESH:D009102,MESH:D009203,MESH:D009369,MESH:D009765,MESH:D010100,MESH:D012128,MESH:D012131,MESH:D012213,MESH:D013274,MESH:D013959,MESH:D014693,MESH:D014807,MESH:D015179,MESH:D016638,MESH:D018805,MESH:D018980,MESH:D019636,MESH:D020521,MESH:D029424,MESH:D051436,MESH:D054556,MESH:D060085,MESH:D063806
32502119	MESH:C000657245,MESH:D000431,MESH:D000438,MESH:D003141,MESH:D003643,MESH:D007239,MESH:D011014,MESH:D011024,MESH:D014867,MESH:D018352,MESH:D045169
32808505	MESH:C000657245,MESH:D010051
32613682	MESH:C000657245,MESH:D001927,MESH:D003128,MESH:D011024,MESH:D012128,MESH:D012769,MESH:D018352,MESH:D018458,MESH:D020914,MESH:D051437
34881206	MESH:C000657245,MESH:C535727,MESH:C537017,MESH:D000077731,MESH:D001102,MESH:D001241,MESH:D001778,MESH:D002311,MESH:D003231,MESH:D003323,MESH:D003371,MESH:D003404,MESH:D003907,MESH:D003967,MESH:D004417,MESH:D005076,MESH:D005334,MESH:D005665,MESH:D006258,MESH:D006261,MESH:D006331,MESH:D006349,MESH:D006529,MESH:D006976,MESH:D007022,MESH:D007239,MESH:D007511,MESH:D007565,MESH:D008199,MESH:D008206,MESH:D008231,MESH:D009080,MESH:D009102,MESH:D009325,MESH:D009638,MESH:D010100,MESH:D010490,MESH:D010608,MESH:D010996,MESH:D012769,MESH:D012772,MESH:D012817,MESH:D012818,MESH:D013616,MESH:D014508,MESH:D014640,MESH:D014839,MESH:D015746,MESH:D016512,MESH:D017254,MESH:D017984,MESH:D018352,MESH:D020031,MESH:D055501,MESH:D056587,MESH:D058186
33501506	MESH:C000657245,MESH:C535841,MESH:C537766,MESH:C565498,MESH:D000079225,MESH:D000275,MESH:D000370,MESH:D000544,MESH:D000857,MESH:D000860,MESH:D001007,MESH:D001260,MESH:D001304,MESH:D001523,MESH:D001927,MESH:D002526,MESH:D002544,MESH:D002561,MESH:D002637,MESH:D003072,MESH:D003371,MESH:D003920,MESH:D003967,MESH:D004408,MESH:D004417,MESH:D004421,MESH:D004660,MESH:D005221,MESH:D005334,MESH:D005356,MESH:D006261,MESH:D006886,MESH:D007029,MESH:D007239,MESH:D007249,MESH:D007319,MESH:D008659,MESH:D008878,MESH:D009422,MESH:D009916,MESH:D010100,MESH:D010146,MESH:D010608,MESH:D012220,MESH:D012893,MESH:D013313,MESH:D013577,MESH:D014947,MESH:D018352,MESH:D018771,MESH:D019788,MESH:D020271,MESH:D020521,MESH:D040921,MESH:D054969,MESH:D059352,MESH:D060085
35441801	MESH:C000657245,MESH:C502936,MESH:D000138,MESH:D000437,MESH:D000438,MESH:D002318,MESH:D002908,MESH:D003141,MESH:D003643,MESH:D003704,MESH:D003920,MESH:D003924,MESH:D005947,MESH:D006261,MESH:D006331,MESH:D006973,MESH:D007239,MESH:D007511,MESH:D008659,MESH:D008687,MESH:D009102,MESH:D009202,MESH:D009203,MESH:D009765,MESH:D011014,MESH:D012128,MESH:D012131,MESH:D012769,MESH:D016638,MESH:D018352,MESH:D045169,MESH:D051436,MESH:D058186
32688022	MESH:C000657245,MESH:C536693,MESH:D000067073,MESH:D000079225,MESH:D000275,MESH:D001007,MESH:D001008,MESH:D001523,MESH:D002303,MESH:D002908,MESH:D003141,MESH:D003371,MESH:D003643,MESH:D003967,MESH:D004244,MESH:D005334,MESH:D006261,MESH:D007239,MESH:D010608,MESH:D011014,MESH:D011024,MESH:D013313,MESH:D014947,MESH:D018352,MESH:D063806
34735268	MESH:C000657245,MESH:D001007,MESH:D003141
35128648	MESH:C000657245,MESH:C088633,MESH:C536439,MESH:D000079225,MESH:D000081029,MESH:D000588,MESH:D000783,MESH:D000860,MESH:D001145,MESH:D001778,MESH:D002493,MESH:D002544,MESH:D002561,MESH:D002908,MESH:D003324,MESH:D003404,MESH:D003643,MESH:D003920,MESH:D005117,MESH:D005334,MESH:D006333,MESH:D006935,MESH:D006973,MESH:D007010,MESH:D007029,MESH:D007249,MESH:D007674,MESH:D008173,MESH:D009102,MESH:D009203,MESH:D009369,MESH:D009765,MESH:D010100,MESH:D011014,MESH:D011655,MESH:D012128,MESH:D012141,MESH:D012772,MESH:D012964,MESH:D014508,MESH:D014842,MESH:D014947,MESH:D015415,MESH:D016638,MESH:D018805,MESH:D019337,MESH:D020246,MESH:D020521,MESH:D029424,MESH:D051436,MESH:D053607,MESH:D054556,MESH:D055954,MESH:D058186,MESH:D059468
32398902	MESH:C000657245,MESH:D000067390,MESH:D000079225,MESH:D000163,MESH:D000275,MESH:D001943,MESH:D003371,MESH:D004417,MESH:D005221,MESH:D006261,MESH:D006710,MESH:D007239,MESH:D008628,MESH:D009140,MESH:D009369,MESH:D009784,MESH:D010146,MESH:D011009,MESH:D011537,MESH:D012749,MESH:D012829,MESH:D012893,MESH:D014376,MESH:D014456,MESH:D015658,MESH:D034381,MESH:D045169,MESH:D060051,MESH:D060085
34491565	MESH:C000606551,MESH:C000657245,MESH:D000860,MESH:D001102,MESH:D003643,MESH:D003907,MESH:D004211,MESH:D005665,MESH:D006467,MESH:D006526,MESH:D006886,MESH:D007022,MESH:D007153,MESH:D007239,MESH:D008133,MESH:D011014,MESH:D011188,MESH:D011654,MESH:D012128,MESH:D012192,MESH:D012256,MESH:D013148,MESH:D014867,MESH:D014947,MESH:D015673,MESH:D018908,MESH:D055370
32596482	MESH:C000657245,MESH:D003643,MESH:D009538,MESH:D011014,MESH:D013759,MESH:D055370
32252855	MESH:C000657245,MESH:D000336,MESH:D003643,MESH:D005483,MESH:D007239,MESH:D011024,MESH:D014867,MESH:D018352
33880597	MESH:C000657245,MESH:D000013,MESH:D000079225,MESH:D001064,MESH:D002971,MESH:D003643,MESH:D005184,MESH:D005221,MESH:D006330,MESH:D006331,MESH:D006432,MESH:D006547,MESH:D007021,MESH:D007039,MESH:D007239,MESH:D007249,MESH:D008171,MESH:D009223,MESH:D009369,MESH:D012128,MESH:D013661,MESH:D014947,MESH:D018352,MESH:D019851
34008016	MESH:C000657245,MESH:D007239
32677385	MESH:C000657245,MESH:D002318,MESH:D002561,MESH:D003141,MESH:D003371,MESH:D003643,MESH:D003967,MESH:D004700,MESH:D005221,MESH:D005334,MESH:D006261,MESH:D007153,MESH:D007154,MESH:D007239,MESH:D007970,MESH:D008103,MESH:D008206,MESH:D008231,MESH:D008477,MESH:D008607,MESH:D009102,MESH:D010195,MESH:D010995,MESH:D010996,MESH:D011014,MESH:D011020,MESH:D011024,MESH:D012128,MESH:D012818,MESH:D016638,MESH:D017093,MESH:D018352,MESH:D018805,MESH:D045169,MESH:D046088
33336018	MESH:C000657245,MESH:C538614,MESH:D000230,MESH:D000238,MESH:D001102,MESH:D001943,MESH:D002318,MESH:D002561,MESH:D002741,MESH:D003110,MESH:D003139,MESH:D003371,MESH:D003643,MESH:D003920,MESH:D003967,MESH:D004067,MESH:D004417,MESH:D005334,MESH:D006331,MESH:D006973,MESH:D006976,MESH:D007239,MESH:D007680,MESH:D008175,MESH:D009325,MESH:D009336,MESH:D009369,MESH:D010661,MESH:D011014,MESH:D011654,MESH:D012004,MESH:D012128,MESH:D012131,MESH:D012509,MESH:D012769,MESH:D012818,MESH:D013964,MESH:D014839,MESH:D015179,MESH:D015746,MESH:D018352,MESH:D018908,MESH:D029424,MESH:D055370,MESH:D055371,MESH:D058186
32583347	MESH:C000657245,MESH:D006432,MESH:D007239,MESH:D009800,MESH:D011024,MESH:D018352,MESH:D058070
32386843	MESH:C000657245,MESH:D001102,MESH:D003643,MESH:D007239,MESH:D011024,MESH:D012640,MESH:D018352,MESH:D055948
32868442	MESH:C000657245,MESH:C537985,MESH:D001622,MESH:D002244,MESH:D003643,MESH:D007239,MESH:D008278,MESH:D011024,MESH:D011108,MESH:D011140,MESH:D012140,MESH:D014867,MESH:D016638,MESH:D018352
32730222	MESH:C000657245,MESH:D003428,MESH:D007239,MESH:D007674,MESH:D011024,MESH:D012141,MESH:D018352
33330343	MESH:C000657245,MESH:D000438,MESH:D000783,MESH:D002318,MESH:D002908,MESH:D003141,MESH:D003643,MESH:D003920,MESH:D006973,MESH:D007239,MESH:D008659,MESH:D009369,MESH:D009765,MESH:D011014,MESH:D012640,MESH:D014593,MESH:D019636,MESH:D050177
33623608	MESH:C000657245,MESH:D003141,MESH:D003371,MESH:D003404,MESH:D003643,MESH:D004417,MESH:D005334,MESH:D006261,MESH:D007239,MESH:D010100,MESH:D011014,MESH:D014376,MESH:D060085
35281394	MESH:C000657245,MESH:D000079225,MESH:D000275,MESH:D001007,MESH:D001523,MESH:D002908,MESH:D003643,MESH:D007239,MESH:D009422,MESH:D018352,MESH:D019052,MESH:D050497
34403943	MESH:C000657245,MESH:C007379,MESH:C007650,MESH:C012125,MESH:C019174,MESH:C024629,MESH:C025605,MESH:C027561,MESH:C032279,MESH:C036042,MESH:C038694,MESH:C091695,MESH:C543008,MESH:D000014,MESH:D003872,MESH:D004051,MESH:D004342,MESH:D005557,MESH:D006371,MESH:D006586,MESH:D007049,MESH:D007239,MESH:D008094,MESH:D008607,MESH:D008752,MESH:D009757,MESH:D010226,MESH:D010795,MESH:D011108,MESH:D011126,MESH:D013193,MESH:D013739,MESH:D018352,MESH:D064420
34622413	MESH:C000657245
35464749	MESH:C000596027,MESH:C000606551,MESH:C000657245,MESH:C502936,MESH:C537182,MESH:C538137,MESH:C565722,MESH:C565773,MESH:D000013,MESH:D000014,MESH:D000275,MESH:D000450,MESH:D000740,MESH:D000860,MESH:D001102,MESH:D001145,MESH:D001171,MESH:D001259,MESH:D001281,MESH:D001778,MESH:D001927,MESH:D002051,MESH:D002318,MESH:D002493,MESH:D002561,MESH:D003141,MESH:D003643,MESH:D003645,MESH:D003920,MESH:D004416,MESH:D004417,MESH:D004617,MESH:D005117,MESH:D005221,MESH:D005334,MESH:D006333,MESH:D006495,MESH:D006526,MESH:D006562,MESH:D007239,MESH:D007247,MESH:D007249,MESH:D007501,MESH:D007511,MESH:D008103,MESH:D008171,MESH:D008231,MESH:D009069,MESH:D009102,MESH:D009190,MESH:D009202,MESH:D009203,MESH:D009336,MESH:D009369,MESH:D009422,MESH:D009468,MESH:D009765,MESH:D009920,MESH:D010051,MESH:D010100,MESH:D010243,MESH:D011014,MESH:D011273,MESH:D011565,MESH:D011655,MESH:D011782,MESH:D012128,MESH:D012131,MESH:D012140,MESH:D012141,MESH:D012640,MESH:D012678,MESH:D012769,MESH:D012772,MESH:D013313,MESH:D013736,MESH:D013921,MESH:D013923,MESH:D013927,MESH:D015047,MESH:D016638,MESH:D016920,MESH:D018352,MESH:D018805,MESH:D018908,MESH:D019851,MESH:D020246,MESH:D020521,MESH:D021081,MESH:D029424,MESH:D051436,MESH:D055370,MESH:D055501,MESH:D056486,MESH:D056587,MESH:D058186,MESH:D059446,MESH:D061325,MESH:D064420
33785197	MESH:C000657245,MESH:D004827,MESH:D005947,MESH:D008140,MESH:D008874,MESH:D012640,MESH:D013226,MESH:D016638,MESH:D018352
34711266	MESH:C000657245,MESH:C535607,MESH:C536482,MESH:C563984,MESH:C567445,MESH:D000013,MESH:D000014,MESH:D000438,MESH:D000544,MESH:D000787,MESH:D001014,MESH:D001145,MESH:D001281,MESH:D002312,MESH:D002318,MESH:D002784,MESH:D003324,MESH:D003404,MESH:D003643,MESH:D003704,MESH:D003920,MESH:D005221,MESH:D006331,MESH:D006349,MESH:D006527,MESH:D006973,MESH:D007511,MESH:D007674,MESH:D009203,MESH:D009223,MESH:D010100,MESH:D012492,MESH:D012640,MESH:D014947,MESH:D015431,MESH:D018980,MESH:D020521,MESH:D051436,MESH:D058729,MESH:D059466
35126138	MESH:C000592401,MESH:C000606551,MESH:C000657245,MESH:C462182,MESH:C502936,MESH:C504234,MESH:C513573,MESH:C536362,MESH:C537017,MESH:C558899,MESH:C561644,MESH:C565865,MESH:D000275,MESH:D000309,MESH:D000326,MESH:D000380,MESH:D000740,MESH:D001145,MESH:D001171,MESH:D001172,MESH:D001249,MESH:D001281,MESH:D001327,MESH:D001424,MESH:D001749,MESH:D002318,MESH:D002908,MESH:D002973,MESH:D003324,MESH:D003428,MESH:D003643,MESH:D003920,MESH:D004067,MESH:D004417,MESH:D005334,MESH:D005767,MESH:D006331,MESH:D006333,MESH:D006470,MESH:D006509,MESH:D006528,MESH:D006623,MESH:D006886,MESH:D006943,MESH:D006948,MESH:D006949,MESH:D006955,MESH:D006973,MESH:D007010,MESH:D007037,MESH:D007239,MESH:D007249,MESH:D007674,MESH:D007676,MESH:D008171,MESH:D008775,MESH:D009101,MESH:D009102,MESH:D009181,MESH:D009360,MESH:D009369,MESH:D009503,MESH:D009765,MESH:D010100,MESH:D011014,MESH:D011655,MESH:D012080,MESH:D012128,MESH:D012131,MESH:D012140,MESH:D012141,MESH:D012214,MESH:D012772,MESH:D012859,MESH:D013256,MESH:D013921,MESH:D013923,MESH:D013927,MESH:D014376,MESH:D014525,MESH:D014552,MESH:D014766,MESH:D015658,MESH:D016559,MESH:D016638,MESH:D016920,MESH:D018805,MESH:D020521,MESH:D029424,MESH:D045169,MESH:D050171,MESH:D051359,MESH:D051436,MESH:D055370,MESH:D055371,MESH:D055501,MESH:D058186,MESH:D059345,MESH:D060085,MESH:D064420
35287838	MESH:C000657245,MESH:C031942,MESH:D000077425,MESH:D000275,MESH:D000638,MESH:D000783,MESH:D001778,MESH:D002544,MESH:D003643,MESH:D003920,MESH:D005534,MESH:D006470,MESH:D006493,MESH:D006987,MESH:D007239,MESH:D007249,MESH:D007319,MESH:D008171,MESH:D009069,MESH:D009203,MESH:D009765,MESH:D010100,MESH:D010146,MESH:D011183,MESH:D012131,MESH:D012818,MESH:D013610,MESH:D013921,MESH:D013927,MESH:D014693,MESH:D014859,MESH:D016638,MESH:D019851,MESH:D020246,MESH:D020521,MESH:D054556,MESH:D058729
32259124	MESH:C000657245,MESH:D003643,MESH:D007239,MESH:D018352
33082265	MESH:C000657245,MESH:D000893,MESH:D001379,MESH:D003643,MESH:D012460,MESH:D015122,MESH:D015212,MESH:D019804
33141912	MESH:C000657245
33779211	MESH:C000657245,MESH:D000163,MESH:D000647,MESH:D001778,MESH:D003141,MESH:D003643,MESH:D003920,MESH:D007239,MESH:D009293,MESH:D009765,MESH:D011014,MESH:D012128,MESH:D014947,MESH:D015658,MESH:D029424,MESH:D051436
34541765	MESH:C000657245
32665985	MESH:C000657245,MESH:C098022,MESH:D002294,MESH:D003141,MESH:D003371,MESH:D003643,MESH:D004417,MESH:D005221,MESH:D005334,MESH:D007239,MESH:D009841,MESH:D011014,MESH:D012685,MESH:D014867,MESH:D018352
33532356	MESH:C000606551,MESH:C000657245,MESH:C007278,MESH:C016162,MESH:C018279,MESH:C023676,MESH:C034759,MESH:C038678,MESH:C043243,MESH:C535882,MESH:D000073738,MESH:D000077549,MESH:D000432,MESH:D001241,MESH:D002738,MESH:D003404,MESH:D003643,MESH:D006261,MESH:D006851,MESH:D006886,MESH:D007239,MESH:D007649,MESH:D008288,MESH:D011098,MESH:D012140,MESH:D014508,MESH:D014527,MESH:D014867,MESH:D014991,MESH:D017093,MESH:D018352,MESH:D045169,MESH:D051437,MESH:D064420
33644484	MESH:C000657245,MESH:C058899,MESH:C502936,MESH:C536439,MESH:D000370,MESH:D000857,MESH:D001102,MESH:D001241,MESH:D001281,MESH:D001778,MESH:D001927,MESH:D001929,MESH:D002437,MESH:D002543,MESH:D002544,MESH:D002545,MESH:D003324,MESH:D003371,MESH:D003586,MESH:D003643,MESH:D003693,MESH:D003920,MESH:D004211,MESH:D004417,MESH:D004677,MESH:D004806,MESH:D004828,MESH:D005334,MESH:D006261,MESH:D006331,MESH:D006335,MESH:D006429,MESH:D006470,MESH:D006493,MESH:D006526,MESH:D006886,MESH:D006973,MESH:D007153,MESH:D007238,MESH:D007239,MESH:D007249,MESH:D008047,MESH:D008712,MESH:D008775,MESH:D009102,MESH:D009203,MESH:D009336,MESH:D009410,MESH:D009422,MESH:D009461,MESH:D009765,MESH:D010100,MESH:D011595,MESH:D011655,MESH:D012128,MESH:D012131,MESH:D012140,MESH:D012772,MESH:D013203,MESH:D013927,MESH:D014657,MESH:D015658,MESH:D016491,MESH:D016638,MESH:D017093,MESH:D017566,MESH:D017963,MESH:D017984,MESH:D018352,MESH:D019851,MESH:D020246,MESH:D020293,MESH:D020520,MESH:D020521,MESH:D029424,MESH:D045169,MESH:D050197,MESH:D051437,MESH:D056989,MESH:D057049,MESH:D058186,MESH:D063806
34207721	MESH:C000657245,MESH:D000275,MESH:D001007,MESH:D001943,MESH:D005221,MESH:D007239
32639559	MESH:C000657245,MESH:D005334,MESH:D011024,MESH:D015004,MESH:D018352
35255100	MESH:C000657245,MESH:C076624,MESH:C569686,MESH:D000432,MESH:D000438,MESH:D001102,MESH:D001982,MESH:D003681,MESH:D005557,MESH:D006017,MESH:D006497,MESH:D006861,MESH:D007239,MESH:D007530,MESH:D007854,MESH:D008055,MESH:D008171,MESH:D008175,MESH:D008752,MESH:D009405,MESH:D010100,MESH:D010232,MESH:D011535,MESH:D011818,MESH:D012140,MESH:D012141,MESH:D012503,MESH:D012640,MESH:D012694,MESH:D012794,MESH:D014867,MESH:D015047,MESH:D017830,MESH:D019158,MESH:D019343,MESH:D019810
34061905	MESH:C000657245,MESH:C015772,MESH:C024107,MESH:D000225,MESH:D000241,MESH:D001102,MESH:D003562,MESH:D003596,MESH:D003967,MESH:D005355,MESH:D006099,MESH:D006147,MESH:D006509,MESH:D006526,MESH:D007153,MESH:D007239,MESH:D007288,MESH:D008569,MESH:D009584,MESH:D011230,MESH:D012409,MESH:D013344,MESH:D014529,MESH:D015226,MESH:D057887
33749986	MESH:C000657245,MESH:C017367,MESH:C027406,MESH:D000998,MESH:D006033,MESH:D006859,MESH:D007239,MESH:D012694,MESH:D018352
35087975	MESH:C000657245,MESH:C029943,MESH:C062934,MESH:C101425,MESH:C536439,MESH:C564553,MESH:C567172,MESH:D000069285,MESH:D000072742,MESH:D000073893,MESH:D000077336,MESH:D000077731,MESH:D000078142,MESH:D000163,MESH:D000666,MESH:D000935,MESH:D001228,MESH:D001766,MESH:D001786,MESH:D002544,MESH:D002784,MESH:D002972,MESH:D002981,MESH:D003141,MESH:D003229,MESH:D003316,MESH:D003404,MESH:D003643,MESH:D003907,MESH:D003920,MESH:D004487,MESH:D004801,MESH:D005124,MESH:D005141,MESH:D005157,MESH:D005334,MESH:D005947,MESH:D006261,MESH:D006323,MESH:D006371,MESH:D006402,MESH:D006416,MESH:D006470,MESH:D006943,MESH:D006984,MESH:D006987,MESH:D007008,MESH:D007010,MESH:D007239,MESH:D007333,MESH:D007501,MESH:D007659,MESH:D007674,MESH:D007676,MESH:D007938,MESH:D008055,MESH:D008223,MESH:D008231,MESH:D008775,MESH:D009091,MESH:D009222,MESH:D009223,MESH:D009336,MESH:D009369,MESH:D009503,MESH:D009584,MESH:D009798,MESH:D009886,MESH:D009894,MESH:D009916,MESH:D010100,MESH:D010146,MESH:D010167,MESH:D010504,MESH:D010878,MESH:D011188,MESH:D011681,MESH:D012131,MESH:D012163,MESH:D012851,MESH:D012852,MESH:D013256,MESH:D013923,MESH:D014076,MESH:D014098,MESH:D014456,MESH:D014508,MESH:D014786,MESH:D015522,MESH:D015821,MESH:D016883,MESH:D018804,MESH:D019819,MESH:D020096,MESH:D020521,MESH:D030981,MESH:D055744
32619319	MESH:C000657245
35564648	MESH:C000606551,MESH:C000657245,MESH:C017616,MESH:C030123,MESH:C032731,MESH:C040015,MESH:C045651,MESH:C049772,MESH:C052082,MESH:C056507,MESH:C057580,MESH:C057912,MESH:C435084,MESH:D001102,MESH:D001249,MESH:D001464,MESH:D001943,MESH:D001991,MESH:D002392,MESH:D002784,MESH:D002945,MESH:D003141,MESH:D003371,MESH:D003374,MESH:D003550,MESH:D003643,MESH:D003967,MESH:D005334,MESH:D005419,MESH:D005707,MESH:D005756,MESH:D005947,MESH:D006025,MESH:D006069,MESH:D006719,MESH:D006859,MESH:D007239,MESH:D007249,MESH:D007501,MESH:D008051,MESH:D008055,MESH:D008345,MESH:D008670,MESH:D009325,MESH:D009369,MESH:D009573,MESH:D010146,MESH:D010936,MESH:D011794,MESH:D012140,MESH:D012141,MESH:D012400,MESH:D012603,MESH:D012965,MESH:D013634,MESH:D014376,MESH:D014867,MESH:D015658,MESH:D017093,MESH:D018352,MESH:D019158,MESH:D019698,MESH:D052536,MESH:D054067,MESH:D056486,MESH:D059808,MESH:D064420
32624433	MESH:C000657245,MESH:D002318,MESH:D003643,MESH:D006886,MESH:D007239,MESH:D009203,MESH:D010146,MESH:D011024,MESH:D016638,MESH:D018352
34782790	MESH:C000606551,MESH:C000608607,MESH:C000657245,MESH:C030544,MESH:C032159,MESH:C080938,MESH:C502936,MESH:C536227,MESH:C563010,MESH:C569686,MESH:D000067390,MESH:D000096,MESH:D000432,MESH:D000860,MESH:D001102,MESH:D001327,MESH:D001424,MESH:D002241,MESH:D003404,MESH:D003428,MESH:D003545,MESH:D003643,MESH:D003907,MESH:D003915,MESH:D004492,MESH:D005938,MESH:D006323,MESH:D006333,MESH:D006493,MESH:D007239,MESH:D007249,MESH:D007372,MESH:D007460,MESH:D007854,MESH:D007896,MESH:D008171,MESH:D008175,MESH:D008231,MESH:D008569,MESH:D008661,MESH:D009369,MESH:D010455,MESH:D011014,MESH:D011126,MESH:D011137,MESH:D011453,MESH:D012128,MESH:D012131,MESH:D012141,MESH:D012694,MESH:D013256,MESH:D013724,MESH:D013921,MESH:D013953,MESH:D014238,MESH:D014269,MESH:D014343,MESH:D014508,MESH:D014867,MESH:D016207,MESH:D016638,MESH:D016920,MESH:D017830,MESH:D018410,MESH:D018805,MESH:D055370,MESH:D058186
35236317	MESH:C000657245,MESH:D000071074,MESH:D002494,MESH:D003141,MESH:D003643,MESH:D007239,MESH:D011014,MESH:D012128,MESH:D012141,MESH:D012818,MESH:D013274,MESH:D013290,MESH:D014552,MESH:D018805
32234343	MESH:C000657245,MESH:D001102,MESH:D003141,MESH:D003643,MESH:D007239,MESH:D011024,MESH:D012640,MESH:D018352,MESH:D045169
33392422	MESH:C000657245,MESH:D001007,MESH:D003643,MESH:D005334,MESH:D007239,MESH:D011014,MESH:D012141,MESH:D015835,MESH:D018352,MESH:D055008,MESH:D058540
34405427	MESH:C000657245,MESH:C030985,MESH:C535807,MESH:D000658,MESH:D000900,MESH:D001102,MESH:D001249,MESH:D002506,MESH:D003141,MESH:D004318,MESH:D005436,MESH:D005759,MESH:D005767,MESH:D007239,MESH:D008795,MESH:D011535,MESH:D012141,MESH:D014295,MESH:D014552,MESH:D015575,MESH:D017291,MESH:D018461,MESH:D019818,MESH:D019980,MESH:D029424
34424156	MESH:C000657245,MESH:C537346,MESH:D000013,MESH:D000068877,MESH:D000071071,MESH:D000071243,MESH:D000163,MESH:D000783,MESH:D000857,MESH:D000860,MESH:D001102,MESH:D001750,MESH:D001766,MESH:D002318,MESH:D002561,MESH:D002658,MESH:D003042,MESH:D003072,MESH:D003141,MESH:D003643,MESH:D003715,MESH:D003920,MESH:D003922,MESH:D004198,MESH:D004660,MESH:D005128,MESH:D005355,MESH:D005947,MESH:D006003,MESH:D006025,MESH:D006335,MESH:D006470,MESH:D006473,MESH:D006480,MESH:D006526,MESH:D007153,MESH:D007154,MESH:D007239,MESH:D007249,MESH:D007511,MESH:D007674,MESH:D008070,MESH:D008171,MESH:D008831,MESH:D009020,MESH:D009102,MESH:D009103,MESH:D009205,MESH:D009336,MESH:D009369,MESH:D009765,MESH:D011014,MESH:D012140,MESH:D012164,MESH:D012173,MESH:D012514,MESH:D012734,MESH:D012769,MESH:D012818,MESH:D012857,MESH:D013901,MESH:D013921,MESH:D014777,MESH:D014786,MESH:D014801,MESH:D015490,MESH:D015526,MESH:D015658,MESH:D015785,MESH:D017566,MESH:D018805,MESH:D018908,MESH:D019595,MESH:D019965,MESH:D019966,MESH:D020078,MESH:D020144,MESH:D020257,MESH:D020521,MESH:D020943,MESH:D030342,MESH:D057772,MESH:D058625,MESH:D064420
32360210	MESH:C000657245,MESH:D001663,MESH:D001786,MESH:D003404,MESH:D003643,MESH:D003920,MESH:D003924,MESH:D005947,MESH:D007239,MESH:D008055,MESH:D008231,MESH:D009102,MESH:D009369,MESH:D009584,MESH:D011024,MESH:D011188,MESH:D012140,MESH:D014508,MESH:D016638,MESH:D018352
32301765	MESH:C000657245,MESH:D005901
35328249	MESH:C000657245,MESH:C566019,MESH:D000257,MESH:D000860,MESH:D003141,MESH:D003643,MESH:D003920,MESH:D005955,MESH:D006333,MESH:D007239,MESH:D007249,MESH:D008171,MESH:D009102,MESH:D009369,MESH:D010100,MESH:D011014,MESH:D011658,MESH:D012128,MESH:D012131,MESH:D012141,MESH:D012769,MESH:D016638,MESH:D018352,MESH:D058186
34178300	MESH:C000657245,MESH:C033616,MESH:C535742,MESH:D000067877,MESH:D000857,MESH:D001289,MESH:D001523,MESH:D003072,MESH:D003643,MESH:D003704,MESH:D007859,MESH:D009422,MESH:D014832,MESH:D018352
34493506	MESH:C000657245,MESH:D000275,MESH:D000438,MESH:D001523,MESH:D001569,MESH:D002047,MESH:D002908,MESH:D002945,MESH:D003643,MESH:D003932,MESH:D004091,MESH:D004317,MESH:D005283,MESH:D006526,MESH:D008691,MESH:D009020,MESH:D009270,MESH:D012131,MESH:D012140,MESH:D012559,MESH:D013739,MESH:D016685,MESH:D018352,MESH:D019966,MESH:D062787
33251983	MESH:C000657245,MESH:C015699,MESH:D000998,MESH:D005419,MESH:D007239,MESH:D011480
34736445	MESH:C000657245,MESH:D001464,MESH:D003141,MESH:D003643,MESH:D005334,MESH:D007239,MESH:D011014,MESH:D014867,MESH:D018352,MESH:D045169
32458459	MESH:C000657245,MESH:D003643,MESH:D015415,MESH:D016638,MESH:D019337
35421155	MESH:C000657245,MESH:D003141,MESH:D006333,MESH:D007239,MESH:D011051,MESH:D014376,MESH:D018352,MESH:D045169
34817214	MESH:C000657245,MESH:D015047
32500431	MESH:C000657245,MESH:C538614,MESH:D000230,MESH:D000310,MESH:D001102,MESH:D002318,MESH:D003141,MESH:D003643,MESH:D005234,MESH:D005334,MESH:D005355,MESH:D006473,MESH:D006526,MESH:D006528,MESH:D007239,MESH:D007676,MESH:D008103,MESH:D008107,MESH:D009362,MESH:D009369,MESH:D009461,MESH:D011014,MESH:D011024,MESH:D012509,MESH:D012817,MESH:D013274,MESH:D013927,MESH:D015179,MESH:D015212,MESH:D015658,MESH:D017093,MESH:D018281,MESH:D018285,MESH:D018352,MESH:D019693,MESH:D021441,MESH:D036821,MESH:D045169,MESH:D056486
33036293	MESH:C000606551,MESH:C000615229,MESH:C000615233,MESH:C000657245,MESH:C004931,MESH:C007306,MESH:C016162,MESH:C019535,MESH:C025223,MESH:C027406,MESH:C029424,MESH:C031280,MESH:C034670,MESH:C039004,MESH:C058949,MESH:C105430,MESH:C482452,MESH:C512204,MESH:C517546,MESH:D000068698,MESH:D000069474,MESH:D000431,MESH:D000577,MESH:D000578,MESH:D000812,MESH:D000998,MESH:D001102,MESH:D001374,MESH:D002244,MESH:D003903,MESH:D003920,MESH:D004952,MESH:D005054,MESH:D005990,MESH:D006526,MESH:D006835,MESH:D006851,MESH:D006859,MESH:D007455,MESH:D007659,MESH:D008175,MESH:D008628,MESH:D009369,MESH:D009584,MESH:D011024,MESH:D011480,MESH:D011719,MESH:D011720,MESH:D011724,MESH:D012254,MESH:D012965,MESH:D013455,MESH:D013844,MESH:D013854,MESH:D014867,MESH:D018352,MESH:D019342,MESH:D019888,MESH:D047188,MESH:D048271,MESH:D056486
32652368	MESH:C000657245,MESH:D000081029,MESH:D000783,MESH:D001172,MESH:D002318,MESH:D002637,MESH:D003643,MESH:D003920,MESH:D004409,MESH:D004417,MESH:D005221,MESH:D006333,MESH:D007239,MESH:D007869,MESH:D010272,MESH:D010302,MESH:D010996,MESH:D018352
34096576	MESH:C000657245,MESH:D004751,MESH:D013927
32533432	MESH:C000657245,MESH:C535569,MESH:D001523,MESH:D011024,MESH:D018352
32717208	MESH:C000657245,MESH:D001102,MESH:D003141,MESH:D003645,MESH:D005597,MESH:D007239,MESH:D007896,MESH:D007898,MESH:D008288,MESH:D011024,MESH:D012141,MESH:D014376,MESH:D015658,MESH:D018352
32539647	MESH:C000657245,MESH:C535742,MESH:D000860,MESH:D001049,MESH:D003324,MESH:D003643,MESH:D003920,MESH:D006333,MESH:D006527,MESH:D006886,MESH:D006973,MESH:D006976,MESH:D007239,MESH:D009569,MESH:D011024,MESH:D012120,MESH:D012128,MESH:D012131,MESH:D017963,MESH:D018352,MESH:D045169,MESH:D045462,MESH:D051436,MESH:D055371
35124470	MESH:C000657245,MESH:D007410,MESH:D058625
33988145	MESH:C000657245,MESH:D000071079,MESH:D001102,MESH:D002244,MESH:D003428,MESH:D003643,MESH:D006480,MESH:D007239,MESH:D007249,MESH:D007674,MESH:D012141,MESH:D012409,MESH:D014867,MESH:D045169,MESH:D052638
35030101	MESH:C000657245,MESH:C003043,MESH:C024565,MESH:C060506,MESH:C535882,MESH:D000068717,MESH:D000068876,MESH:D000069283,MESH:D000069442,MESH:D000069462,MESH:D000588,MESH:D001327,MESH:D001710,MESH:D002118,MESH:D002245,MESH:D003141,MESH:D004121,MESH:D004492,MESH:D005973,MESH:D006531,MESH:D007239,MESH:D007854,MESH:D008231,MESH:D008274,MESH:D008569,MESH:D009103,MESH:D009471,MESH:D009584,MESH:D011125,MESH:D011136,MESH:D012598,MESH:D013256,MESH:D019810
35433558	MESH:C000657245,MESH:C537147,MESH:D001247,MESH:D003643,MESH:D003967,MESH:D005334,MESH:D007239,MESH:D014867,MESH:D016638,MESH:D018352,MESH:D045169
33670316	MESH:C000657245,MESH:D000362,MESH:D000658,MESH:D001102,MESH:D001393,MESH:D001424,MESH:D002443,MESH:D002511,MESH:D003324,MESH:D003643,MESH:D003907,MESH:D003920,MESH:D003924,MESH:D006255,MESH:D006886,MESH:D006973,MESH:D007239,MESH:D007710,MESH:D009181,MESH:D009765,MESH:D010100,MESH:D011014,MESH:D011552,MESH:D012120,MESH:D012128,MESH:D012141,MESH:D012965,MESH:D013256,MESH:D015658,MESH:D015780,MESH:D016638,MESH:D017093,MESH:D017291,MESH:D017963,MESH:D019980,MESH:D047090,MESH:D051436,MESH:D055744,MESH:D060085
34747190	MESH:C000657245,MESH:C110747,MESH:C540383,MESH:D000069283,MESH:D003643,MESH:D007239,MESH:D007249,MESH:D008223,MESH:D008545,MESH:D009173,MESH:D009369,MESH:D019337,MESH:D019965,MESH:D064420
33883315	MESH:C000657245,MESH:D000795,MESH:D005776,MESH:D005955,MESH:D007239,MESH:D008661,MESH:D016464,MESH:D030342
32500589	MESH:C000657245,MESH:D000925,MESH:D006493,MESH:D011024,MESH:D013924,MESH:D015415,MESH:D018352
34958284	MESH:C000657245,MESH:C016210,MESH:C030516,MESH:C066026,MESH:C089946,MESH:C098320,MESH:C558899,MESH:C562325,MESH:C564207,MESH:D000068718,MESH:D000069059,MESH:D000077144,MESH:D000077261,MESH:D000163,MESH:D000634,MESH:D000925,MESH:D001145,MESH:D001262,MESH:D001281,MESH:D001791,MESH:D002220,MESH:D002318,MESH:D002738,MESH:D002784,MESH:D003061,MESH:D003141,MESH:D003371,MESH:D003647,MESH:D003920,MESH:D004008,MESH:D004077,MESH:D004244,MESH:D004298,MESH:D004656,MESH:D004917,MESH:D004958,MESH:D005665,MESH:D005978,MESH:D006331,MESH:D006333,MESH:D006349,MESH:D006470,MESH:D006710,MESH:D006886,MESH:D006973,MESH:D007052,MESH:D007239,MESH:D008288,MESH:D008617,MESH:D008790,MESH:D009135,MESH:D009202,MESH:D009543,MESH:D010146,MESH:D011339,MESH:D011433,MESH:D011655,MESH:D012214,MESH:D012254,MESH:D013629,MESH:D013923,MESH:D013927,MESH:D014147,MESH:D014812,MESH:D014859,MESH:D015430,MESH:D015658,MESH:D016559,MESH:D016638,MESH:D017035,MESH:D017311,MESH:D017963,MESH:D018942,MESH:D019259,MESH:D019808,MESH:D019821,MESH:D019829,MESH:D020246,MESH:D020258,MESH:D020521,MESH:D030342,MESH:D050171,MESH:D054556,MESH:D061466,MESH:D064420
33902480	MESH:C000606551,MESH:C000657245,MESH:C001920,MESH:C462182,MESH:C502936,MESH:C558899,MESH:D000077525,MESH:D000077725,MESH:D000077731,MESH:D000577,MESH:D000998,MESH:D002318,MESH:D002443,MESH:D002561,MESH:D002738,MESH:D003141,MESH:D003371,MESH:D003404,MESH:D003428,MESH:D003643,MESH:D003920,MESH:D003967,MESH:D004417,MESH:D005334,MESH:D005355,MESH:D006261,MESH:D006886,MESH:D006973,MESH:D007039,MESH:D007239,MESH:D007674,MESH:D007970,MESH:D008107,MESH:D008133,MESH:D008171,MESH:D008218,MESH:D008231,MESH:D008795,MESH:D009102,MESH:D009325,MESH:D009584,MESH:D009765,MESH:D010100,MESH:D010608,MESH:D011014,MESH:D011719,MESH:D012128,MESH:D012131,MESH:D012141,MESH:D012772,MESH:D012818,MESH:D014508,MESH:D014640,MESH:D014867,MESH:D017963,MESH:D018352,MESH:D018450,MESH:D018805,MESH:D019438,MESH:D020271,MESH:D045169,MESH:D050171,MESH:D051436,MESH:D053139,MESH:D060085,MESH:D061466,MESH:D063806,MESH:D064704
34975646	MESH:C000657245,MESH:D000067073,MESH:D000275,MESH:D001007,MESH:D001068,MESH:D003903,MESH:D009378,MESH:D009771,MESH:D016584,MESH:D019568,MESH:D030342
34178332	MESH:C000657245,MESH:D000069036,MESH:D000082,MESH:D000309,MESH:D000438,MESH:D001102,MESH:D001327,MESH:D002118,MESH:D003404,MESH:D003681,MESH:D003920,MESH:D003922,MESH:D004244,MESH:D004342,MESH:D005076,MESH:D005221,MESH:D005334,MESH:D005947,MESH:D006029,MESH:D006327,MESH:D006402,MESH:D006886,MESH:D006943,MESH:D007037,MESH:D007239,MESH:D007333,MESH:D007662,MESH:D008274,MESH:D010100,MESH:D010195,MESH:D011141,MESH:D011507,MESH:D012128,MESH:D013610,MESH:D013616,MESH:D014508,MESH:D014987,MESH:D015431,MESH:D016883,MESH:D018149,MESH:D018908,MESH:D019283,MESH:D053139,MESH:D059606,MESH:D061267
34610907	MESH:C000657245,MESH:D003643,MESH:D005334,MESH:D007239,MESH:D008589
32653855	MESH:C000657245,MESH:D000079225,MESH:D000275,MESH:D001007,MESH:D001523,MESH:D002908,MESH:D003643,MESH:D007239,MESH:D011248,MESH:D011605,MESH:D018352,MESH:D019052,MESH:D045169
32558002	MESH:C000657245,MESH:D000370,MESH:D000857,MESH:D001927,MESH:D002561,MESH:D003244,MESH:D006261,MESH:D007239,MESH:D011595,MESH:D020271,MESH:D063806
34986676	MESH:C000657245,MESH:C535742,MESH:D001249,MESH:D003324,MESH:D003643,MESH:D003920,MESH:D006949,MESH:D006973,MESH:D007239,MESH:D007249,MESH:D010100,MESH:D011014,MESH:D012131,MESH:D012141,MESH:D018352,MESH:D029424
32592835	MESH:C000657245,MESH:C562602,MESH:D003920,MESH:D003924,MESH:D005947,MESH:D007022,MESH:D007674,MESH:D018352
33862667	MESH:C000657245,MESH:D000275,MESH:D001007
34268819	MESH:C000657245,MESH:D000336,MESH:D007239
35263375	MESH:C000657245,MESH:D002908,MESH:D003424,MESH:D003643,MESH:D004342,MESH:D006973,MESH:D007239,MESH:D015658,MESH:D020018
32502597	MESH:C000657245,MESH:D000138,MESH:D001002,MESH:D006947,MESH:D006973,MESH:D007010,MESH:D007239,MESH:D007674,MESH:D011024,MESH:D011188,MESH:D012131,MESH:D018352,MESH:D058186
34075622	MESH:C000657245,MESH:D002908,MESH:D003072,MESH:D003141,MESH:D003704,MESH:D003920,MESH:D007239,MESH:D008171,MESH:D012779,MESH:D015658,MESH:D058747
32508391	MESH:C000657245
33461626	MESH:C000657245,MESH:D000336,MESH:D002543,MESH:D002544,MESH:D003371,MESH:D003428,MESH:D003643,MESH:D003920,MESH:D005221,MESH:D005334,MESH:D006331,MESH:D006973,MESH:D007239,MESH:D011014,MESH:D012128,MESH:D014867,MESH:D014947,MESH:D016638,MESH:D018352
32609380	MESH:C000657245,MESH:D011024,MESH:D018352
33444411	MESH:C000592401,MESH:C000657245,MESH:C502936,MESH:C558899,MESH:D000860,MESH:D001919,MESH:D003324,MESH:D003371,MESH:D003643,MESH:D003907,MESH:D003920,MESH:D003967,MESH:D004417,MESH:D005334,MESH:D005355,MESH:D006886,MESH:D006948,MESH:D006973,MESH:D007239,MESH:D008107,MESH:D008545,MESH:D008775,MESH:D009336,MESH:D009369,MESH:D009765,MESH:D010100,MESH:D012818,MESH:D013256,MESH:D014508,MESH:D016638,MESH:D017984,MESH:D018352,MESH:D029424,MESH:D045169,MESH:D051436,MESH:D058625
33458805	MESH:C000657245,MESH:C029402,MESH:C086827,MESH:C562393,MESH:D000030,MESH:D000077271,MESH:D000420,MESH:D001249,MESH:D001913,MESH:D001991,MESH:D002278,MESH:D002294,MESH:D003643,MESH:D003920,MESH:D004416,MESH:D004801,MESH:D004890,MESH:D005334,MESH:D005472,MESH:D006331,MESH:D006416,MESH:D007022,MESH:D007249,MESH:D007911,MESH:D008545,MESH:D009362,MESH:D009369,MESH:D009765,MESH:D010859,MESH:D012176,MESH:D012878,MESH:D013256,MESH:D013806,MESH:D014212,MESH:D014456,MESH:D018327,MESH:D018352,MESH:D051436
33742196	MESH:C000657245,MESH:D014807
32387409	MESH:C000657245,MESH:C038806,MESH:C062984,MESH:C086979,MESH:C558899,MESH:D000077727,MESH:D000998,MESH:D001145,MESH:D001424,MESH:D002443,MESH:D002738,MESH:D003141,MESH:D003324,MESH:D003371,MESH:D003643,MESH:D003645,MESH:D003920,MESH:D003967,MESH:D004318,MESH:D004342,MESH:D004893,MESH:D005076,MESH:D005334,MESH:D005955,MESH:D006261,MESH:D006331,MESH:D006886,MESH:D006973,MESH:D007008,MESH:D007239,MESH:D007319,MESH:D008061,MESH:D008133,MESH:D008687,MESH:D008911,MESH:D009205,MESH:D009369,MESH:D010100,MESH:D011014,MESH:D011024,MESH:D011188,MESH:D012128,MESH:D012131,MESH:D012140,MESH:D012141,MESH:D012817,MESH:D013256,MESH:D014581,MESH:D014786,MESH:D015746,MESH:D016171,MESH:D017963,MESH:D018352,MESH:D019438,MESH:D030342,MESH:D045169,MESH:D061466,MESH:D066126
34193982	MESH:C000657245,MESH:D000550,MESH:D001285,MESH:D004298,MESH:D005901,MESH:D007239,MESH:D008268,MESH:D009216,MESH:D012030,MESH:D012163,MESH:D012164,MESH:D012892,MESH:D013134,MESH:D014786,MESH:D020256,MESH:D063129
34588946	MESH:C000606551,MESH:C000657245,MESH:C023676,MESH:C502936,MESH:C558899,MESH:D000014,MESH:D000450,MESH:D000857,MESH:D000860,MESH:D001102,MESH:D001424,MESH:D001778,MESH:D002318,MESH:D002494,MESH:D002738,MESH:D003371,MESH:D003404,MESH:D003643,MESH:D003920,MESH:D004417,MESH:D004660,MESH:D005221,MESH:D005334,MESH:D005355,MESH:D005947,MESH:D006493,MESH:D006495,MESH:D006509,MESH:D006886,MESH:D006948,MESH:D006973,MESH:D007022,MESH:D007239,MESH:D007249,MESH:D007674,MESH:D008055,MESH:D008231,MESH:D010100,MESH:D011655,MESH:D012128,MESH:D012131,MESH:D012140,MESH:D012206,MESH:D012769,MESH:D012817,MESH:D013746,MESH:D013927,MESH:D014842,MESH:D016638,MESH:D017566,MESH:D017963,MESH:D018352,MESH:D018805,MESH:D018942,MESH:D019851,MESH:D020246,MESH:D045169,MESH:D058186,MESH:D064806
35018049	MESH:C000657245,MESH:C537775,MESH:D002244,MESH:D002710,MESH:D003141,MESH:D003371,MESH:D003643,MESH:D007239,MESH:D014867
35503234	MESH:C000657245,MESH:C009479,MESH:C535468,MESH:C535742,MESH:D001102,MESH:D001205,MESH:D002908,MESH:D003141,MESH:D003643,MESH:D004417,MESH:D005767,MESH:D007239,MESH:D007669,MESH:D012131,MESH:D012141,MESH:D012643,MESH:D014807,MESH:D015525,MESH:D020521,MESH:D051437,MESH:D053040,MESH:D063806
34834586	MESH:C000657245,MESH:C502936,MESH:D000069454,MESH:D000111,MESH:D000450,MESH:D001172,MESH:D001205,MESH:D001778,MESH:D002738,MESH:D003348,MESH:D003643,MESH:D004238,MESH:D004342,MESH:D004417,MESH:D005221,MESH:D006493,MESH:D007239,MESH:D009102,MESH:D009422,MESH:D009461,MESH:D010146,MESH:D011658,MESH:D012120,MESH:D012128,MESH:D012131,MESH:D014640,MESH:D016638,MESH:D061325
34177254	MESH:C000657245
34713472	MESH:C000657245,MESH:C535509,MESH:D018366
34897635	MESH:C000657245,MESH:D003643,MESH:D004421,MESH:D006331,MESH:D007239,MESH:D007674,MESH:D012080,MESH:D014552,MESH:D051436,MESH:D058186
34179404	MESH:C000657245,MESH:C034730,MESH:C535742,MESH:C562799,MESH:D000079225,MESH:D000740,MESH:D000752,MESH:D001007,MESH:D002609,MESH:D005221,MESH:D006879,MESH:D009422,MESH:D014202,MESH:D014805
34683149	MESH:C000657245,MESH:C537866,MESH:D001424,MESH:D001943,MESH:D003643,MESH:D007239,MESH:D007859,MESH:D009369,MESH:D012141,MESH:D012164,MESH:D018352
34594139	MESH:C000657245,MESH:D001007,MESH:D003141,MESH:D003643,MESH:D007239,MESH:D012141,MESH:D012640,MESH:D045169
34623194	MESH:C000657245,MESH:C535742,MESH:D001102,MESH:D001249,MESH:D002318,MESH:D003643,MESH:D003920,MESH:D006973,MESH:D007239,MESH:D008171,MESH:D008173,MESH:D008310,MESH:D009102,MESH:D009765,MESH:D011014,MESH:D012131,MESH:D012140,MESH:D029424,MESH:D055370
35320487	MESH:C000599887,MESH:C000657245,MESH:D000068538,MESH:D000073893,MESH:D000249,MESH:D000505,MESH:D000728,MESH:D002318,MESH:D002908,MESH:D003643,MESH:D003920,MESH:D006949,MESH:D006973,MESH:D007239,MESH:D007249,MESH:D007943,MESH:D008171,MESH:D009223,MESH:D009369,MESH:D009765,MESH:D010100,MESH:D010300,MESH:D011085,MESH:D011469,MESH:D011471,MESH:D011655,MESH:D012128,MESH:D012131,MESH:D012694,MESH:D013739,MESH:D014766,MESH:D016538,MESH:D018567,MESH:D024821,MESH:D051436,MESH:D055370
34706272	MESH:C000657245,MESH:C007293,MESH:C569686,MESH:D000230,MESH:D001102,MESH:D001480,MESH:D002118,MESH:D002318,MESH:D003404,MESH:D003643,MESH:D003920,MESH:D003921,MESH:D004121,MESH:D004492,MESH:D004670,MESH:D004715,MESH:D005767,MESH:D005947,MESH:D006973,MESH:D007022,MESH:D007239,MESH:D007249,MESH:D007649,MESH:D007859,MESH:D007970,MESH:D008171,MESH:D008569,MESH:D009369,MESH:D009395,MESH:D009404,MESH:D009410,MESH:D009443,MESH:D009584,MESH:D010743,MESH:D011014,MESH:D012818,MESH:D013927,MESH:D014508,MESH:D014527,MESH:D014867,MESH:D015658,MESH:D018352,MESH:D019798,MESH:D020078,MESH:D020123,MESH:D020271,MESH:D048909,MESH:D059390,MESH:D060825
32220243	MESH:C000657245,MESH:D000079225,MESH:D000275,MESH:D001007,MESH:D003428,MESH:D003643,MESH:D007239,MESH:D007319,MESH:D045169
32363809	MESH:C000657245,MESH:D004417,MESH:D005334,MESH:D010608,MESH:D011024,MESH:D018352,MESH:D063806
34142877	MESH:C000657245,MESH:D001007
34193877	MESH:C000606551,MESH:C000657245,MESH:C536439,MESH:D000450,MESH:D000806,MESH:D000959,MESH:D001778,MESH:D002318,MESH:D003643,MESH:D003681,MESH:D003907,MESH:D003920,MESH:D006886,MESH:D006973,MESH:D007239,MESH:D007674,MESH:D012128,MESH:D014947,MESH:D016638,MESH:D018352,MESH:D029461,MESH:D051436,MESH:D057911,MESH:D058186
32610808	MESH:C000657245,MESH:C566873,MESH:D003643,MESH:D007239,MESH:D009369,MESH:D010100,MESH:D010146
32589348	MESH:C000657245,MESH:D007239,MESH:D011024,MESH:D018352,MESH:D020521
33351828	MESH:C000657245,MESH:C060506,MESH:C562844,MESH:D003643,MESH:D006509,MESH:D007239,MESH:D007249,MESH:D008175,MESH:D008545,MESH:D009369,MESH:D010283,MESH:D012694,MESH:D015490,MESH:D016889,MESH:D017074,MESH:D045169
33541486	MESH:C000657245,MESH:D001068,MESH:D003643,MESH:D003704,MESH:D007239,MESH:D017099,MESH:D018352,MESH:D018908,MESH:D053609
34281994	MESH:C000657245,MESH:C564320,MESH:D001523
34535859	MESH:C000657245,MESH:D002245,MESH:D003643,MESH:D007239,MESH:D007898,MESH:D008288,MESH:D009091,MESH:D009181,MESH:D009203,MESH:D009569,MESH:D010100,MESH:D010243,MESH:D011014,MESH:D013256,MESH:D013455,MESH:D014867,MESH:D015822,MESH:D018805
32357378	MESH:C000657245,MESH:D006258,MESH:D009369,MESH:D011024,MESH:D012128,MESH:D018352
34728719	MESH:C000657245,MESH:C563010,MESH:D001102,MESH:D001424,MESH:D001895,MESH:D001943,MESH:D002318,MESH:D003643,MESH:D004696,MESH:D005334,MESH:D007022,MESH:D007239,MESH:D007249,MESH:D007251,MESH:D008231,MESH:D009369,MESH:D010100,MESH:D010243,MESH:D011014,MESH:D012128,MESH:D012131,MESH:D012141,MESH:D012216,MESH:D012509,MESH:D012818,MESH:D014280,MESH:D016470,MESH:D016638,MESH:D018352,MESH:D018357,MESH:D054143,MESH:D055501,MESH:D060085
34780978	MESH:C000657245,MESH:C558899,MESH:D000998,MESH:D002738,MESH:D003643,MESH:D004417,MESH:D006886,MESH:D006973,MESH:D007239,MESH:D014947,MESH:D017963
35081177	MESH:C000657245,MESH:D018352
32527570	MESH:C000657245,MESH:C558899,MESH:D000069349,MESH:D000138,MESH:D000998,MESH:D001102,MESH:D002294,MESH:D003141,MESH:D003643,MESH:D004417,MESH:D006886,MESH:D006973,MESH:D007239,MESH:D007249,MESH:D007676,MESH:D007822,MESH:D009369,MESH:D010100,MESH:D011014,MESH:D011024,MESH:D012131,MESH:D012141,MESH:D016609,MESH:D017984,MESH:D018352,MESH:D029424,MESH:D058186
32701938	MESH:C000657245,MESH:D002637,MESH:D003371,MESH:D003643,MESH:D003967,MESH:D004417,MESH:D005221,MESH:D005334,MESH:D006261,MESH:D007239,MESH:D010608,MESH:D011024,MESH:D014839,MESH:D018352,MESH:D063806
34877562	MESH:C000657245,MESH:D000535,MESH:D001249,MESH:D002244,MESH:D002248,MESH:D003643,MESH:D007501,MESH:D008175,MESH:D009584,MESH:D010126,MESH:D011014,MESH:D012141,MESH:D013232,MESH:D013458
34591874	MESH:C000657245,MESH:D002908,MESH:D003141,MESH:D003643,MESH:D005334,MESH:D007239,MESH:D007674,MESH:D014376,MESH:D018352
35126030	MESH:C000657245,MESH:D000079225,MESH:D000275,MESH:D001007,MESH:D001523,MESH:D003643,MESH:D007239,MESH:D007859,MESH:D013313,MESH:D014947,MESH:D040921
34273304	MESH:C000657245,MESH:C502936,MESH:C535841,MESH:C566617,MESH:D000069285,MESH:D000275,MESH:D001007,MESH:D001102,MESH:D001259,MESH:D001523,MESH:D001714,MESH:D001768,MESH:D001835,MESH:D001927,MESH:D002318,MESH:D002389,MESH:D002543,MESH:D002544,MESH:D002545,MESH:D002546,MESH:D002561,MESH:D002819,MESH:D003141,MESH:D003643,MESH:D003711,MESH:D004421,MESH:D004487,MESH:D004660,MESH:D004673,MESH:D004679,MESH:D004827,MESH:D005076,MESH:D005221,MESH:D005334,MESH:D005947,MESH:D006212,MESH:D006261,MESH:D006429,MESH:D006470,MESH:D007022,MESH:D007239,MESH:D007249,MESH:D007511,MESH:D007964,MESH:D008581,MESH:D008775,MESH:D009069,MESH:D009080,MESH:D009103,MESH:D009135,MESH:D009157,MESH:D009187,MESH:D009220,MESH:D009369,MESH:D009422,MESH:D009447,MESH:D009902,MESH:D010523,MESH:D011239,MESH:D011605,MESH:D012640,MESH:D012678,MESH:D012769,MESH:D012818,MESH:D012851,MESH:D013226,MESH:D013256,MESH:D013345,MESH:D016638,MESH:D018352,MESH:D018698,MESH:D019522,MESH:D019965,MESH:D020078,MESH:D020220,MESH:D020271,MESH:D020293,MESH:D020429,MESH:D020521,MESH:D020968,MESH:D030342,MESH:D040921,MESH:D051359,MESH:D056587,MESH:D056784
35309721	MESH:C000657245,MESH:D000163,MESH:D003141,MESH:D003643,MESH:D007239,MESH:D014437,MESH:D014947,MESH:D018980
35518554	MESH:C000657245,MESH:D001007
32527466	MESH:C000657245,MESH:D000438,MESH:D002248,MESH:D002318,MESH:D003324,MESH:D003643,MESH:D006333,MESH:D006632,MESH:D007239,MESH:D007249,MESH:D007511,MESH:D008171,MESH:D009584,MESH:D010126,MESH:D011024,MESH:D012140,MESH:D013458,MESH:D013927,MESH:D018352,MESH:D050171,MESH:D050197
34316049	MESH:C000657245,MESH:C536920,MESH:D000079225,MESH:D000163,MESH:D000275,MESH:D001007,MESH:D002908,MESH:D003643,MESH:D006323,MESH:D007239,MESH:D008694,MESH:D009771,MESH:D010259,MESH:D011014,MESH:D011605,MESH:D012559,MESH:D013345,MESH:D014867,MESH:D014947,MESH:D016638,MESH:D051271,MESH:D053632,MESH:D063726
35149232	MESH:C000657245,MESH:D014612
32842607	MESH:C000657245,MESH:D000163,MESH:D000438,MESH:D003141,MESH:D003643,MESH:D005597,MESH:D009784,MESH:D011014,MESH:D012120,MESH:D014593,MESH:D014947,MESH:D015658,MESH:D018352,MESH:D019142,MESH:D045169
34748218	MESH:C000657245,MESH:D003643,MESH:D014947
32680602	MESH:C000657245,MESH:D000857,MESH:D000860,MESH:D002303,MESH:D003231,MESH:D003371,MESH:D003643,MESH:D003920,MESH:D005334,MESH:D006973,MESH:D007037,MESH:D007239,MESH:D010146,MESH:D011537,MESH:D012128,MESH:D012871,MESH:D014867,MESH:D014987,MESH:D015746,MESH:D016638,MESH:D018352,MESH:D063806
35336843	MESH:C000657245,MESH:C411644,MESH:C536528,MESH:D000067390,MESH:D000096,MESH:D000432,MESH:D000740,MESH:D000783,MESH:D000860,MESH:D001068,MESH:D001102,MESH:D001172,MESH:D001201,MESH:D001714,MESH:D002908,MESH:D003324,MESH:D003371,MESH:D003424,MESH:D003643,MESH:D004244,MESH:D004986,MESH:D005334,MESH:D005355,MESH:D006261,MESH:D006473,MESH:D006509,MESH:D006528,MESH:D007239,MESH:D007249,MESH:D007511,MESH:D007674,MESH:D007854,MESH:D008070,MESH:D008107,MESH:D008582,MESH:D009103,MESH:D009217,MESH:D009369,MESH:D009447,MESH:D009584,MESH:D010051,MESH:D011125,MESH:D012128,MESH:D012141,MESH:D012770,MESH:D012965,MESH:D014425,MESH:D014842,MESH:D014867,MESH:D014947,MESH:D015431,MESH:D016638,MESH:D018352,MESH:D018771,MESH:D018805,MESH:D019698,MESH:D019851,MESH:D034141,MESH:D053609,MESH:D055370,MESH:D056486,MESH:D063806
32437831	MESH:C000657245,MESH:D005234,MESH:D005355,MESH:D007249,MESH:D011024,MESH:D018352,MESH:D065626
33706626	MESH:C000657245,MESH:D000998,MESH:D001688,MESH:D003643,MESH:D007239,MESH:D028321
33831079	MESH:C000657245,MESH:D000275,MESH:D000438,MESH:D000690,MESH:D001281,MESH:D001321,MESH:D001416,MESH:D001714,MESH:D001943,MESH:D002118,MESH:D002277,MESH:D002586,MESH:D002784,MESH:D003643,MESH:D003920,MESH:D007938,MESH:D007947,MESH:D008055,MESH:D009369,MESH:D009765,MESH:D011014,MESH:D012559,MESH:D012892,MESH:D012893,MESH:D015179,MESH:D020294,MESH:D050197
35340778	MESH:C000657245,MESH:D000740,MESH:D001778,MESH:D003371,MESH:D003643,MESH:D003920,MESH:D004342,MESH:D004417,MESH:D004487,MESH:D005334,MESH:D006406,MESH:D006470,MESH:D006493,MESH:D006495,MESH:D006973,MESH:D007239,MESH:D008775,MESH:D009102,MESH:D010100,MESH:D012128,MESH:D012186,MESH:D013345,MESH:D013923,MESH:D013927,MESH:D014839,MESH:D015746,MESH:D016638,MESH:D017984,MESH:D020896,MESH:D050197,MESH:D051437,MESH:D054556,MESH:D059265
33782759	MESH:C000657245,MESH:C536271,MESH:D000275,MESH:D001007,MESH:D003920,MESH:D006973,MESH:D009223,MESH:D009765,MESH:D009767,MESH:D012891,MESH:D020181
32088847	MESH:C000657245,MESH:C536227,MESH:D001416,MESH:D003141,MESH:D003371,MESH:D004244,MESH:D004417,MESH:D005221,MESH:D005334,MESH:D007239,MESH:D007249,MESH:D007970,MESH:D008171,MESH:D008199,MESH:D008206,MESH:D009103,MESH:D009369,MESH:D010608,MESH:D011014,MESH:D011024,MESH:D012120,MESH:D012141,MESH:D012253,MESH:D012818,MESH:D015047,MESH:D018352,MESH:D019788,MESH:D063806
32659213	MESH:C000657245,MESH:C536439,MESH:D001778,MESH:D002561,MESH:D003324,MESH:D003643,MESH:D004211,MESH:D004417,MESH:D006495,MESH:D007239,MESH:D007249,MESH:D009102,MESH:D009336,MESH:D011024,MESH:D012128,MESH:D012772,MESH:D013921,MESH:D013923,MESH:D013927,MESH:D018352,MESH:D018805,MESH:D025861,MESH:D051359,MESH:D054556,MESH:D057049
33393462	MESH:C000606551,MESH:C000657245,MESH:C016679,MESH:C024865,MESH:C026273,MESH:C034532,MESH:C054122,MESH:C075801,MESH:C088816,MESH:D000077192,MESH:D000230,MESH:D000431,MESH:D000432,MESH:D000857,MESH:D001102,MESH:D001120,MESH:D002245,MESH:D002738,MESH:D003643,MESH:D004121,MESH:D004492,MESH:D005557,MESH:D005998,MESH:D006416,MESH:D006531,MESH:D006583,MESH:D006639,MESH:D006921,MESH:D007053,MESH:D007239,MESH:D007854,MESH:D008175,MESH:D008623,MESH:D009369,MESH:D010195,MESH:D010232,MESH:D010406,MESH:D011014,MESH:D011094,MESH:D011392,MESH:D012120,MESH:D012694,MESH:D012817,MESH:D012834,MESH:D012965,MESH:D012967,MESH:D013307,MESH:D013395,MESH:D013927,MESH:D014867,MESH:D015047,MESH:D017693,MESH:D017830,MESH:D018352,MESH:D019966,MESH:D045169,MESH:D058186
34492105	MESH:D001102,MESH:D002318,MESH:D003920,MESH:D004751,MESH:D009103,MESH:D009765,MESH:D015179,MESH:D015212,MESH:D064806
32321654	MESH:C000657245,MESH:D001145,MESH:D002318,MESH:D003141,MESH:D003490,MESH:D003643,MESH:D003920,MESH:D006331,MESH:D006973,MESH:D007239,MESH:D009369,MESH:D009765,MESH:D011014,MESH:D011024,MESH:D012128,MESH:D012140,MESH:D012141,MESH:D012770,MESH:D015047,MESH:D018352,MESH:D030342,MESH:D045169
32634003	MESH:C000657245,MESH:D000079225,MESH:D001007,MESH:D002908,MESH:D003643,MESH:D003920,MESH:D006261,MESH:D006973,MESH:D007239,MESH:D011024,MESH:D016638,MESH:D018352,MESH:D019966
32512187	MESH:C000606551,MESH:C000657245,MESH:D001102,MESH:D004630,MESH:D006886,MESH:D007239,MESH:D011024,MESH:D011471,MESH:D012140,MESH:D016638,MESH:D017963,MESH:D018352,MESH:D018805
35170714	MESH:C000657245,MESH:D000740,MESH:D001102,MESH:D001991,MESH:D002245,MESH:D002443,MESH:D003141,MESH:D003371,MESH:D003404,MESH:D003643,MESH:D003715,MESH:D003907,MESH:D004417,MESH:D004487,MESH:D005076,MESH:D005334,MESH:D005884,MESH:D006261,MESH:D006469,MESH:D006470,MESH:D006480,MESH:D006973,MESH:D007153,MESH:D007239,MESH:D007854,MESH:D007922,MESH:D008171,MESH:D008288,MESH:D011241,MESH:D011693,MESH:D011696,MESH:D012120,MESH:D012818,MESH:D013203,MESH:D013577,MESH:D013921,MESH:D014508,MESH:D014766,MESH:D017291,MESH:D018352,MESH:D018771,MESH:D019595,MESH:D019808,MESH:D020250,MESH:D051271,MESH:D056486,MESH:D060085,MESH:D063806
35317712	MESH:C000657245,MESH:D000079225,MESH:D000275,MESH:D001007,MESH:D005221,MESH:D014867
34487685	MESH:C000657245,MESH:D003643,MESH:D008288,MESH:D008569,MESH:D013725,MESH:D014376,MESH:D014390,MESH:D015658,MESH:D018088,MESH:D044342,MESH:D060085
35330391	MESH:C000606551,MESH:C000657245,MESH:C502936,MESH:C509303,MESH:C536439,MESH:C558899,MESH:D000067329,MESH:D000081029,MESH:D000163,MESH:D000438,MESH:D000783,MESH:D001102,MESH:D001247,MESH:D002318,MESH:D002784,MESH:D002908,MESH:D003404,MESH:D003643,MESH:D003907,MESH:D003920,MESH:D003924,MESH:D005221,MESH:D005947,MESH:D006886,MESH:D006973,MESH:D007239,MESH:D007249,MESH:D008067,MESH:D008288,MESH:D008659,MESH:D009369,MESH:D009765,MESH:D010100,MESH:D010195,MESH:D010996,MESH:D011014,MESH:D011655,MESH:D012128,MESH:D012131,MESH:D012140,MESH:D012559,MESH:D012772,MESH:D012818,MESH:D014657,MESH:D016638,MESH:D017963,MESH:D018352,MESH:D018805,MESH:D024821,MESH:D045169,MESH:D050171,MESH:D050197,MESH:D051436,MESH:D058186
34866720	MESH:C000657245,MESH:D001523,MESH:D009223,MESH:D012640,MESH:D013912,MESH:D014867,MESH:D018352,MESH:D055534
34415553	MESH:C000657245,MESH:C093230,MESH:C537849,MESH:D000440,MESH:D002725,MESH:D003371,MESH:D003643,MESH:D005862,MESH:D006526,MESH:D006632,MESH:D007239,MESH:D007854,MESH:D008278,MESH:D010100,MESH:D011092,MESH:D012965,MESH:D014867,MESH:D015636,MESH:D018352,MESH:D055652,MESH:D062065
33853700	MESH:C000657245,MESH:D007239
34824162	MESH:C000657245,MESH:D003643,MESH:D007239,MESH:D009369,MESH:D011125,MESH:D018352
32561113	MESH:C000657245,MESH:C032855,MESH:D000138,MESH:D000163,MESH:D000860,MESH:D001102,MESH:D001424,MESH:D001778,MESH:D002318,MESH:D002544,MESH:D003141,MESH:D003371,MESH:D003643,MESH:D003920,MESH:D003967,MESH:D004417,MESH:D005221,MESH:D005334,MESH:D005355,MESH:D005609,MESH:D006323,MESH:D006470,MESH:D006526,MESH:D006973,MESH:D007239,MESH:D008055,MESH:D009102,MESH:D009369,MESH:D010100,MESH:D010608,MESH:D011014,MESH:D011714,MESH:D012128,MESH:D012131,MESH:D012141,MESH:D012772,MESH:D014693,MESH:D014867,MESH:D015427,MESH:D016638,MESH:D018352,MESH:D019142,MESH:D051437,MESH:D055370
32516844	MESH:C000657245,MESH:D006335
32358765	MESH:C000657245,MESH:D000860,MESH:D001172,MESH:D003371,MESH:D006327,MESH:D007239,MESH:D010100,MESH:D010243,MESH:D011024,MESH:D012131,MESH:D018352,MESH:D020927
32377486	MESH:C000657245,MESH:D000079225,MESH:D000275,MESH:D001007,MESH:D001523,MESH:D003643,MESH:D005221,MESH:D007239,MESH:D018352,MESH:D019964,MESH:D019966,MESH:D045169
34174778	MESH:C000657245,MESH:D000073893,MESH:D000080311,MESH:D000163,MESH:D001007,MESH:D011125,MESH:D014867,MESH:D020018
35252081	MESH:C000469,MESH:C000657245,MESH:D001007,MESH:D001205,MESH:D003141,MESH:D003643,MESH:D003920,MESH:D006816,MESH:D007239,MESH:D007251,MESH:D007589,MESH:D007898,MESH:D009369,MESH:D011014,MESH:D012120,MESH:D012409,MESH:D013927,MESH:D015619,MESH:D016638,MESH:D018352
34219197	MESH:C000657245,MESH:D001064,MESH:D002764,MESH:D003643,MESH:D007239,MESH:D008171,MESH:D010146,MESH:D010534,MESH:D011183,MESH:D014947,MESH:D018352,MESH:D018805,MESH:D030361
35384599	MESH:C000657245,MESH:C535576,MESH:C536496,MESH:C537170,MESH:D000067390,MESH:D000069476,MESH:D000075262,MESH:D000208,MESH:D000370,MESH:D000857,MESH:D000860,MESH:D001102,MESH:D001145,MESH:D001247,MESH:D001281,MESH:D001285,MESH:D001919,MESH:D002037,MESH:D002118,MESH:D002280,MESH:D002312,MESH:D002318,MESH:D002395,MESH:D002637,MESH:D002784,MESH:D003141,MESH:D003324,MESH:D003404,MESH:D003643,MESH:D003920,MESH:D004110,MESH:D004417,MESH:D004487,MESH:D004700,MESH:D004837,MESH:D005117,MESH:D005221,MESH:D005234,MESH:D005334,MESH:D005355,MESH:D005921,MESH:D005947,MESH:D006130,MESH:D006313,MESH:D006323,MESH:D006327,MESH:D006331,MESH:D006333,MESH:D006973,MESH:D007022,MESH:D007239,MESH:D007249,MESH:D007511,MESH:D007674,MESH:D008055,MESH:D008060,MESH:D008659,MESH:D008687,MESH:D008790,MESH:D008944,MESH:D009173,MESH:D009202,MESH:D009203,MESH:D009205,MESH:D009362,MESH:D009369,MESH:D009422,MESH:D009461,MESH:D009765,MESH:D010146,MESH:D010493,MESH:D010996,MESH:D012128,MESH:D012871,MESH:D012892,MESH:D013575,MESH:D013617,MESH:D013923,MESH:D014262,MESH:D014280,MESH:D014839,MESH:D014859,MESH:D016884,MESH:D017379,MESH:D018149,MESH:D018223,MESH:D018376,MESH:D018476,MESH:D018487,MESH:D018754,MESH:D021081,MESH:D034381,MESH:D049971,MESH:D050171,MESH:D050197,MESH:D051437,MESH:D052496,MESH:D053821,MESH:D054537,MESH:D059226,MESH:D061325
35096642	MESH:C000657245,MESH:C048812,MESH:C536439,MESH:C537730,MESH:D000450,MESH:D001024,MESH:D001102,MESH:D001120,MESH:D002216,MESH:D002318,MESH:D003324,MESH:D003643,MESH:D005355,MESH:D005935,MESH:D006333,MESH:D007239,MESH:D007249,MESH:D007674,MESH:D007703,MESH:D008107,MESH:D008239,MESH:D009102,MESH:D009765,MESH:D010190,MESH:D010300,MESH:D010455,MESH:D010703,MESH:D012128,MESH:D014766,MESH:D014947,MESH:D016638,MESH:D018805,MESH:D051436,MESH:D055370,MESH:D058186,MESH:D059347
34126613	MESH:C000657245,MESH:C536439,MESH:D000783,MESH:D001523,MESH:D001778,MESH:D001925,MESH:D002543,MESH:D002559,MESH:D002821,MESH:D006406,MESH:D006470,MESH:D007238,MESH:D007239,MESH:D007249,MESH:D007752,MESH:D007898,MESH:D007969,MESH:D009122,MESH:D009422,MESH:D009584,MESH:D011251,MESH:D014657,MESH:D017566,MESH:D019851,MESH:D020300,MESH:D020521,MESH:D051271,MESH:D053609,MESH:D056587,MESH:D056784,MESH:D059246
35284994	MESH:C000657245,MESH:C527517,MESH:C527525,MESH:C533411,MESH:D000069283,MESH:D000783,MESH:D000787,MESH:D001068,MESH:D001145,MESH:D001249,MESH:D001281,MESH:D001919,MESH:D002543,MESH:D003139,MESH:D003371,MESH:D003643,MESH:D003920,MESH:D004130,MESH:D004417,MESH:D006086,MESH:D006331,MESH:D006406,MESH:D006509,MESH:D006943,MESH:D006973,MESH:D007039,MESH:D007239,MESH:D007249,MESH:D008775,MESH:D009103,MESH:D009202,MESH:D009336,MESH:D009369,MESH:D009471,MESH:D009765,MESH:D010146,MESH:D010523,MESH:D010608,MESH:D011014,MESH:D012131,MESH:D012598,MESH:D012818,MESH:D013610,MESH:D013924,MESH:D013927,MESH:D014807,MESH:D014927,MESH:D015228,MESH:D018352,MESH:D029424,MESH:D059390,MESH:D065631
32291501	MESH:C000657245,MESH:D000860,MESH:D001049,MESH:D001523,MESH:D001778,MESH:D001996,MESH:D003128,MESH:D003371,MESH:D003490,MESH:D003681,MESH:D003967,MESH:D004417,MESH:D005221,MESH:D005334,MESH:D006261,MESH:D006331,MESH:D006973,MESH:D007239,MESH:D007249,MESH:D008171,MESH:D008206,MESH:D009102,MESH:D009325,MESH:D010100,MESH:D010608,MESH:D010996,MESH:D011014,MESH:D011024,MESH:D012128,MESH:D012131,MESH:D012141,MESH:D012640,MESH:D012772,MESH:D012817,MESH:D012818,MESH:D014839,MESH:D015746,MESH:D017093,MESH:D018352,MESH:D018450,MESH:D053139,MESH:D053609,MESH:D063806
34202298	MESH:C000657245,MESH:C535882,MESH:D001007,MESH:D002908,MESH:D003141,MESH:D003643,MESH:D006470,MESH:D007239,MESH:D013921,MESH:D013923,MESH:D018567,MESH:D054556,MESH:D063726
32837512	MESH:C000657245,MESH:D003643,MESH:D005767,MESH:D007239,MESH:D009369,MESH:D011027,MESH:D012120,MESH:D012140
33855698	MESH:C000657245,MESH:D013921
32179701	MESH:C000657245,MESH:D003141,MESH:D007239,MESH:D008712,MESH:D011014,MESH:D011024,MESH:D012818,MESH:D014766,MESH:D018352
34080223	MESH:C000657245,MESH:D008545,MESH:D008569,MESH:D011855
33246573	MESH:C000657245,MESH:D002277,MESH:D003074,MESH:D007239,MESH:D009362,MESH:D009369
35145444	MESH:C000657245,MESH:D000079225,MESH:D000275,MESH:D001007,MESH:D002244,MESH:D007174,MESH:D007239,MESH:D007319,MESH:D007589,MESH:D012128,MESH:D051271
34767767	MESH:C000657245,MESH:C531821,MESH:C535858,MESH:C535977,MESH:C536767,MESH:C538158,MESH:D000860,MESH:D002318,MESH:D003128,MESH:D003141,MESH:D003371,MESH:D003643,MESH:D003907,MESH:D006333,MESH:D006973,MESH:D007239,MESH:D007249,MESH:D008231,MESH:D009102,MESH:D009765,MESH:D010100,MESH:D010698,MESH:D011014,MESH:D011655,MESH:D012120,MESH:D012128,MESH:D012131,MESH:D012141,MESH:D016638,MESH:D018352,MESH:D055370,MESH:D058186
35289365	MESH:C000657245,MESH:D007239
34682939	MESH:C000657245,MESH:D000068376,MESH:D000079225,MESH:D000275,MESH:D000848,MESH:D001007,MESH:D001068,MESH:D001102,MESH:D001416,MESH:D001523,MESH:D002303,MESH:D003141,MESH:D003248,MESH:D003643,MESH:D003967,MESH:D005221,MESH:D006261,MESH:D006323,MESH:D007239,MESH:D007319,MESH:D011537,MESH:D012871,MESH:D012893,MESH:D013313,MESH:D014947,MESH:D018352,MESH:D040921,MESH:D045169,MESH:D063806
34029345	MESH:C000657245,MESH:C535882,MESH:D000326,MESH:D001281,MESH:D003643,MESH:D005597,MESH:D007239,MESH:D009325,MESH:D010146,MESH:D010698,MESH:D018980,MESH:D030321
34745449	MESH:C000657245,MESH:D003643,MESH:D007239,MESH:D008209,MESH:D010100,MESH:D010146,MESH:D012965,MESH:D018352
32565264	MESH:C000657245,MESH:C535833,MESH:D000464,MESH:D000740,MESH:D000860,MESH:D003320,MESH:D003668,MESH:D005150,MESH:D006973,MESH:D007239,MESH:D007511,MESH:D007634,MESH:D008171,MESH:D009336,MESH:D009765,MESH:D010232,MESH:D011014,MESH:D011024,MESH:D012128,MESH:D012131,MESH:D012825,MESH:D012828,MESH:D012871,MESH:D013927,MESH:D014313,MESH:D014456,MESH:D014801,MESH:D017093,MESH:D017495,MESH:D017566,MESH:D018352,MESH:D020144
34326985	MESH:C000657245,MESH:C535882,MESH:D000081084,MESH:D002586,MESH:D003643,MESH:D006432,MESH:D007239,MESH:D013921
35128319	MESH:C000656865,MESH:C000657245,MESH:C557675,MESH:C564570,MESH:D000860,MESH:D001049,MESH:D001172,MESH:D001281,MESH:D001991,MESH:D002245,MESH:D003371,MESH:D003428,MESH:D003643,MESH:D003704,MESH:D005764,MESH:D006333,MESH:D006527,MESH:D007239,MESH:D009058,MESH:D009207,MESH:D009765,MESH:D010100,MESH:D010146,MESH:D010608,MESH:D011014,MESH:D011030,MESH:D011654,MESH:D011655,MESH:D012120,MESH:D012131,MESH:D012140,MESH:D014867,MESH:D014987,MESH:D016638,MESH:D018805,MESH:D018980,MESH:D029424,MESH:D045169,MESH:D054990,MESH:D055370
35486106	MESH:C000657245,MESH:D003643,MESH:D008180
34822228	MESH:C000657245,MESH:D003141,MESH:D003643,MESH:D007239
33955567	MESH:C000657245,MESH:D003643
35261542	MESH:C000657245,MESH:C502936,MESH:D001991,MESH:D002318,MESH:D003371,MESH:D003643,MESH:D003920,MESH:D003967,MESH:D005221,MESH:D005334,MESH:D006261,MESH:D006973,MESH:D008171,MESH:D009102,MESH:D009369,MESH:D011014,MESH:D012128,MESH:D015047,MESH:D016638,MESH:D018352,MESH:D018805,MESH:D025861,MESH:D034721,MESH:D051436
33928065	MESH:C000657245,MESH:C537147,MESH:D000071069,MESH:D000079225,MESH:D000275,MESH:D000438,MESH:D000544,MESH:D000787,MESH:D001007,MESH:D001168,MESH:D001991,MESH:D002303,MESH:D002318,MESH:D002908,MESH:D003072,MESH:D003141,MESH:D003324,MESH:D003643,MESH:D003920,MESH:D003924,MESH:D004646,MESH:D006331,MESH:D006509,MESH:D007674,MESH:D008545,MESH:D009203,MESH:D009369,MESH:D009765,MESH:D010024,MESH:D011478,MESH:D012128,MESH:D012640,MESH:D012878,MESH:D015207,MESH:D015430,MESH:D017887,MESH:D018352,MESH:D020521,MESH:D029424
33988134	MESH:C000657245,MESH:C557675,MESH:D000067390,MESH:D000857,MESH:D005076,MESH:D006099,MESH:D006258,MESH:D006313,MESH:D007239,MESH:D009369,MESH:D009461,MESH:D012128,MESH:D013651,MESH:D014135,MESH:D018352,MESH:D030342,MESH:D034381,MESH:D051346,MESH:D055154,MESH:D060825
34840464	MESH:C000657245,MESH:C536391,MESH:D001102,MESH:D002006,MESH:D003141,MESH:D003457,MESH:D003643,MESH:D003967,MESH:D005334,MESH:D007239,MESH:D008166,MESH:D009059,MESH:D009422,MESH:D011014,MESH:D012131,MESH:D012480,MESH:D012871,MESH:D014376,MESH:D014552,MESH:D014807,MESH:D014867,MESH:D015047,MESH:D016638,MESH:D018352
32511859	MESH:C000657245,MESH:D001714,MESH:D011024,MESH:D018352
33720028	MESH:C000657245,MESH:C536430,MESH:D000014,MESH:D000275,MESH:D001249,MESH:D001523,MESH:D002908,MESH:D003643,MESH:D005221,MESH:D006331,MESH:D007859,MESH:D009369,MESH:D012559,MESH:D012893,MESH:D015518,MESH:D016135,MESH:D020521
34101494	MESH:C000657245,MESH:D000438,MESH:D001007,MESH:D002047,MESH:D003042,MESH:D003141,MESH:D003643,MESH:D006323,MESH:D006526,MESH:D007153,MESH:D007239,MESH:D008691,MESH:D009270,MESH:D015658,MESH:D019966,MESH:D062787
32480420	MESH:C000657245,MESH:D000075363,MESH:D000686,MESH:D000998,MESH:D004194,MESH:D006331,MESH:D007155,MESH:D007239,MESH:D009404,MESH:D009422,MESH:D011024,MESH:D012141,MESH:D012817,MESH:D018352,MESH:D064420
34962356	MESH:C000657245,MESH:D002241,MESH:D002245,MESH:D003967,MESH:D005767,MESH:D007239,MESH:D007249,MESH:D008055,MESH:D009325,MESH:D011014,MESH:D012817,MESH:D012818,MESH:D014839,MESH:D047090
34976910	MESH:D000072716,MESH:D000275,MESH:D001943,MESH:D002543,MESH:D003428,MESH:D003643,MESH:D003920,MESH:D004067,MESH:D004827,MESH:D005597,MESH:D006620,MESH:D007022,MESH:D008180,MESH:D009369,MESH:D010190,MESH:D012772,MESH:D013274,MESH:D014947,MESH:D015179,MESH:D016638,MESH:D018805,MESH:D020521,MESH:D029424
35246082	MESH:C000657245,MESH:C535882,MESH:D001172,MESH:D003920,MESH:D007239,MESH:D013667
35316929	MESH:C000613593,MESH:C000657245,MESH:C056507,MESH:C520704,MESH:C536678,MESH:C580335,MESH:C582435,MESH:D000860,MESH:D002244,MESH:D002289,MESH:D003643,MESH:D005355,MESH:D006333,MESH:D007022,MESH:D008171,MESH:D008175,MESH:D008569,MESH:D009336,MESH:D009362,MESH:D009369,MESH:D009378,MESH:D010524,MESH:D010984,MESH:D011014,MESH:D013899,MESH:D016543,MESH:D019788,MESH:D055752,MESH:D064420
32624392	MESH:C000657245,MESH:C536920,MESH:D002245,MESH:D002303,MESH:D003371,MESH:D008171,MESH:D008628,MESH:D010100,MESH:D011024,MESH:D011030,MESH:D012120,MESH:D012828,MESH:D018352,MESH:D045169,MESH:D054549
33659612	MESH:C000657245,MESH:D020512
34117772	MESH:C000657245
34280038	MESH:C000657245,MESH:C537866,MESH:D000163,MESH:D001102,MESH:D003141,MESH:D003643,MESH:D006470,MESH:D006509,MESH:D007239,MESH:D007970,MESH:D008231,MESH:D009102,MESH:D011014,MESH:D012131,MESH:D012772,MESH:D013921,MESH:D015658,MESH:D016638,MESH:D018352
35482656	MESH:C000657245,MESH:C562385,MESH:D001007,MESH:D002318,MESH:D003141,MESH:D006323,MESH:D015658
32602111	MESH:C000657245,MESH:D018424
32621859	MESH:C000657245,MESH:D000275,MESH:D001007,MESH:D001102,MESH:D002318,MESH:D003141,MESH:D003643,MESH:D004417,MESH:D006527,MESH:D006816,MESH:D007239,MESH:D007674,MESH:D007752,MESH:D009207,MESH:D011251,MESH:D012131,MESH:D012140,MESH:D014839,MESH:D018352,MESH:D034721
34000814	MESH:C000657245,MESH:D002318,MESH:D002561,MESH:D003643,MESH:D006331
34755180	MESH:C000657245,MESH:D000658,MESH:D000900,MESH:D001424,MESH:D004318,MESH:D007239,MESH:D010608,MESH:D012141,MESH:D012818,MESH:D014549,MESH:D014552,MESH:D015363,MESH:D017963,MESH:D018942,MESH:D019980,MESH:D060085
34178343	MESH:C000657245,MESH:C535742,MESH:D000163,MESH:D000438,MESH:D000855,MESH:D001007,MESH:D001102,MESH:D002908,MESH:D003141,MESH:D003371,MESH:D003643,MESH:D004417,MESH:D005221,MESH:D005334,MESH:D007239,MESH:D011014,MESH:D012640,MESH:D013226,MESH:D014867,MESH:D016638,MESH:D018352,MESH:D063806
34413324	MESH:C000657245,MESH:D000275,MESH:D000740,MESH:D000857,MESH:D001007,MESH:D001172,MESH:D001249,MESH:D001281,MESH:D001424,MESH:D002318,MESH:D003141,MESH:D003324,MESH:D003371,MESH:D003556,MESH:D003643,MESH:D003693,MESH:D003920,MESH:D003924,MESH:D004417,MESH:D005221,MESH:D005334,MESH:D005759,MESH:D006816,MESH:D006973,MESH:D007022,MESH:D007239,MESH:D007674,MESH:D007859,MESH:D008171,MESH:D009103,MESH:D009325,MESH:D009369,MESH:D009765,MESH:D009800,MESH:D010003,MESH:D010100,MESH:D010146,MESH:D010300,MESH:D011014,MESH:D012131,MESH:D012598,MESH:D013274,MESH:D013575,MESH:D014552,MESH:D014839,MESH:D016920,MESH:D018980,MESH:D020521,MESH:D029424,MESH:D043183,MESH:D045169,MESH:D058186,MESH:D063806
34910338	MESH:C000657245,MESH:D007239,MESH:D059390
34870100	MESH:C000657245,MESH:C538347,MESH:D000740,MESH:D001102,MESH:D002318,MESH:D003141,MESH:D003324,MESH:D003404,MESH:D003643,MESH:D003920,MESH:D004417,MESH:D005334,MESH:D005759,MESH:D006331,MESH:D006509,MESH:D006886,MESH:D006949,MESH:D006973,MESH:D007239,MESH:D007674,MESH:D007676,MESH:D008171,MESH:D008231,MESH:D008659,MESH:D009203,MESH:D009369,MESH:D010608,MESH:D011014,MESH:D012120,MESH:D012140,MESH:D013923,MESH:D013927,MESH:D017984,MESH:D053139,MESH:D054556
34786319	MESH:C000657245,MESH:C538320,MESH:C567300,MESH:D001007,MESH:D001289,MESH:D003141,MESH:D003643,MESH:D007022,MESH:D007239,MESH:D010146,MESH:D016638
32407564	MESH:C000657245,MESH:D000370,MESH:D004244,MESH:D005076,MESH:D006633,MESH:D014581,MESH:D023341
34976906	MESH:C000657245,MESH:C535653,MESH:D003141,MESH:D003643,MESH:D005862,MESH:D010100,MESH:D014202,MESH:D014867,MESH:D018352,MESH:D058066
32275855	MESH:C000601996,MESH:C000611729,MESH:C000627899,MESH:C000657245,MESH:C003043,MESH:C003121,MESH:C003915,MESH:C004550,MESH:C005498,MESH:C006253,MESH:C006780,MESH:C007293,MESH:C008261,MESH:C009006,MESH:C009495,MESH:C009560,MESH:C009689,MESH:C010389,MESH:C010792,MESH:C010974,MESH:C011559,MESH:C012655,MESH:C015001,MESH:C016104,MESH:C016805,MESH:C017947,MESH:C018021,MESH:C022921,MESH:C023036,MESH:C026209,MESH:C031927,MESH:C038541,MESH:C044946,MESH:C046012,MESH:C046782,MESH:C052035,MESH:C058504,MESH:C065166,MESH:C072553,MESH:C073402,MESH:C074283,MESH:C074702,MESH:C076994,MESH:C077793,MESH:C081643,MESH:C082893,MESH:C084079,MESH:C089796,MESH:C092006,MESH:C092451,MESH:C093642,MESH:C093844,MESH:C093973,MESH:C101816,MESH:C107946,MESH:C111118,MESH:C118790,MESH:C121345,MESH:C412815,MESH:C432165,MESH:C437965,MESH:C459179,MESH:C471071,MESH:C482199,MESH:C486469,MESH:C506331,MESH:C511295,MESH:C516138,MESH:C549068,MESH:C549543,MESH:C556151,MESH:C583223,MESH:D000067390,MESH:D000068557,MESH:D000068579,MESH:D000068756,MESH:D000069059,MESH:D000069583,MESH:D000073893,MESH:D000077154,MESH:D000077205,MESH:D000077210,MESH:D000077333,MESH:D000077405,MESH:D000082,MESH:D000086382,MESH:D000431,MESH:D000433,MESH:D000517,MESH:D000588,MESH:D000639,MESH:D000661,MESH:D000667,MESH:D000803,MESH:D000804,MESH:D000806,MESH:D000939,MESH:D001073,MESH:D001102,MESH:D001205,MESH:D001280,MESH:D001335,MESH:D001379,MESH:D001553,MESH:D001564,MESH:D001623,MESH:D001761,MESH:D002110,MESH:D002216,MESH:D002251,MESH:D002443,MESH:D002701,MESH:D002715,MESH:D002738,MESH:D002746,MESH:D002747,MESH:D002945,MESH:D003078,MESH:D003474,MESH:D003520,MESH:D003545,MESH:D003613,MESH:D003620,MESH:D003633,MESH:D003643,MESH:D003907,MESH:D003975,MESH:D004008,MESH:D004041,MESH:D004133,MESH:D004147,MESH:D004206,MESH:D004220,MESH:D004221,MESH:D004316,MESH:D004317,MESH:D004417,MESH:D004726,MESH:D004958,MESH:D004970,MESH:D004977,MESH:D004997,MESH:D005000,MESH:D005047,MESH:D005334,MESH:D005472,MESH:D005485,MESH:D005839,MESH:D005905,MESH:D005947,MESH:D005990,MESH:D005998,MESH:D006118,MESH:D006531,MESH:D006851,MESH:D006861,MESH:D006919,MESH:D007099,MESH:D007239,MESH:D007444,MESH:D007538,MESH:D007545,MESH:D007654,MESH:D007703,MESH:D007741,MESH:D007854,MESH:D008070,MESH:D008130,MESH:D008550,MESH:D008670,MESH:D008687,MESH:D008713,MESH:D008726,MESH:D008795,MESH:D009288,MESH:D009355,MESH:D009532,MESH:D009584,MESH:D009821,MESH:D009853,MESH:D009966,MESH:D010100,MESH:D010208,MESH:D010269,MESH:D010396,MESH:D010575,MESH:D010634,MESH:D010662,MESH:D010672,MESH:D010936,MESH:D011014,MESH:D011125,MESH:D011134,MESH:D011136,MESH:D011441,MESH:D011794,MESH:D011802,MESH:D012140,MESH:D012293,MESH:D012460,MESH:D012640,MESH:D012694,MESH:D012822,MESH:D012834,MESH:D012965,MESH:D013148,MESH:D013311,MESH:D013467,MESH:D013739,MESH:D013752,MESH:D013806,MESH:D013853,MESH:D013948,MESH:D014028,MESH:D014260,MESH:D014494,MESH:D014635,MESH:D014640,MESH:D014801,MESH:D014867,MESH:D014874,MESH:D015025,MESH:D015047,MESH:D015124,MESH:D015244,MESH:D015248,MESH:D016559,MESH:D016572,MESH:D016604,MESH:D016686,MESH:D016912,MESH:D017035,MESH:D017316,MESH:D017336,MESH:D017673,MESH:D017706,MESH:D018352,MESH:D019256,MESH:D019327,MESH:D019808,MESH:D019813,MESH:D019821,MESH:D020123,MESH:D020909,MESH:D020913,MESH:D029424,MESH:D037742,MESH:D045169,MESH:D052244,MESH:D052638,MESH:D053260,MESH:D056486
34350637	MESH:C000657245,MESH:D007239
32693101	MESH:C000657245,MESH:C535882,MESH:D000081029,MESH:D000860,MESH:D002248,MESH:D002311,MESH:D002637,MESH:D002908,MESH:D003550,MESH:D003643,MESH:D005355,MESH:D006333,MESH:D006935,MESH:D006973,MESH:D006976,MESH:D007239,MESH:D007674,MESH:D007676,MESH:D008171,MESH:D010100,MESH:D011464,MESH:D011658,MESH:D012140,MESH:D012595,MESH:D016638,MESH:D017563,MESH:D018754,MESH:D020521,MESH:D029424,MESH:D052556,MESH:D054990
32395098	MESH:C000657245,MESH:C003043,MESH:C006903,MESH:C007293,MESH:C007740,MESH:C012714,MESH:C027043,MESH:C041524,MESH:C070243,MESH:C557675,MESH:C563627,MESH:D000402,MESH:D000431,MESH:D000535,MESH:D000536,MESH:D000537,MESH:D001102,MESH:D001523,MESH:D002104,MESH:D002245,MESH:D002697,MESH:D003141,MESH:D003643,MESH:D004342,MESH:D004801,MESH:D005483,MESH:D005557,MESH:D006416,MESH:D006820,MESH:D006859,MESH:D007239,MESH:D007249,MESH:D007854,MESH:D008050,MESH:D008055,MESH:D008171,MESH:D008288,MESH:D008358,MESH:D010232,MESH:D010406,MESH:D010743,MESH:D011014,MESH:D011655,MESH:D012131,MESH:D012141,MESH:D012965,MESH:D013307,MESH:D014050,MESH:D014376,MESH:D014867,MESH:D015431,MESH:D016650,MESH:D017180,MESH:D018352,MESH:D052016,MESH:D064420
34624245	MESH:C000657245,MESH:D003141,MESH:D014867
34648525	MESH:C000657245,MESH:D001249,MESH:D002318,MESH:D003141,MESH:D003643,MESH:D003920,MESH:D006331,MESH:D006973,MESH:D007239,MESH:D009369,MESH:D009765,MESH:D011014,MESH:D012640,MESH:D016638,MESH:D018352,MESH:D020521,MESH:D029424
34678266	MESH:C000657245,MESH:D000079225,MESH:D003141,MESH:D003643,MESH:D005221,MESH:D007239,MESH:D012131,MESH:D018352
32820721	MESH:C000657245,MESH:C536962,MESH:D000857,MESH:D003141,MESH:D003371,MESH:D003643,MESH:D003693,MESH:D003967,MESH:D004417,MESH:D005221,MESH:D005334,MESH:D007239,MESH:D009325,MESH:D010608,MESH:D011014,MESH:D011024,MESH:D012128,MESH:D012140,MESH:D014839,MESH:D016638,MESH:D018352,MESH:D058345,MESH:D063806
32911311	MESH:C000657245,MESH:C537254,MESH:D000079225,MESH:D000857,MESH:D000860,MESH:D001102,MESH:D001259,MESH:D001778,MESH:D001925,MESH:D001927,MESH:D001929,MESH:D002543,MESH:D002544,MESH:D002561,MESH:D003244,MESH:D003371,MESH:D003643,MESH:D003711,MESH:D003763,MESH:D004211,MESH:D004244,MESH:D004417,MESH:D004487,MESH:D004617,MESH:D004618,MESH:D004660,MESH:D004677,MESH:D005221,MESH:D005334,MESH:D006261,MESH:D006470,MESH:D006493,MESH:D006973,MESH:D007238,MESH:D007239,MESH:D007249,MESH:D007501,MESH:D007511,MESH:D009020,MESH:D009102,MESH:D009422,MESH:D009461,MESH:D010100,MESH:D011024,MESH:D011595,MESH:D012128,MESH:D012131,MESH:D012640,MESH:D013923,MESH:D013927,MESH:D016638,MESH:D018352,MESH:D019851,MESH:D019965,MESH:D020246,MESH:D020258,MESH:D020271,MESH:D020521,MESH:D029424,MESH:D054556,MESH:D056784
33735836	MESH:C000657245,MESH:D000077559,MESH:D000163,MESH:D001102,MESH:D003643,MESH:D003920,MESH:D004342,MESH:D006331,MESH:D006526,MESH:D007239,MESH:D008751,MESH:D008775,MESH:D009102,MESH:D009369,MESH:D012141,MESH:D013746,MESH:D014376,MESH:D014766,MESH:D015658,MESH:D016638,MESH:D017098,MESH:D018352,MESH:D045169,MESH:D056486
35380101	MESH:C000657245,MESH:D000577,MESH:D003141,MESH:D006859,MESH:D007239,MESH:D007532,MESH:D007930,MESH:D010649,MESH:D014633
34622966	MESH:C000657245,MESH:D000857,MESH:D001247,MESH:D001259,MESH:D001927,MESH:D002100,MESH:D002544,MESH:D003244,MESH:D003251,MESH:D003680,MESH:D003693,MESH:D003704,MESH:D003920,MESH:D004401,MESH:D004684,MESH:D005184,MESH:D006099,MESH:D006258,MESH:D006685,MESH:D006973,MESH:D007239,MESH:D007818,MESH:D009133,MESH:D009369,MESH:D009422,MESH:D009765,MESH:D010523,MESH:D011015,MESH:D012128,MESH:D012140,MESH:D012141,MESH:D012640,MESH:D014826,MESH:D014832,MESH:D016638,MESH:D020271,MESH:D020521,MESH:D029424,MESH:D051271,MESH:D055154,MESH:D055371,MESH:D055948
32495830	MESH:C000657245,MESH:D000275,MESH:D001007,MESH:D003141,MESH:D007239,MESH:D007645,MESH:D011024,MESH:D014947,MESH:D018352
33503002	MESH:C000657245,MESH:D006058,MESH:D007680,MESH:D009360,MESH:D009369,MESH:D012030,MESH:D018980
34431693	MESH:C000657245,MESH:C088321,MESH:D000163,MESH:D001102,MESH:D003141,MESH:D003643,MESH:D005221,MESH:D005334,MESH:D006261,MESH:D006526,MESH:D007239,MESH:D007319,MESH:D012685,MESH:D013923,MESH:D014766,MESH:D015658,MESH:D018352,MESH:D019698,MESH:D063806
34252379	MESH:C000657245,MESH:C502936,MESH:D003643,MESH:D003907,MESH:D006886,MESH:D010100,MESH:D012140,MESH:D017963,MESH:D018942
35262049	MESH:C000657245,MESH:C029943,MESH:C564553,MESH:D003428,MESH:D003920,MESH:D004172,MESH:D004487,MESH:D005158,MESH:D006261,MESH:D006987,MESH:D007239,MESH:D010146,MESH:D012640,MESH:D014098,MESH:D016638
35032051	MESH:C000657245
32681166	MESH:C000657245,MESH:D001929,MESH:D003643,MESH:D006371,MESH:D011024,MESH:D014280,MESH:D018352,MESH:D051359
32646505	MESH:C000657245,MESH:C536678,MESH:D000081029,MESH:D001523,MESH:D003371,MESH:D003643,MESH:D003920,MESH:D004417,MESH:D005221,MESH:D005334,MESH:D006331,MESH:D007239,MESH:D007249,MESH:D008171,MESH:D008175,MESH:D008223,MESH:D008545,MESH:D009369,MESH:D011014,MESH:D011024,MESH:D011471,MESH:D012128,MESH:D012509,MESH:D016638,MESH:D017564,MESH:D018352,MESH:D060085
32682490	MESH:C000657245,MESH:D003141,MESH:D011024,MESH:D018352
33844359	MESH:C000657245
32292259	MESH:C000657245,MESH:D000855,MESH:D001007,MESH:D001068,MESH:D003141,MESH:D003248,MESH:D003371,MESH:D003643,MESH:D003967,MESH:D004417,MESH:D004428,MESH:D005221,MESH:D005222,MESH:D005334,MESH:D007153,MESH:D007239,MESH:D007319,MESH:D008175,MESH:D008670,MESH:D009325,MESH:D010608,MESH:D011014,MESH:D013272,MESH:D014839,MESH:D014867,MESH:D014987,MESH:D018908
33660134	MESH:C000595216,MESH:C000657245,MESH:C016679,MESH:D003141,MESH:D004229,MESH:D006531,MESH:D007239,MESH:D007562,MESH:D008165,MESH:D009207,MESH:D011014,MESH:D011136,MESH:D012141,MESH:D012834,MESH:D012872,MESH:D012965,MESH:D012967,MESH:D013395,MESH:D014867,MESH:D014923,MESH:D018352
34274539	MESH:C000657245,MESH:C487763,MESH:C536207,MESH:C567780,MESH:D000069285,MESH:D000690,MESH:D001102,MESH:D001120,MESH:D001172,MESH:D001327,MESH:D005355,MESH:D007239,MESH:D007249,MESH:D007592,MESH:D008103,MESH:D008180,MESH:D009140,MESH:D009538,MESH:D012213,MESH:D012216,MESH:D017563,MESH:D045169,MESH:D052919,MESH:D056660
35002970	MESH:C000606551,MESH:C000657245,MESH:C502936,MESH:C558899,MESH:D000068900,MESH:D000069476,MESH:D001172,MESH:D002318,MESH:D002908,MESH:D003141,MESH:D003643,MESH:D003907,MESH:D003920,MESH:D003924,MESH:D004342,MESH:D005947,MESH:D006333,MESH:D007003,MESH:D007239,MESH:D008107,MESH:D008171,MESH:D009461,MESH:D010100,MESH:D011014,MESH:D011134,MESH:D018352,MESH:D048909,MESH:D054873
34675256	MESH:C000657245,MESH:D013746
32534631	MESH:C000657245,MESH:D003141,MESH:D007239,MESH:D011024,MESH:D011051,MESH:D018352
33253073	MESH:D005221,MESH:D007239
34308825	MESH:C000657245
33491147	MESH:C000657245,MESH:D003643,MESH:D005862,MESH:D006816,MESH:D007039,MESH:D010100,MESH:D010996,MESH:D011014,MESH:D011655,MESH:D012120,MESH:D012128,MESH:D012131,MESH:D012818,MESH:D013927,MESH:D016638,MESH:D018352,MESH:D018980,MESH:D020246,MESH:D045169
33560863	MESH:C000606551,MESH:C000657245,MESH:D000249,MESH:D000998,MESH:D003643,MESH:D011024
34772117	MESH:C000657245,MESH:C033616,MESH:C066907,MESH:C565165,MESH:D000079225,MESH:D000544,MESH:D002104,MESH:D002133,MESH:D002244,MESH:D002245,MESH:D006018,MESH:D006938,MESH:D007239,MESH:D010100,MESH:D011093,MESH:D012834,MESH:D014867,MESH:D054813
34873885	MESH:C000657245,MESH:D000079225,MESH:D000275,MESH:D001007,MESH:D001008,MESH:D001523,MESH:D003141,MESH:D005334,MESH:D007239,MESH:D007319,MESH:D011014,MESH:D012120,MESH:D012128,MESH:D012818,MESH:D012893,MESH:D013313,MESH:D014947,MESH:D015835,MESH:D018352,MESH:D040701,MESH:D045169
33006551	MESH:C000657245,MESH:D002241,MESH:D003920,MESH:D003922,MESH:D005947,MESH:D006943,MESH:D007003,MESH:D007022
34857753	MESH:C000606551,MESH:C000657245,MESH:C010737,MESH:C017482,MESH:C030985,MESH:C462182,MESH:D000225,MESH:D000255,MESH:D002388,MESH:D003562,MESH:D006147,MESH:D006160,MESH:D006859,MESH:D006898,MESH:D009705,MESH:D009841,MESH:D011687,MESH:D014498
33190222	MESH:C000657245,MESH:D000419,MESH:D003128,MESH:D003324,MESH:D003404,MESH:D003643,MESH:D003920,MESH:D005334,MESH:D006333,MESH:D006955,MESH:D006973,MESH:D007022,MESH:D007239,MESH:D007511,MESH:D007674,MESH:D007676,MESH:D008171,MESH:D009369,MESH:D009846,MESH:D011014,MESH:D012128,MESH:D012964,MESH:D014508,MESH:D014867,MESH:D015415,MESH:D016638,MESH:D018805,MESH:D020896,MESH:D051436,MESH:D051437,MESH:D058186
34077572	MESH:C000657245,MESH:D011696,MESH:D016553
35383994	MESH:C000657245,MESH:D007239
33563638	MESH:C000657245,MESH:D000067390,MESH:D000370,MESH:D000857,MESH:D001102,MESH:D003371,MESH:D003643,MESH:D003967,MESH:D004408,MESH:D004417,MESH:D005221,MESH:D005334,MESH:D006261,MESH:D007239,MESH:D008231,MESH:D010608,MESH:D012140,MESH:D012640,MESH:D012817,MESH:D012818,MESH:D018352,MESH:D063806
33382861	MESH:C000657245,MESH:D002032,MESH:D007053,MESH:D007239,MESH:D009223,MESH:D012140,MESH:D014867,MESH:D017931,MESH:D019791
33941488	MESH:C000657245,MESH:D000326,MESH:D000438,MESH:D000707,MESH:D001102,MESH:D001327,MESH:D001778,MESH:D003141,MESH:D003643,MESH:D003920,MESH:D004342,MESH:D005234,MESH:D005334,MESH:D005355,MESH:D006331,MESH:D006509,MESH:D006526,MESH:D006528,MESH:D007153,MESH:D007166,MESH:D007239,MESH:D007249,MESH:D007674,MESH:D008103,MESH:D008107,MESH:D008108,MESH:D008171,MESH:D008589,MESH:D009102,MESH:D009181,MESH:D009187,MESH:D009369,MESH:D009765,MESH:D009767,MESH:D010146,MESH:D011008,MESH:D013921,MESH:D013923,MESH:D014581,MESH:D015658,MESH:D017093,MESH:D019693,MESH:D056486,MESH:D058625,MESH:D059446
35480831	MESH:C000657245,MESH:C537501,MESH:C552043,MESH:D003643,MESH:D007239,MESH:D014867,MESH:D018352,MESH:D045169
32840829	MESH:C000657245,MESH:D000438,MESH:D003141,MESH:D003643,MESH:D003920,MESH:D006973,MESH:D007239,MESH:D009800,MESH:D014867,MESH:D015658,MESH:D018352
33481879	MESH:C000657245,MESH:D000079225,MESH:D000275,MESH:D000544,MESH:D001007,MESH:D001008,MESH:D001523,MESH:D002908,MESH:D003072,MESH:D003643,MESH:D003866,MESH:D004298,MESH:D004421,MESH:D006212,MESH:D007239,MESH:D007319,MESH:D007980,MESH:D009127,MESH:D010300,MESH:D010302,MESH:D012893,MESH:D014202,MESH:D018352,MESH:D018476,MESH:D019636,MESH:D020187,MESH:D051271
34177926	MESH:C000604007,MESH:C000657245,MESH:C048042,MESH:C564794,MESH:D001102,MESH:D002245,MESH:D003141,MESH:D003371,MESH:D003967,MESH:D004417,MESH:D005221,MESH:D005334,MESH:D005839,MESH:D006261,MESH:D006531,MESH:D006851,MESH:D007239,MESH:D009084,MESH:D009325,MESH:D010608,MESH:D011136,MESH:D011535,MESH:D012140,MESH:D012141,MESH:D012220,MESH:D012818,MESH:D014839,MESH:D015047,MESH:D015746,MESH:D018450,MESH:D058070,MESH:D063806
34427682	MESH:C000657245,MESH:D000019,MESH:D003643,MESH:D011453,MESH:D015735,MESH:D016595
33114356	MESH:C000657245,MESH:C538445,MESH:D000014,MESH:D000079225,MESH:D000163,MESH:D001102,MESH:D001835,MESH:D002318,MESH:D003141,MESH:D006025,MESH:D006528,MESH:D007239,MESH:D008055,MESH:D009362,MESH:D009369,MESH:D009841,MESH:D011014,MESH:D011061,MESH:D011471,MESH:D012265,MESH:D012514,MESH:D014212,MESH:D015658,MESH:D016751,MESH:D018177,MESH:D018352,MESH:D020031,MESH:D020271,MESH:D020943,MESH:D056486
35216301	MESH:C000657245,MESH:C003043,MESH:C009288,MESH:C016679,MESH:C025364,MESH:C025614,MESH:C035455,MESH:C038597,MESH:C047264,MESH:C054122,MESH:C086724,MESH:D000536,MESH:D001102,MESH:D001894,MESH:D002244,MESH:D002245,MESH:D002254,MESH:D003141,MESH:D003300,MESH:D003911,MESH:D005839,MESH:D005840,MESH:D005973,MESH:D006851,MESH:D007239,MESH:D008055,MESH:D008171,MESH:D008670,MESH:D009369,MESH:D009580,MESH:D009757,MESH:D010406,MESH:D010455,MESH:D010772,MESH:D011108,MESH:D011125,MESH:D011136,MESH:D011535,MESH:D011691,MESH:D012282,MESH:D012685,MESH:D012967,MESH:D013095,MESH:D013307,MESH:D014508,MESH:D015658,MESH:D016650,MESH:D019444,MESH:D019810,MESH:D020126,MESH:D064420
32007643	MESH:C000657245,MESH:D001102,MESH:D003643,MESH:D007239,MESH:D011014,MESH:D011024,MESH:D012120,MESH:D012140,MESH:D018352,MESH:D045169
34412446	MESH:C000657245,MESH:D003141,MESH:D003643,MESH:D007239,MESH:D018352,MESH:D062027
34387911	MESH:C000657245,MESH:D001416,MESH:D002637,MESH:D002908,MESH:D003371,MESH:D004417,MESH:D005221,MESH:D007239,MESH:D010146,MESH:D013651,MESH:D063806
34817746	MESH:C000657245,MESH:C024989,MESH:C538445,MESH:D000079225,MESH:D001205,MESH:D001710,MESH:D001745,MESH:D001859,MESH:D001943,MESH:D002118,MESH:D003248,MESH:D003643,MESH:D005492,MESH:D005944,MESH:D006331,MESH:D007319,MESH:D008274,MESH:D008550,MESH:D009364,MESH:D009369,MESH:D010024,MESH:D012643,MESH:D013313,MESH:D013629,MESH:D014805,MESH:D014807,MESH:D014810,MESH:D014812,MESH:D020521
34817406	MESH:C000657245,MESH:D007239
35519622	MESH:C000615234,MESH:C000657245,MESH:C016679,MESH:C021016,MESH:C024865,MESH:C026272,MESH:C026728,MESH:C029943,MESH:C060580,MESH:C060859,MESH:C535338,MESH:C536836,MESH:C587045,MESH:D000096,MESH:D000255,MESH:D001102,MESH:D002118,MESH:D003141,MESH:D003401,MESH:D003570,MESH:D003643,MESH:D004220,MESH:D004229,MESH:D006160,MESH:D006531,MESH:D007239,MESH:D007930,MESH:D008051,MESH:D008055,MESH:D008274,MESH:D010725,MESH:D010743,MESH:D011068,MESH:D011136,MESH:D011188,MESH:D012128,MESH:D012685,MESH:D012964,MESH:D012965,MESH:D012967,MESH:D013095,MESH:D013725,MESH:D014238,MESH:D014544,MESH:D014735,MESH:D015047,MESH:D018352,MESH:D019346,MESH:D019810,MESH:D056486
34267316	MESH:C000657245,MESH:C536767,MESH:D000255,MESH:D002712,MESH:D004961,MESH:D008055
34881119	MESH:C000657245,MESH:D000275,MESH:D001102,MESH:D001172,MESH:D001327,MESH:D002318,MESH:D002637,MESH:D003078,MESH:D003316,MESH:D003324,MESH:D003404,MESH:D004487,MESH:D005334,MESH:D005947,MESH:D006509,MESH:D006830,MESH:D007052,MESH:D007239,MESH:D007676,MESH:D007938,MESH:D008228,MESH:D009187,MESH:D009202,MESH:D009203,MESH:D009205,MESH:D009369,MESH:D010100,MESH:D010490,MESH:D010493,MESH:D011342,MESH:D013610,MESH:D014508,MESH:D014947,MESH:D015658,MESH:D050031,MESH:D059787
32517888	MESH:C000657245,MESH:D002544,MESH:D004487,MESH:D006312,MESH:D009203,MESH:D011014,MESH:D011024,MESH:D018352,MESH:D020521,MESH:D020767
33872188	MESH:C000657245,MESH:D000014,MESH:D001102,MESH:D002318,MESH:D002561,MESH:D003141,MESH:D003371,MESH:D003643,MESH:D004342,MESH:D005221,MESH:D006261,MESH:D006331,MESH:D006973,MESH:D007239,MESH:D007249,MESH:D008171,MESH:D009205,MESH:D010608,MESH:D012140,MESH:D012640,MESH:D013927,MESH:D015658,MESH:D058186,MESH:D062787
33972631	MESH:C000657245,MESH:C016679,MESH:C025917,MESH:C028033,MESH:C031492,MESH:C032159,MESH:C034193,MESH:D000067404,MESH:D000431,MESH:D000432,MESH:D000645,MESH:D000675,MESH:D001102,MESH:D002245,MESH:D003404,MESH:D003643,MESH:D004417,MESH:D004487,MESH:D004492,MESH:D004801,MESH:D005334,MESH:D005557,MESH:D005840,MESH:D005947,MESH:D006470,MESH:D006851,MESH:D006861,MESH:D007239,MESH:D007249,MESH:D007854,MESH:D008070,MESH:D008569,MESH:D009102,MESH:D010146,MESH:D010636,MESH:D011014,MESH:D011136,MESH:D011137,MESH:D011188,MESH:D012128,MESH:D012140,MESH:D012141,MESH:D012685,MESH:D012772,MESH:D012835,MESH:D012965,MESH:D012967,MESH:D014508,MESH:D014867,MESH:D014923,MESH:D016638,MESH:D018352,MESH:D018357,MESH:D019342,MESH:D019800,MESH:D055370,MESH:D064420
34271868	MESH:C000657245,MESH:C536057,MESH:C564120,MESH:D000163,MESH:D002318,MESH:D003141,MESH:D003371,MESH:D003428,MESH:D003643,MESH:D003920,MESH:D003928,MESH:D003967,MESH:D004417,MESH:D005221,MESH:D005334,MESH:D006261,MESH:D006331,MESH:D006505,MESH:D006943,MESH:D007153,MESH:D007239,MESH:D007674,MESH:D008171,MESH:D009102,MESH:D009369,MESH:D011014,MESH:D011596,MESH:D012140,MESH:D012141,MESH:D012640,MESH:D014839,MESH:D015658,MESH:D016638,MESH:D018352,MESH:D045169,MESH:D051436,MESH:D063806
35313091	MESH:C000657245,MESH:D003643,MESH:D007859,MESH:D008171,MESH:D012216,MESH:D017563,MESH:D055370
32495819	MESH:C000657245,MESH:D011024,MESH:D018352
33255220	MESH:C000657245,MESH:C538614,MESH:D000275,MESH:D001249,MESH:D001943,MESH:D002318,MESH:D002945,MESH:D003520,MESH:D003643,MESH:D003920,MESH:D004067,MESH:D004317,MESH:D004832,MESH:D006331,MESH:D006973,MESH:D007239,MESH:D007674,MESH:D007938,MESH:D008171,MESH:D008223,MESH:D008310,MESH:D009369,MESH:D011471,MESH:D012128,MESH:D012131,MESH:D012509,MESH:D015470,MESH:D017563,MESH:D018352,MESH:D019337,MESH:D019636,MESH:D020271,MESH:D029424,MESH:D055370,MESH:D064420
35199310	MESH:C000657245,MESH:D001007,MESH:D001289
34729818	MESH:C000657245,MESH:D000079225,MESH:D003643,MESH:D007239,MESH:D019964,MESH:D040921
34389829	MESH:C000657245
34886558	MESH:C000657245,MESH:D001007,MESH:D010146
34542438	MESH:C000657245,MESH:D000079225,MESH:D000275,MESH:D001007,MESH:D001523,MESH:D002908,MESH:D003141,MESH:D007239,MESH:D045169
34991778	MESH:C000657245,MESH:D001281,MESH:D003141,MESH:D007239
33637290	MESH:C000657245,MESH:D000079225,MESH:D001007,MESH:D007239,MESH:D007319
34107137	MESH:C000657245,MESH:D007249,MESH:D008775
34703462	MESH:C000657245,MESH:D002241,MESH:D003643,MESH:D007239,MESH:D009765,MESH:D049310
33650676	MESH:C000657245
33912196	MESH:C000657245,MESH:C041524,MESH:C459721,MESH:D001102,MESH:D003141,MESH:D003643,MESH:D004342,MESH:D005334,MESH:D006509,MESH:D007239,MESH:D008055,MESH:D009369,MESH:D011392,MESH:D012141,MESH:D018352
34841422	MESH:C000657245,MESH:D003371,MESH:D004417,MESH:D005334,MESH:D007239,MESH:D010100,MESH:D011014,MESH:D011020
34716614	MESH:C000657245,MESH:D007239
33922354	MESH:C000657245,MESH:D002244,MESH:D003643,MESH:D007239,MESH:D011014,MESH:D018352
34073591	MESH:C000657245,MESH:C536439,MESH:C565008,MESH:D000080902,MESH:D000109,MESH:D000450,MESH:D001102,MESH:D001281,MESH:D002318,MESH:D003371,MESH:D003643,MESH:D003704,MESH:D003924,MESH:D004417,MESH:D004801,MESH:D005334,MESH:D006333,MESH:D006416,MESH:D006965,MESH:D006973,MESH:D007239,MESH:D007249,MESH:D008171,MESH:D008175,MESH:D008679,MESH:D009369,MESH:D009538,MESH:D009841,MESH:D011014,MESH:D012128,MESH:D012131,MESH:D012141,MESH:D013927,MESH:D014657,MESH:D016638,MESH:D018352,MESH:D019966,MESH:D020144,MESH:D029424,MESH:D045169,MESH:D055370,MESH:D055371,MESH:D057049,MESH:D057772
32425288	MESH:D003924,MESH:D006973
32385648	MESH:C000657245,MESH:D001424,MESH:D002318,MESH:D002908,MESH:D003371,MESH:D003643,MESH:D003920,MESH:D004417,MESH:D005221,MESH:D005334,MESH:D006973,MESH:D007239,MESH:D007674,MESH:D008171,MESH:D009102,MESH:D009202,MESH:D009584,MESH:D011014,MESH:D011024,MESH:D011654,MESH:D012128,MESH:D012131,MESH:D012141,MESH:D012769,MESH:D012818,MESH:D014508,MESH:D018352,MESH:D018450
32745596	MESH:C000606551,MESH:C000657245,MESH:C490727,MESH:C558899,MESH:D000072742,MESH:D000900,MESH:D001102,MESH:D001228,MESH:D001424,MESH:D002437,MESH:D002443,MESH:D003371,MESH:D003428,MESH:D003643,MESH:D003920,MESH:D004417,MESH:D006331,MESH:D006973,MESH:D007239,MESH:D007710,MESH:D008171,MESH:D008712,MESH:D009181,MESH:D009369,MESH:D010608,MESH:D011014,MESH:D011552,MESH:D012128,MESH:D012141,MESH:D012818,MESH:D014552,MESH:D014777,MESH:D015163,MESH:D016638,MESH:D017714,MESH:D018088,MESH:D018352,MESH:D018805,MESH:D020803,MESH:D051436,MESH:D055370,MESH:D055744,MESH:D059413,MESH:D060085,MESH:D064704
34939428	MESH:C000657245,MESH:C538614,MESH:D003643,MESH:D003680,MESH:D004067,MESH:D006620,MESH:D007239,MESH:D008171,MESH:D009104,MESH:D009369,MESH:D009422,MESH:D009461,MESH:D010019,MESH:D010148,MESH:D011014,MESH:D011128,MESH:D011843,MESH:D012131,MESH:D012600,MESH:D012834,MESH:D013120,MESH:D013122,MESH:D014947
33627160	MESH:C000657245,MESH:D000860,MESH:D002318,MESH:D003404,MESH:D003643,MESH:D003920,MESH:D004487,MESH:D005355,MESH:D005776,MESH:D006965,MESH:D006973,MESH:D007022,MESH:D007239,MESH:D007676,MESH:D008171,MESH:D009336,MESH:D011014,MESH:D011024,MESH:D012128,MESH:D012131,MESH:D016638,MESH:D016751,MESH:D018805,MESH:D019851,MESH:D054537,MESH:D055370,MESH:D055371,MESH:D060085
35013628	MESH:C000657245,MESH:C537423,MESH:C537881,MESH:D001248,MESH:D003117,MESH:D005921,MESH:D006323,MESH:D006330,MESH:D007239,MESH:D014786,MESH:D051270,MESH:D059787
35370005	MESH:C000657245,MESH:D006859,MESH:D007239,MESH:D009127,MESH:D012120,MESH:D012640,MESH:D014867,MESH:D018352,MESH:D019636,MESH:D053358
32476155	MESH:C000657245,MESH:D010051,MESH:D011024,MESH:D018352
33930189	MESH:C000657245,MESH:D007249
32395567	MESH:C000657245,MESH:C537254,MESH:C538361,MESH:D000257,MESH:D001102,MESH:D002114,MESH:D002637,MESH:D003141,MESH:D003324,MESH:D003371,MESH:D003428,MESH:D003643,MESH:D003711,MESH:D003967,MESH:D004417,MESH:D004487,MESH:D005221,MESH:D005334,MESH:D005682,MESH:D006261,MESH:D006333,MESH:D006469,MESH:D006470,MESH:D007239,MESH:D007249,MESH:D008171,MESH:D008206,MESH:D009205,MESH:D010996,MESH:D011014,MESH:D011654,MESH:D011655,MESH:D011657,MESH:D012128,MESH:D012131,MESH:D012140,MESH:D012141,MESH:D014867,MESH:D015047,MESH:D015352,MESH:D016638,MESH:D018352,MESH:D018754,MESH:D019788,MESH:D020243,MESH:D045169,MESH:D055370,MESH:D060825,MESH:D063806
33908152	MESH:C000657245,MESH:D000857,MESH:D002371,MESH:D005221,MESH:D007239
32761914	MESH:C000657245,MESH:D000860,MESH:D002493,MESH:D002494,MESH:D014652
34212127	MESH:C000657245,MESH:C535544,MESH:C535742,MESH:C536075,MESH:D000069579,MESH:D001762,MESH:D001766,MESH:D002386,MESH:D003231,MESH:D003607,MESH:D003920,MESH:D005901,MESH:D006009,MESH:D006973,MESH:D008268,MESH:D009877,MESH:D011040,MESH:D012164,MESH:D012170,MESH:D014786,MESH:D014823,MESH:D016638,MESH:D020256,MESH:D057130
34393592	MESH:C000657245,MESH:D058066
32839921	MESH:C000657245,MESH:C536227,MESH:C563261,MESH:C565498,MESH:C567763,MESH:D000070642,MESH:D000860,MESH:D001102,MESH:D001145,MESH:D001228,MESH:D001753,MESH:D001778,MESH:D001835,MESH:D001855,MESH:D001929,MESH:D001930,MESH:D001997,MESH:D002114,MESH:D002241,MESH:D002303,MESH:D002311,MESH:D002318,MESH:D002543,MESH:D002544,MESH:D002545,MESH:D002637,MESH:D003072,MESH:D003141,MESH:D003324,MESH:D003643,MESH:D003920,MESH:D004342,MESH:D004828,MESH:D005355,MESH:D005767,MESH:D006086,MESH:D006311,MESH:D006331,MESH:D006333,MESH:D006470,MESH:D006984,MESH:D007022,MESH:D007238,MESH:D007239,MESH:D007249,MESH:D007511,MESH:D007674,MESH:D008055,MESH:D008070,MESH:D008171,MESH:D008545,MESH:D009101,MESH:D009102,MESH:D009135,MESH:D009140,MESH:D009203,MESH:D009369,MESH:D009422,MESH:D009461,MESH:D009503,MESH:D009569,MESH:D010003,MESH:D010013,MESH:D010146,MESH:D010455,MESH:D010456,MESH:D010996,MESH:D011014,MESH:D011832,MESH:D012120,MESH:D012128,MESH:D012131,MESH:D012162,MESH:D012421,MESH:D012640,MESH:D012771,MESH:D012772,MESH:D012774,MESH:D012868,MESH:D012871,MESH:D013119,MESH:D013256,MESH:D013724,MESH:D013923,MESH:D013936,MESH:D014456,MESH:D014693,MESH:D014947,MESH:D015427,MESH:D016638,MESH:D016920,MESH:D017093,MESH:D017096,MESH:D018487,MESH:D018496,MESH:D018805,MESH:D019043,MESH:D019636,MESH:D020271,MESH:D020521,MESH:D020879,MESH:D034721,MESH:D050723,MESH:D054508,MESH:D055370,MESH:D064420
34845183	MESH:C000606551,MESH:C000657245,MESH:C540383,MESH:C563551,MESH:D001241,MESH:D001778,MESH:D001943,MESH:D003643,MESH:D003920,MESH:D006470,MESH:D006495,MESH:D006949,MESH:D006973,MESH:D008103,MESH:D008175,MESH:D009196,MESH:D009203,MESH:D009369,MESH:D009765,MESH:D011014,MESH:D011655,MESH:D012131,MESH:D013256,MESH:D013274,MESH:D013920,MESH:D013921,MESH:D013922,MESH:D013927,MESH:D015179,MESH:D018805,MESH:D020246,MESH:D051436,MESH:D054556
33542677	MESH:C000657245,MESH:D001102,MESH:D001249,MESH:D001599,MESH:D003643,MESH:D005680,MESH:D007239,MESH:D007559,MESH:D007783,MESH:D009369,MESH:D010243,MESH:D018352,MESH:D019808
35448162	MESH:C000606551,MESH:C000657245,MESH:C502936,MESH:C543332,MESH:C551803,MESH:C579720,MESH:D000069461,MESH:D000077336,MESH:D000077725,MESH:D000077731,MESH:D000740,MESH:D000860,MESH:D001068,MESH:D001374,MESH:D003330,MESH:D003371,MESH:D003643,MESH:D003907,MESH:D003920,MESH:D004417,MESH:D005334,MESH:D006402,MESH:D006816,MESH:D006973,MESH:D007153,MESH:D007239,MESH:D007938,MESH:D007945,MESH:D007964,MESH:D008172,MESH:D008223,MESH:D008231,MESH:D009101,MESH:D009190,MESH:D009203,MESH:D009205,MESH:D009369,MESH:D009765,MESH:D010100,MESH:D010198,MESH:D010243,MESH:D010996,MESH:D011014,MESH:D011015,MESH:D012080,MESH:D012128,MESH:D012818,MESH:D013256,MESH:D013921,MESH:D014527,MESH:D015431,MESH:D015451,MESH:D015470,MESH:D016393,MESH:D018352,MESH:D019337,MESH:D020437,MESH:D020521,MESH:D051436,MESH:D058186,MESH:D059246,MESH:D060085,MESH:D065819
35496681	MESH:C000657245,MESH:D001007,MESH:D003072,MESH:D005221
32420955	MESH:C000657245,MESH:D003141,MESH:D003371,MESH:D003424,MESH:D003967,MESH:D004417,MESH:D005334,MESH:D007239,MESH:D010608,MESH:D011014,MESH:D011024,MESH:D012140,MESH:D014839,MESH:D018352
32833711	MESH:C000657245,MESH:D011024,MESH:D018352
34976499	MESH:C000657245,MESH:D003643,MESH:D003920,MESH:D004673,MESH:D006973,MESH:D007239,MESH:D007249,MESH:D009369,MESH:D009765,MESH:D011014,MESH:D012131,MESH:D015047,MESH:D059390
33433382	MESH:C000657245,MESH:C537470,MESH:D000068376,MESH:D000079225,MESH:D000275,MESH:D001007,MESH:D001523,MESH:D002908,MESH:D003141,MESH:D003643,MESH:D004421,MESH:D005221,MESH:D007239,MESH:D007249,MESH:D009101,MESH:D012120,MESH:D013313,MESH:D014947,MESH:D015658,MESH:D016731,MESH:D018352,MESH:D040921,MESH:D045169,MESH:D051271,MESH:D053632
32454066	MESH:C000657245,MESH:D001102,MESH:D001943,MESH:D003110,MESH:D003643,MESH:D003872,MESH:D003876,MESH:D003967,MESH:D004492,MESH:D005334,MESH:D005557,MESH:D007239,MESH:D007854,MESH:D009369,MESH:D010232,MESH:D011014,MESH:D012140,MESH:D012817,MESH:D012871,MESH:D014766,MESH:D014867
34430154	MESH:C000606551,MESH:C000657245,MESH:C566527,MESH:D000069552,MESH:D000275,MESH:D000860,MESH:D001145,MESH:D001241,MESH:D001327,MESH:D002318,MESH:D002637,MESH:D003078,MESH:D003141,MESH:D003371,MESH:D003643,MESH:D003907,MESH:D003924,MESH:D004417,MESH:D005334,MESH:D005921,MESH:D006261,MESH:D006331,MESH:D006333,MESH:D007239,MESH:D007249,MESH:D007511,MESH:D008171,MESH:D008180,MESH:D008476,MESH:D009173,MESH:D009202,MESH:D009205,MESH:D010490,MESH:D010493,MESH:D010996,MESH:D011014,MESH:D012128,MESH:D012131,MESH:D012818,MESH:D013651,MESH:D016559,MESH:D016638,MESH:D018805,MESH:D019851,MESH:D055370,MESH:D058186,MESH:D059787,MESH:D063806,MESH:D064420
33626155	MESH:C000657245,MESH:D000079225,MESH:D002908,MESH:D003324,MESH:D003643,MESH:D003920,MESH:D007239
34183871	MESH:C000657245,MESH:C013647,MESH:C017807,MESH:C052159,MESH:C062985,MESH:C418863,MESH:C505810,MESH:C551983,MESH:D000853,MESH:D001102,MESH:D001424,MESH:D002245,MESH:D003643,MESH:D005557,MESH:D006418,MESH:D006583,MESH:D007239,MESH:D007854,MESH:D008751,MESH:D009369,MESH:D009841,MESH:D010406,MESH:D011691,MESH:D013307,MESH:D017382,MESH:D017484,MESH:D017830,MESH:D018352,MESH:D026082,MESH:D064420
34475334	MESH:C000657245,MESH:D002544,MESH:D003643,MESH:D006333,MESH:D007239,MESH:D013927
32418675	MESH:C000609138,MESH:C000627974,MESH:C000657245,MESH:D001102,MESH:D001523,MESH:D002280,MESH:D002294,MESH:D007239,MESH:D009369,MESH:D011024,MESH:D012878,MESH:D013256,MESH:D015266,MESH:D018352
33778564	MESH:C000657245,MESH:D003371,MESH:D003404,MESH:D005334,MESH:D007239,MESH:D008171,MESH:D008206,MESH:D008231,MESH:D010608,MESH:D010996,MESH:D011014,MESH:D011704,MESH:D012120,MESH:D012141,MESH:D018352,MESH:D045169
35538060	MESH:C000657245,MESH:D000014,MESH:D000022,MESH:D001835,MESH:D002534,MESH:D002543,MESH:D002586,MESH:D003643,MESH:D003920,MESH:D004461,MESH:D005315,MESH:D006470,MESH:D006973,MESH:D007239,MESH:D009205,MESH:D010649,MESH:D011655,MESH:D012851,MESH:D013921,MESH:D013927,MESH:D020925,MESH:D047928,MESH:D050497,MESH:D059390
32278619	MESH:C000657245,MESH:D001102,MESH:D002493,MESH:D002821,MESH:D003643,MESH:D005334,MESH:D006391,MESH:D007238,MESH:D007239,MESH:D011024,MESH:D011251,MESH:D018352,MESH:D045169
35079695	MESH:C000657245,MESH:D001281,MESH:D002544,MESH:D003920,MESH:D006949,MESH:D006973,MESH:D020521
35197179	MESH:C000657245,MESH:D000163,MESH:D003141,MESH:D003643,MESH:D014376,MESH:D015658
35036208	MESH:C000657245,MESH:C097188,MESH:C536170,MESH:C537985,MESH:C565408,MESH:D000067390,MESH:D000855,MESH:D001327,MESH:D001943,MESH:D002637,MESH:D003371,MESH:D003643,MESH:D004417,MESH:D005334,MESH:D006816,MESH:D007239,MESH:D008171,MESH:D008175,MESH:D009369,MESH:D010100,MESH:D011655,MESH:D012128,MESH:D013610,MESH:D014376,MESH:D015431,MESH:D018805,MESH:D020246,MESH:D056486
34101903	MESH:C000657245
33651340	MESH:C000657245,MESH:C536678,MESH:C538052,MESH:D000067073,MESH:D000079225,MESH:D000275,MESH:D001168,MESH:D001416,MESH:D003324,MESH:D003920,MESH:D006333,MESH:D007239,MESH:D007738,MESH:D008141,MESH:D008171,MESH:D009140,MESH:D010146,MESH:D012600,MESH:D013121,MESH:D013122,MESH:D017116,MESH:D019636,MESH:D029461
33634042	MESH:C000657245,MESH:D001249,MESH:D003643,MESH:D003920,MESH:D006973,MESH:D007239,MESH:D007589,MESH:D012120,MESH:D018352,MESH:D045169
32294078	MESH:C000657245,MESH:D000079225,MESH:D000275,MESH:D000856,MESH:D001007,MESH:D001102,MESH:D001523,MESH:D002908,MESH:D003141,MESH:D003643,MESH:D005221,MESH:D007029,MESH:D007239,MESH:D007319,MESH:D009422,MESH:D011014,MESH:D011024,MESH:D012021,MESH:D012893,MESH:D015658,MESH:D018352,MESH:D045169
32343408	MESH:C000657245,MESH:C537501,MESH:D000069578,MESH:D001102,MESH:D001424,MESH:D002104,MESH:D003141,MESH:D003371,MESH:D003643,MESH:D003967,MESH:D005076,MESH:D005597,MESH:D007239,MESH:D009207,MESH:D009223,MESH:D011024,MESH:D011537,MESH:D012140,MESH:D012141,MESH:D012871,MESH:D012915,MESH:D013746,MESH:D014777,MESH:D014867,MESH:D018352,MESH:D052638,MESH:D060737
34031119	MESH:C000657245,MESH:C004578,MESH:D000081084,MESH:D000860,MESH:D001102,MESH:D001281,MESH:D002318,MESH:D003324,MESH:D003643,MESH:D003920,MESH:D004402,MESH:D006333,MESH:D006973,MESH:D006976,MESH:D007239,MESH:D007674,MESH:D008171,MESH:D009102,MESH:D009202,MESH:D009203,MESH:D009461,MESH:D010100,MESH:D011655,MESH:D014693,MESH:D016491,MESH:D016638,MESH:D017114,MESH:D018352,MESH:D018487,MESH:D018497,MESH:D020257,MESH:D020521,MESH:D055370
32367484	MESH:C000657245,MESH:D003141,MESH:D007239,MESH:D011024,MESH:D014947,MESH:D015658,MESH:D018352,MESH:D020018,MESH:D045169
32484943	MESH:C000657245,MESH:D011024,MESH:D018352
34589743	MESH:C000657245,MESH:C536439,MESH:C538065,MESH:C566610,MESH:D000067836,MESH:D000079225,MESH:D000275,MESH:D001007,MESH:D001168,MESH:D001172,MESH:D001289,MESH:D001327,MESH:D001523,MESH:D001766,MESH:D001930,MESH:D001943,MESH:D002104,MESH:D002318,MESH:D002545,MESH:D002908,MESH:D003072,MESH:D003291,MESH:D003324,MESH:D003480,MESH:D003638,MESH:D003643,MESH:D003704,MESH:D003920,MESH:D004421,MESH:D004681,MESH:D004827,MESH:D005221,MESH:D006467,MESH:D006854,MESH:D006987,MESH:D007029,MESH:D007239,MESH:D007249,MESH:D008687,MESH:D008727,MESH:D009069,MESH:D009336,MESH:D009369,MESH:D009422,MESH:D009437,MESH:D009461,MESH:D009765,MESH:D010100,MESH:D010146,MESH:D010243,MESH:D010300,MESH:D011596,MESH:D012559,MESH:D012640,MESH:D013927,MESH:D014202,MESH:D014786,MESH:D014947,MESH:D015658,MESH:D016491,MESH:D018805,MESH:D018908,MESH:D019636,MESH:D019965,MESH:D020018,MESH:D020246,MESH:D020521,MESH:D029424,MESH:D043183,MESH:D051271,MESH:D054972,MESH:D060050,MESH:D063129,MESH:D066253
35507290	MESH:C000657245,MESH:C585640,MESH:D000275,MESH:D001102,MESH:D002318,MESH:D002637,MESH:D003078,MESH:D003371,MESH:D003643,MESH:D003907,MESH:D005334,MESH:D006331,MESH:D006333,MESH:D006463,MESH:D006816,MESH:D006984,MESH:D007052,MESH:D007249,MESH:D007674,MESH:D007676,MESH:D008476,MESH:D009203,MESH:D009205,MESH:D010100,MESH:D010146,MESH:D010195,MESH:D010490,MESH:D010493,MESH:D011014,MESH:D012128,MESH:D012131,MESH:D012818,MESH:D014947,MESH:D018352,MESH:D020031,MESH:D051436,MESH:D054058,MESH:D054549
35135773	MESH:C000604007,MESH:C000657245,MESH:C502936,MESH:C535677,MESH:C535882,MESH:C536482,MESH:C563346,MESH:C564931,MESH:D000860,MESH:D001249,MESH:D001281,MESH:D002318,MESH:D003324,MESH:D003371,MESH:D003404,MESH:D003428,MESH:D003643,MESH:D003907,MESH:D003920,MESH:D005334,MESH:D005947,MESH:D006333,MESH:D006527,MESH:D006938,MESH:D006973,MESH:D007022,MESH:D007239,MESH:D007511,MESH:D007674,MESH:D008107,MESH:D009369,MESH:D009386,MESH:D009765,MESH:D010100,MESH:D011658,MESH:D012131,MESH:D012140,MESH:D013256,MESH:D013667,MESH:D014508,MESH:D015658,MESH:D017827,MESH:D018980,MESH:D020521,MESH:D029424,MESH:D050197,MESH:D051436,MESH:D058729
33071434	MESH:C000657245,MESH:D000275,MESH:D000438,MESH:D002318,MESH:D003141,MESH:D003371,MESH:D003920,MESH:D006509,MESH:D007239,MESH:D008569,MESH:D009369,MESH:D012140,MESH:D012769,MESH:D018352,MESH:D029424,MESH:D051436
34594688	MESH:C000657245,MESH:D007239
33479805	MESH:C000657245,MESH:D000079225,MESH:D000275,MESH:D000544,MESH:D001523,MESH:D001714,MESH:D003643,MESH:D003920,MESH:D006940,MESH:D006973,MESH:D007174,MESH:D008599,MESH:D012140,MESH:D013683,MESH:D014786,MESH:D018352,MESH:D020018,MESH:D020271
35111874	MESH:C000657245,MESH:D000208,MESH:D001102,MESH:D001249,MESH:D001991,MESH:D003141,MESH:D003371,MESH:D005221,MESH:D005334,MESH:D005578,MESH:D009581,MESH:D009593,MESH:D012131,MESH:D012141,MESH:D012220,MESH:D012818,MESH:D012852,MESH:D013449,MESH:D013754,MESH:D014069,MESH:D015363,MESH:D018942,MESH:D023303,MESH:D047090,MESH:D055231
33231569	MESH:C000657245,MESH:C538614,MESH:C562393,MESH:D000077195,MESH:D000230,MESH:D000547,MESH:D001102,MESH:D001749,MESH:D001943,MESH:D002294,MESH:D002296,MESH:D003110,MESH:D003643,MESH:D005909,MESH:D006528,MESH:D007239,MESH:D007890,MESH:D008175,MESH:D008545,MESH:D009362,MESH:D009369,MESH:D010190,MESH:D012004,MESH:D012509,MESH:D013912,MESH:D013964,MESH:D015179,MESH:D015470,MESH:D016403,MESH:D016889,MESH:D018268,MESH:D018284,MESH:D019337
33058235	MESH:D001500
34634404	MESH:C000657245,MESH:C025109,MESH:D000431,MESH:D000438,MESH:D000853,MESH:D002710,MESH:D002713,MESH:D002725,MESH:D003141,MESH:D003300,MESH:D003371,MESH:D003643,MESH:D004417,MESH:D004986,MESH:D005334,MESH:D005483,MESH:D006861,MESH:D006973,MESH:D007239,MESH:D008055,MESH:D010463,MESH:D011014,MESH:D011126,MESH:D012141,MESH:D012817,MESH:D013193,MESH:D014867,MESH:D015212,MESH:D018352
32328576	MESH:C000657245,MESH:C016766,MESH:D000067390,MESH:D000860,MESH:D001102,MESH:D001205,MESH:D001424,MESH:D003643,MESH:D006854,MESH:D007249,MESH:D008171,MESH:D009102,MESH:D009369,MESH:D009584,MESH:D012120,MESH:D012128,MESH:D012140,MESH:D012141,MESH:D012772,MESH:D013831,MESH:D014947,MESH:D016638,MESH:D018496,MESH:D018805,MESH:D028361,MESH:D055370,MESH:D055371
35434696	MESH:C000657245,MESH:C535544,MESH:D001663,MESH:D003371,MESH:D003404,MESH:D003643,MESH:D003920,MESH:D003924,MESH:D004417,MESH:D005334,MESH:D006261,MESH:D006331,MESH:D006973,MESH:D007964,MESH:D008231,MESH:D010100,MESH:D010300,MESH:D015431,MESH:D016638,MESH:D029424,MESH:D051271,MESH:D051436,MESH:D060085,MESH:D063806
32692733	MESH:C000657245,MESH:C535841,MESH:C538437,MESH:D000077731,MESH:D000081012,MESH:D000438,MESH:D001379,MESH:D001523,MESH:D002118,MESH:D002318,MESH:D002443,MESH:D002762,MESH:D002908,MESH:D003141,MESH:D003371,MESH:D003643,MESH:D003920,MESH:D005271,MESH:D005334,MESH:D005767,MESH:D005938,MESH:D005947,MESH:D006886,MESH:D006973,MESH:D007239,MESH:D007249,MESH:D008107,MESH:D008171,MESH:D008775,MESH:D008795,MESH:D009325,MESH:D009336,MESH:D009369,MESH:D009584,MESH:D010020,MESH:D010024,MESH:D010100,MESH:D010146,MESH:D010182,MESH:D010190,MESH:D010195,MESH:D011014,MESH:D011024,MESH:D011241,MESH:D011605,MESH:D012128,MESH:D012216,MESH:D013256,MESH:D014280,MESH:D014508,MESH:D015662,MESH:D015746,MESH:D015882,MESH:D016638,MESH:D017118,MESH:D018352,MESH:D019283,MESH:D041781,MESH:D045169,MESH:D055370
34394297	MESH:C000657245,MESH:C536106,MESH:D000275,MESH:D001007,MESH:D002318,MESH:D002908,MESH:D003141,MESH:D003371,MESH:D003643,MESH:D003920,MESH:D004417,MESH:D005334,MESH:D005947,MESH:D006973,MESH:D007239,MESH:D007249,MESH:D008659,MESH:D009135,MESH:D009336,MESH:D009369,MESH:D009461,MESH:D009569,MESH:D009765,MESH:D010003,MESH:D011014,MESH:D012140,MESH:D012141,MESH:D012640,MESH:D016207,MESH:D018352,MESH:D029424,MESH:D045169
34757734	MESH:C000657245
32463534	MESH:C000657245,MESH:D006333,MESH:D011024,MESH:D018352
33448086	MESH:C000657245
33363552	MESH:C000628684,MESH:C000657245,MESH:C003403,MESH:C004809,MESH:C006884,MESH:C016785,MESH:C037036,MESH:C041477,MESH:C044181,MESH:C060665,MESH:C100679,MESH:C112458,MESH:C472707,MESH:C480551,MESH:C511282,MESH:C537907,MESH:D000073893,MESH:D000105,MESH:D000225,MESH:D000241,MESH:D000464,MESH:D000470,MESH:D000688,MESH:D000872,MESH:D001102,MESH:D001120,MESH:D001464,MESH:D002185,MESH:D002186,MESH:D002244,MESH:D002493,MESH:D003596,MESH:D003996,MESH:D004660,MESH:D005228,MESH:D005419,MESH:D007239,MESH:D007930,MESH:D008670,MESH:D012492,MESH:D013213,MESH:D013611,MESH:D013729,MESH:D013759,MESH:D014867,MESH:D015026,MESH:D019817,MESH:D026121,MESH:D039821,MESH:D059350,MESH:D059808,MESH:D064420
32354565	MESH:C000657245,MESH:C535395,MESH:D003643,MESH:D005862,MESH:D007239,MESH:D018352,MESH:D049310
34107113	MESH:C000657245,MESH:D014409,MESH:D015847,MESH:D015850,MESH:D016207,MESH:D016753,MESH:D053583,MESH:D054357
35151081	MESH:C000657245,MESH:D002289,MESH:D004047,MESH:D006851,MESH:D007239,MESH:D008278,MESH:D009369,MESH:D009841,MESH:D011014,MESH:D011189,MESH:D012965,MESH:D014867,MESH:D015636,MESH:D017830,MESH:D028581,MESH:D030342
33244583	MESH:C000657245,MESH:D001102,MESH:D007239,MESH:D012140
35132343	MESH:C000657245,MESH:D003643
33527783	MESH:C000657245,MESH:D000070642,MESH:D007239,MESH:D008175,MESH:D011014,MESH:D015179,MESH:D054556,MESH:D056650,MESH:D062787
32311499	MESH:C000657245,MESH:D000077594,MESH:D000230,MESH:D002289,MESH:D007239,MESH:D008175,MESH:D009369,MESH:D011014,MESH:D011024,MESH:D016638,MESH:D018352
35366438	MESH:C000657245,MESH:D000701,MESH:D003643,MESH:D007239,MESH:D012131
32776524	MESH:C000657245,MESH:D000275
32406952	MESH:C000657245,MESH:D003643,MESH:D008107,MESH:D008231,MESH:D034141
32421878	MESH:C000657245,MESH:D005151,MESH:D012871,MESH:D020100
32429009	MESH:C000657245,MESH:D000402,MESH:D000857,MESH:D003371,MESH:D005334,MESH:D006470,MESH:D007239,MESH:D008107,MESH:D009369,MESH:D010608,MESH:D011014,MESH:D011027,MESH:D012140,MESH:D012141,MESH:D015179
34145263	MESH:C000606551,MESH:C000657245,MESH:C003043,MESH:C016679,MESH:C033158,MESH:C034193,MESH:C471213,MESH:C538424,MESH:C558899,MESH:D000077559,MESH:D000601,MESH:D001102,MESH:D003141,MESH:D003371,MESH:D003404,MESH:D003428,MESH:D003643,MESH:D003920,MESH:D003967,MESH:D004342,MESH:D004417,MESH:D005334,MESH:D006212,MESH:D006816,MESH:D006851,MESH:D007239,MESH:D007251,MESH:D007674,MESH:D008171,MESH:D008569,MESH:D009765,MESH:D010406,MESH:D011014,MESH:D011136,MESH:D011392,MESH:D012128,MESH:D012140,MESH:D012141,MESH:D012685,MESH:D012794,MESH:D012818,MESH:D012967,MESH:D013307,MESH:D014867,MESH:D015047,MESH:D017830,MESH:D018352,MESH:D018698,MESH:D057165,MESH:D060085,MESH:D063806,MESH:D064420
32776538	MESH:C000657245,MESH:D006461,MESH:D013921
32078069	MESH:C000606551,MESH:C000657245,MESH:C558899,MESH:D000138,MESH:D000275,MESH:D001007,MESH:D001778,MESH:D003141,MESH:D003371,MESH:D003428,MESH:D003643,MESH:D003967,MESH:D004417,MESH:D005334,MESH:D006261,MESH:D007239,MESH:D010100,MESH:D011014,MESH:D012128,MESH:D012140,MESH:D012141,MESH:D012772,MESH:D012818,MESH:D016638,MESH:D018352,MESH:D018908,MESH:D019438,MESH:D020271,MESH:D045169,MESH:D055370,MESH:D061466,MESH:D063806
32590691	MESH:C000657245,MESH:C028381,MESH:D001249,MESH:D002108,MESH:D003903,MESH:D006862,MESH:D007239,MESH:D007249,MESH:D008070,MESH:D008751,MESH:D010195,MESH:D011014,MESH:D012141,MESH:D012772
34012470	MESH:C000657245,MESH:D000438,MESH:D003643,MESH:D006261,MESH:D007239,MESH:D012640,MESH:D014867,MESH:D058540
34730436	MESH:C000657245,MESH:D000438,MESH:D001068,MESH:D003141,MESH:D003371,MESH:D003643,MESH:D003967,MESH:D004417,MESH:D005334,MESH:D006261,MESH:D007239,MESH:D009261,MESH:D011014,MESH:D014867,MESH:D018352,MESH:D018677,MESH:D063806
35224217	MESH:C000657245,MESH:C563662,MESH:D002637,MESH:D002908,MESH:D003141,MESH:D003643,MESH:D003967,MESH:D004403,MESH:D005334,MESH:D006509,MESH:D007239,MESH:D008581,MESH:D011008,MESH:D012409,MESH:D013746,MESH:D014917,MESH:D017180,MESH:D018352,MESH:D058729
34667785	MESH:C000657245,MESH:C562757,MESH:D000787,MESH:D000855,MESH:D001145,MESH:D001321,MESH:D001943,MESH:D003141,MESH:D003324,MESH:D003371,MESH:D003643,MESH:D003920,MESH:D003967,MESH:D004244,MESH:D004417,MESH:D005221,MESH:D005234,MESH:D005334,MESH:D006261,MESH:D006323,MESH:D006331,MESH:D006973,MESH:D007239,MESH:D007859,MESH:D009325,MESH:D009369,MESH:D009765,MESH:D010100,MESH:D010146,MESH:D011014,MESH:D011030,MESH:D012128,MESH:D012140,MESH:D012141,MESH:D014839,MESH:D014867,MESH:D015047,MESH:D015746,MESH:D016638,MESH:D017093,MESH:D018352,MESH:D063806
34912863	MESH:C000657245,MESH:D000071079,MESH:D001102,MESH:D001172,MESH:D001327,MESH:D002318,MESH:D003324,MESH:D003643,MESH:D003920,MESH:D004280,MESH:D004417,MESH:D005682,MESH:D006331,MESH:D006333,MESH:D006937,MESH:D006973,MESH:D006976,MESH:D007022,MESH:D007239,MESH:D007501,MESH:D008171,MESH:D009041,MESH:D009102,MESH:D009202,MESH:D009205,MESH:D009461,MESH:D010100,MESH:D010490,MESH:D010493,MESH:D011014,MESH:D011125,MESH:D011392,MESH:D012128,MESH:D013180,MESH:D014262,MESH:D017566,MESH:D018376,MESH:D018487,MESH:D020257,MESH:D054549,MESH:D056486
32200654	MESH:C000657245,MESH:C558899,MESH:D000077266,MESH:D000077731,MESH:D000212,MESH:D003371,MESH:D003643,MESH:D003920,MESH:D004417,MESH:D005334,MESH:D007153,MESH:D007239,MESH:D008775,MESH:D010608,MESH:D011024,MESH:D014376,MESH:D014640,MESH:D018352,MESH:D045169,MESH:D053139
34281002	MESH:C000657245,MESH:C538089,MESH:D000070642,MESH:D000275,MESH:D001247,MESH:D001523,MESH:D001930,MESH:D003128,MESH:D003141,MESH:D003244,MESH:D003371,MESH:D003638,MESH:D003643,MESH:D003920,MESH:D003967,MESH:D004417,MESH:D006261,MESH:D006333,MESH:D006470,MESH:D006973,MESH:D007239,MESH:D009369,MESH:D009422,MESH:D010146,MESH:D010608,MESH:D014839,MESH:D014947,MESH:D018352,MESH:D019465,MESH:D020240,MESH:D051436,MESH:D063806
35353955	MESH:C000657245,MESH:C562643,MESH:D000077595,MESH:D000079225,MESH:D000275,MESH:D001007,MESH:D001523,MESH:D002908,MESH:D003141,MESH:D003324,MESH:D003643,MESH:D003920,MESH:D003932,MESH:D004827,MESH:D006973,MESH:D007239,MESH:D008691,MESH:D010698,MESH:D012600,MESH:D012640,MESH:D014786,MESH:D018923,MESH:D019964
35327811	MESH:C000657245,MESH:C535395,MESH:C535569,MESH:D000079225,MESH:D000249,MESH:D000275,MESH:D001007,MESH:D003643,MESH:D003903,MESH:D007239,MESH:D014947,MESH:D049310
33621654	MESH:C000657245,MESH:D003401,MESH:D003920,MESH:D006973,MESH:D007239,MESH:D007676,MESH:D008107,MESH:D008231,MESH:D009369,MESH:D010455,MESH:D012891,MESH:D018805,MESH:D020246,MESH:D050171,MESH:D054556
35127890	MESH:C000657245,MESH:D003643,MESH:D007239,MESH:D008881,MESH:D009461
33551798	MESH:C000657245,MESH:C543529,MESH:D000068879,MESH:D000069285,MESH:D001172,MESH:D001996,MESH:D003093,MESH:D003424,MESH:D003643,MESH:D007239,MESH:D007249,MESH:D008727,MESH:D009304,MESH:D011014,MESH:D011565,MESH:D012128,MESH:D012140,MESH:D012141,MESH:D012216,MESH:D013256,MESH:D015212,MESH:D015535
35535411	MESH:C000657245,MESH:D000068376,MESH:D012893,MESH:D014947,MESH:D040921
35294728	MESH:C000657245,MESH:D000275,MESH:D001007,MESH:D001523,MESH:D002637,MESH:D002908,MESH:D003248,MESH:D003371,MESH:D003643,MESH:D003920,MESH:D003967,MESH:D004417,MESH:D005221,MESH:D005355,MESH:D006261,MESH:D006331,MESH:D006970,MESH:D006973,MESH:D007239,MESH:D007319,MESH:D008171,MESH:D008569,MESH:D010100,MESH:D010146,MESH:D012135,MESH:D012818,MESH:D013313,MESH:D040921,MESH:D050171,MESH:D051271,MESH:D059390,MESH:D063806
32954595	MESH:C000657245,MESH:D000856,MESH:D001068,MESH:D002032,MESH:D009765
34200791	MESH:C000657245,MESH:C016766,MESH:D000079225,MESH:D000275,MESH:D001007,MESH:D001102,MESH:D001249,MESH:D001622,MESH:D002318,MESH:D003072,MESH:D003110,MESH:D003141,MESH:D003643,MESH:D003920,MESH:D003924,MESH:D004417,MESH:D004646,MESH:D005221,MESH:D005334,MESH:D005355,MESH:D005978,MESH:D006017,MESH:D006331,MESH:D006973,MESH:D006976,MESH:D007154,MESH:D007239,MESH:D007249,MESH:D008055,MESH:D008107,MESH:D008595,MESH:D009102,MESH:D009135,MESH:D009369,MESH:D010024,MESH:D010146,MESH:D011014,MESH:D012120,MESH:D012128,MESH:D012141,MESH:D012640,MESH:D012772,MESH:D016207,MESH:D016638,MESH:D017382,MESH:D018352,MESH:D018805,MESH:D020521,MESH:D024821,MESH:D029424,MESH:D055370
34697001	MESH:C000656865,MESH:C000657245,MESH:C535577,MESH:C536767,MESH:C566443,MESH:D000067390,MESH:D001249,MESH:D001424,MESH:D001988,MESH:D003141,MESH:D003643,MESH:D005759,MESH:D007239,MESH:D007827,MESH:D008310,MESH:D010031,MESH:D011014,MESH:D012140,MESH:D012141,MESH:D014552,MESH:D016574,MESH:D018352,MESH:D051271,MESH:D060085
34383756	MESH:C000657245,MESH:D003643,MESH:D007239
32784414	MESH:C000657245,MESH:C009495,MESH:C030816,MESH:C030986,MESH:D000362,MESH:D001007,MESH:D001102,MESH:D002241,MESH:D002244,MESH:D002245,MESH:D002713,MESH:D003141,MESH:D003371,MESH:D003428,MESH:D003643,MESH:D005976,MESH:D006509,MESH:D006604,MESH:D006861,MESH:D006997,MESH:D007239,MESH:D008051,MESH:D008055,MESH:D008628,MESH:D008670,MESH:D009798,MESH:D010100,MESH:D010126,MESH:D011024,MESH:D012120,MESH:D012400,MESH:D012834,MESH:D012871,MESH:D014867,MESH:D015047,MESH:D018352,MESH:D019904,MESH:D019946,MESH:D045169,MESH:D064420
34908708	MESH:C000657245,MESH:D000079225,MESH:D000275,MESH:D001007,MESH:D003643,MESH:D010146,MESH:D011014,MESH:D012163,MESH:D012967,MESH:D018908
32759252	MESH:C000657245,MESH:C558899,MESH:D003141,MESH:D003371,MESH:D003643,MESH:D005334,MESH:D007239,MESH:D009202,MESH:D009223,MESH:D011014,MESH:D011024,MESH:D012128,MESH:D012140,MESH:D018352,MESH:D060085,MESH:D061466
32239515	MESH:C000657245,MESH:D018352
33315061	MESH:D003643,MESH:D007239
33595076	MESH:C000657245
35378801	MESH:C000657245,MESH:C562993,MESH:D001007,MESH:D006331,MESH:D007239,MESH:D010146
34988861	MESH:C000657245,MESH:D000080343,MESH:D001007,MESH:D001172,MESH:D001943,MESH:D007239,MESH:D007501,MESH:D009361,MESH:D009369,MESH:D010146,MESH:D015179,MESH:D018226,MESH:D054549
35399336	MESH:C000657245,MESH:C535733,MESH:C537009,MESH:D007239,MESH:D012140,MESH:D034721,MESH:D052456
35052240	MESH:C000657245,MESH:C537510,MESH:D000275,MESH:D000438,MESH:D002609,MESH:D003141,MESH:D003371,MESH:D003428,MESH:D003643,MESH:D007239,MESH:D010100,MESH:D012128,MESH:D012769,MESH:D014839,MESH:D014867,MESH:D018352
35165656	MESH:C000657245
33668405	MESH:C000657245,MESH:C003043,MESH:C007293,MESH:C054122,MESH:C410687,MESH:C536395,MESH:D001102,MESH:D002244,MESH:D003141,MESH:D003643,MESH:D003920,MESH:D003967,MESH:D007153,MESH:D007239,MESH:D007249,MESH:D007372,MESH:D008070,MESH:D009369,MESH:D010126,MESH:D011014,MESH:D012140,MESH:D012141,MESH:D012685,MESH:D013553,MESH:D015047,MESH:D015658,MESH:D016207,MESH:D017830,MESH:D018352,MESH:D045169,MESH:D050197
35586079	MESH:C000657245,MESH:D000438,MESH:D001007,MESH:D001102,MESH:D001205,MESH:D001523,MESH:D002908,MESH:D003371,MESH:D003643,MESH:D003872,MESH:D007239,MESH:D010698,MESH:D011014,MESH:D012141,MESH:D012492,MESH:D012640,MESH:D012965,MESH:D014867,MESH:D014987,MESH:D018352
34072087	MESH:C000606551,MESH:C000657245,MESH:C005466,MESH:C008644,MESH:C016766,MESH:C018279,MESH:C029899,MESH:C099855,MESH:D000998,MESH:D001102,MESH:D001312,MESH:D001778,MESH:D001930,MESH:D001943,MESH:D002244,MESH:D002245,MESH:D002318,MESH:D002544,MESH:D002908,MESH:D003643,MESH:D004121,MESH:D004610,MESH:D005354,MESH:D005840,MESH:D005947,MESH:D005973,MESH:D006025,MESH:D006493,MESH:D006497,MESH:D006569,MESH:D006639,MESH:D006859,MESH:D007239,MESH:D007542,MESH:D007854,MESH:D009369,MESH:D009461,MESH:D010100,MESH:D010758,MESH:D011136,MESH:D012965,MESH:D013455,MESH:D013725,MESH:D013923,MESH:D015658,MESH:D016718,MESH:D017180,MESH:D053139,MESH:D059808,MESH:D064420
32343658	MESH:C000606551,MESH:C000657245,MESH:C005692,MESH:C032855,MESH:C034935,MESH:C041747,MESH:C043457,MESH:C053539,MESH:C086979,MESH:C462182,MESH:C558899,MESH:D000069454,MESH:D000077723,MESH:D000082,MESH:D000140,MESH:D000212,MESH:D000309,MESH:D000998,MESH:D001102,MESH:D001172,MESH:D002738,MESH:D002908,MESH:D003371,MESH:D003561,MESH:D003643,MESH:D003967,MESH:D004660,MESH:D005334,MESH:D006509,MESH:D006886,MESH:D007052,MESH:D007239,MESH:D008288,MESH:D009135,MESH:D009705,MESH:D010100,MESH:D010195,MESH:D011014,MESH:D011024,MESH:D012120,MESH:D012131,MESH:D012141,MESH:D012254,MESH:D012694,MESH:D013792,MESH:D014640,MESH:D014839,MESH:D015047,MESH:D015658,MESH:D016920,MESH:D017093,MESH:D018352,MESH:D019142,MESH:D019438,MESH:D019698,MESH:D019888,MESH:D020808,MESH:D045169,MESH:D053139,MESH:D061466,MESH:D064420
34280115	MESH:C000657245,MESH:D001068,MESH:D003141,MESH:D003371,MESH:D003643,MESH:D003920,MESH:D003967,MESH:D005334,MESH:D005597,MESH:D006261,MESH:D006509,MESH:D006973,MESH:D007153,MESH:D007154,MESH:D007239,MESH:D008107,MESH:D008581,MESH:D009369,MESH:D010758,MESH:D011014,MESH:D012594,MESH:D014612,MESH:D014839,MESH:D030361,MESH:D048909,MESH:D056486,MESH:D063806
35601571	MESH:C000657245,MESH:D000860,MESH:D001778,MESH:D003643,MESH:D006470,MESH:D006493,MESH:D006495,MESH:D011655,MESH:D012128,MESH:D012141,MESH:D013923,MESH:D013927,MESH:D016638,MESH:D017984,MESH:D020246,MESH:D054556,MESH:D058186
32339218	MESH:C000657245
34568168	MESH:C000657245,MESH:D000079225,MESH:D000275,MESH:D000431,MESH:D000535,MESH:D000855,MESH:D001068,MESH:D001102,MESH:D002318,MESH:D003072,MESH:D003371,MESH:D003643,MESH:D003920,MESH:D004417,MESH:D005221,MESH:D005334,MESH:D006261,MESH:D006973,MESH:D007153,MESH:D007239,MESH:D007589,MESH:D007970,MESH:D008171,MESH:D008231,MESH:D009325,MESH:D009369,MESH:D010608,MESH:D011014,MESH:D012128,MESH:D012131,MESH:D012140,MESH:D012141,MESH:D012973,MESH:D013921,MESH:D014839,MESH:D056587,MESH:D058625,MESH:D063806
35142693	MESH:C000657245,MESH:C003043,MESH:C016680,MESH:C017807,MESH:C024865,MESH:C027986,MESH:C031086,MESH:C047117,MESH:C411644,MESH:C540383,MESH:C545606,MESH:C564947,MESH:C565785,MESH:C569686,MESH:C587045,MESH:D000079225,MESH:D000431,MESH:D001327,MESH:D001930,MESH:D002118,MESH:D002303,MESH:D002493,MESH:D003092,MESH:D003643,MESH:D003711,MESH:D003857,MESH:D004681,MESH:D004801,MESH:D004938,MESH:D005355,MESH:D005910,MESH:D006333,MESH:D006371,MESH:D006416,MESH:D006973,MESH:D007249,MESH:D007511,MESH:D007530,MESH:D007649,MESH:D007674,MESH:D008070,MESH:D008586,MESH:D009103,MESH:D009187,MESH:D009243,MESH:D009369,MESH:D009410,MESH:D009422,MESH:D009461,MESH:D010232,MESH:D010406,MESH:D012967,MESH:D013119,MESH:D013307,MESH:D014867,MESH:D014991,MESH:D014992,MESH:D015441,MESH:D015499,MESH:D016393,MESH:D017590,MESH:D017830,MESH:D019343,MESH:D019636,MESH:D019833,MESH:D020269,MESH:D051359,MESH:D055728,MESH:D060085,MESH:D061325
34777896	MESH:C000628730,MESH:C000657245,MESH:C514290,MESH:D000077286,MESH:D000163,MESH:D000438,MESH:D000447,MESH:D000588,MESH:D002244,MESH:D004076,MESH:D004487,MESH:D005483,MESH:D006046,MESH:D006108,MESH:D006509,MESH:D007203,MESH:D007239,MESH:D008055,MESH:D008670,MESH:D009369,MESH:D009841,MESH:D010100,MESH:D010165,MESH:D010710,MESH:D011014,MESH:D011108,MESH:D011134,MESH:D012822,MESH:D012834,MESH:D013438,MESH:D014025,MESH:D014867,MESH:D015034,MESH:D015658,MESH:D016376,MESH:D016751,MESH:D017942,MESH:D018352,MESH:D019142,MESH:D019793,MESH:D028581,MESH:D056486,MESH:D064420
34274212	MESH:C000657245,MESH:D003643,MESH:D007239
35078495	MESH:C000657245,MESH:D000860,MESH:D010100,MESH:D011014,MESH:D012131,MESH:D016638
35455356	MESH:C000657245,MESH:C563662,MESH:D001102,MESH:D001260,MESH:D001321,MESH:D001327,MESH:D002318,MESH:D002784,MESH:D002908,MESH:D003141,MESH:D003586,MESH:D003643,MESH:D005334,MESH:D006509,MESH:D007153,MESH:D007239,MESH:D007249,MESH:D008055,MESH:D008569,MESH:D008687,MESH:D009369,MESH:D009461,MESH:D010243,MESH:D011008,MESH:D011014,MESH:D011134,MESH:D012141,MESH:D013746,MESH:D017382,MESH:D018352,MESH:D019636,MESH:D028361,MESH:D054066
34253291	MESH:C000657245,MESH:C012546,MESH:C537386,MESH:C563662,MESH:C565693,MESH:C580202,MESH:C580335,MESH:D000067390,MESH:D000068698,MESH:D001102,MESH:D001424,MESH:D001428,MESH:D001464,MESH:D002044,MESH:D002051,MESH:D002303,MESH:D003141,MESH:D003398,MESH:D003643,MESH:D003967,MESH:D004660,MESH:D004673,MESH:D005313,MESH:D005334,MESH:D005355,MESH:D006192,MESH:D006509,MESH:D006525,MESH:D006526,MESH:D006528,MESH:D006976,MESH:D007239,MESH:D008103,MESH:D008107,MESH:D008581,MESH:D008585,MESH:D008586,MESH:D008589,MESH:D009207,MESH:D009361,MESH:D009369,MESH:D010031,MESH:D010758,MESH:D011008,MESH:D011014,MESH:D011051,MESH:D011134,MESH:D012400,MESH:D012409,MESH:D012410,MESH:D013635,MESH:D013725,MESH:D013746,MESH:D014867,MESH:D014917,MESH:D015004,MESH:D015019,MESH:D015047,MESH:D015794,MESH:D016920,MESH:D017114,MESH:D018177,MESH:D019694,MESH:D020018,MESH:D030361,MESH:D056486,MESH:D063646,MESH:D066087
34649268	MESH:C000657245,MESH:C537327,MESH:D001102,MESH:D002303,MESH:D003643,MESH:D007239,MESH:D009422,MESH:D012640,MESH:D012872,MESH:D018352
32671230	MESH:C000657245,MESH:D000079225,MESH:D000275,MESH:D000437,MESH:D000438,MESH:D001007,MESH:D001766,MESH:D003643,MESH:D007239,MESH:D007589,MESH:D012128
34580550	MESH:C000657245,MESH:D003550,MESH:D003643,MESH:D005221,MESH:D005355,MESH:D006333,MESH:D007239,MESH:D008172,MESH:D008206,MESH:D009369,MESH:D010996,MESH:D011014,MESH:D012829,MESH:D018352,MESH:D054092
