32911311	brain mri;critical illness;imaging finding;immune response;infection neurologic complication;loss of taste;neurologic complication;neurological symptom;various finding
34061905	% divergence filter;accumulation of genetic change;adaptive change;additional potent factor;association index metric;author summary;base composition;consequent extensive fixation;copying error;current study;defence mechanism;dependence of site;disease virus;divergence filter;diverse range of mammalian rna virus;evolution of rna virus;extensive fixation;extensive homoplasy of this transition;generation time;genetic change;genome scale rna secondary structure;genome sequence;homoplasy of this transition;index metric;longer-term evolution;mammalian rna virus;mouth disease virus;mutational activity;mutational process;potent driver;potent factor;potential association;presence of genome scale rna secondary structure;range of mammalian rna virus;rapid accumulation of genetic change;rapid evolution of rna virus;region sequence;retrovirus genome sequence;rna replication;rna secondary structure;rna structure dependence of site;rna virus;scale rna secondary structure;secondary structure;sequence diversification;sequence variability of structured virus;sequence variability of these rna virus;short generation time;short period;structural parameter;structure dependence of site;structured genome;structured virus;transcriptional mutation;u change;u mutation;u mutational process;u substitution;u transition;u transition bias;u upstream context;uninformative site;upstream context;variability of structured virus;variability of these rna virus;variable analysis;veterinary rna virus;viral rna;virus genome
34898715	access to health service;dimension of integration;health service;integration process;language barrier;negative experience;notion of integration;objective of this research;qualitative study;security dimension of integration;semi-structured interview;significant challenge;turkish society;unprecedented way;work life
34910338	antibody concentration;healthy hospital worker;hospital worker;spike protein;time course
32292259	china joint mission;chinese medicine;content of guidance;external technique of traditional chinese medicine;global fight;health organization;joint mission;main content of guidance;particular power;second edition;situation of global fight;technique of traditional chinese medicine;traditional chinese medicine;understanding of guidance;world health organization
35519622	accessory protein;antibody validation;effect of the non-structural protein;efficient manner;envelope protein;functional characterization;future epidemic;inhibitory effect;inhibitory effect of the non-structural protein;n protein;non-structural protein;ongoing pandemic;protein synthesis;rapid response;rapid response mechanism;rapid response system;scientific world;structural protein;viral pathogen;viral protein
35013628	atypical cardiovascular reading;brightness of the screen;cardiovascular reading;color of the font of the cardiovascular reading;continuing battle;design of medical equipment;digital font;efficiency of atypical cardiovascular reading;experimental result;experimental study;extent of the impact;eye wear;fogged eye wear;fogged goggle;font color;font of the cardiovascular reading;green font;green font color;interface design of medical equipment;interface of electrocardiogram;long hour;long period;long period of time;medical equipment;medical staff;medical worker;period of time;personal protective equipment;possible transmission of the virus;protective equipment;protective eye wear;protective eyewear;protective goggle;recognition efficiency of atypical cardiovascular reading;recognition of digital font;recognition speed;research study;response time;safety glass;screen brightness;significant correlation;significant impact;substantial impact;target recognition of digital font;transmission of the virus;use of green font;v-shaped trend
33073247	cardiovascular ultrasound;front line;graphical abstract
33782759	african american;african americans;chart review;clinic visit;clinical characteristic;clinical difference;employment status;general population;health resource;in-person introductory seminar;in-person seminar;internet health resource;introductory seminar;ips group;ips patient;marital status;new rule;office visit;online seminar;online version;orientation group;os group;patient outreach;patient population;percentage of caucasians;percentage of patient;primary endpoint;progression to surgery;retrospective chart review;secondary outcome;significant impact;significant impact of type of orientation;social distancing;supplementary material;type of orientation;urgent need;utilization of internet health resource;utilization of the internet
32878481	ambiguous role of child;role of child
33439908	acute renal injury;analysis of a large us cohort;area introduction sex;biological process;care provider;chain reaction;cross-sectional analysis;diverse us metropolitan area introduction sex;electronic medical record;electronic medical records;healthcare provider;hospital course;hospital mortality;hospital outcome;hypoxic respiratory failure;important factor;in-hospital mortality;in-hospital outcome;independent of age;insurance type;introduction sex;large us cohort;length of stay;male sex;marital status;mechanical ventilation;median income;medical record;medical records;metropolitan area introduction sex;nasopharyngeal swab;nasopharyngeal swab specimen;poor in-hospital outcome;renal injury;respiratory failure;sex difference;swab specimen;understanding of the biological process;us cohort;us metropolitan area introduction sex;us population;virus disease
32996588	action plan;action plan of the iranian blood transfusion organization;adequate supply;adequate supply of rbc unit;blood centre;blood donation;blood supply;blood supply sufficiency;blood transfusion;blood transfusion organization;corresponding decrease;downward trend;future viral disaster;iranian blood transfusion organization;national committee;outbreak background;past year;rbc inventory;rbc inventory level;rbc unit;respect to this disease;safety management;significant impact;summary of action;supply sufficiency;transfusion organization;transmissible infection;trend of blood donation;upward trend;viral disaster
33315061	abstract background;acute respiratory syndrome;available genetic evidence;confirmed case;contact tracing;few month;genetic evidence;genome sequencing;health facility;incidence rate;infection risk;median time;next day;pcr positive swab;phenomenon suggestive of protective immunity;positive swab;presence of symptom;primary infection;protective immunity;rare phenomenon suggestive of protective immunity;respiratory syndrome;setting abstract background;severe acute respiratory syndrome;subsequent positive swab;suggestive of protective immunity;viral genome;viral genome sequencing;viral specimen
34145263	acute respiratory syndrome;antibody response;consecutive exposure;consecutive infection;early humoral immune response;evidence of immunological imprinting;human corona;humoral immune response;immune response;immunological imprinting;immunological imprinting of the antibody response;imprinting of the antibody response;induction of igg;nature of the antibody response;ongoing research;respiratory syndrome;severe acute respiratory syndrome;spike protein;virus disease;virus infection
34127735	% heart rate maximum;% of target dose;acceptability study;adverse effect;adverse event;aerobic exercise;androgen deprivation therapy;cancer care;care professional;cohort study;delivery of this face-to-face intervention;deprivation therapy;exercise pathway;exercise provision;exercise trainer;exercise training;exercise training intervention;face-to-face intervention;healthcare professional;heart rate;heart rate maximum;high fidelity;impact of societal change;integrated exercise;integrated exercise pathway;lifestyle intervention;long-term investigation;min of aerobic exercise;positive impact;professional training;prospective cohort;prospective cohort study;prostate cancer;prostate cancer care;prostate cancer care warrant long-term investigation;provision of integrated exercise pathway;referral rate;serious adverse event;societal change;stamina trial;standard prostate cancer care;supervised exercise training;supervised exercise training intervention;target dose;training intervention;united kingdom;warrant long-term investigation
34219197	acute appendicitis;american association;cohort study;complex case;complicated appendicitis;complication occurrence;complication rate;conversion to open surgery;emergent appendectomy;endoscopic surgery;increase of a unit;italian hospital;italian society of endoscopic surgery;likelihood of complication occurrence;national basis;new technologies;number of complication;number of post-operative complication;observational study;open surgery;pandemic wave;post-operative complication;primary outcome;registration number;secondary outcome;severe appendicitis;significant reduction;society of endoscopic surgery;study period;surgery of trauma;surgical technique;trial registration;trial registration number;type of surgical technique
32759252	acute respiratory syndrome;al patient;analysis of available evidence;approximate median infectious period;asymptomatic case;available evidence;central tendency;evidence base;health information;health information quality authority;hospital discharge;hrb open database;infectious parameter;infectious period;information quality;information quality authority;information source;key parameter;less severe case;literature review;maximal infectious period;mean duration;mean time;median infectious period;methodological approach;model infectious parameter;narrative review;narrative review of viral dynamics;nhs evidence;open database;overview of the variation;parameter space;patient recall bias;pcr test;potential maximal infectious period;potential patient recall bias;preliminary evidence base;quality authority;recall bias;repeated diagnosis;respiratory syndrome;search term;sensitivity analysis;severe acute respiratory syndrome;severe case;substantial variation;symptom onset;symptom onset time;symptom onset to hospital discharge;symptomatic case;time to death;variation of the parameter;viral dynamics;viral load;viral load synthesis;viral replication
34988861	% cancer diagnosis rate;breast clinic;breast service;cancer diagnosis;cancer diagnosis rate;cancer network;data point;data source;diagnosis rate;general practitioner;one-stop breast clinic;one-stop clinic;overhaul of the symptomatic breast service;pandemic peak;pandemic year;peak of the pandemic;percent of referral;primary care;purpose of this study;substantial overhaul of the symptomatic breast service;suspected cancer;symptomatic breast service;total number;total number of referral;trend of referral;university hospital;urgent referral;urgent suspected cancer;wales cancer network;working of the breast clinic;worried well
35383994	clinical feature;letter to the editor;retrospective study;study abstract;virus disease
33424954	aerosol sample;air of a clinic;air sample;air sampling;air sampling study;care center;cell culture;collection of a positive sample;environmental aerosol sample;estimated concentration;fast-growing human respiratory virus;function of time;health care;health care center;human respiratory virus;human specimen;multiple virus;patient specimen;patient traffic;pcr test;positive sample;respiratory virus;sanger sequencing;student health care center;test sample;university student;university student health care center;virus genome
33963250	affected patient;candidate variable;certain laboratory finding;critical outcome;early phase;hepatic disease;infected patient;laboratory finding;literature database;location of the infected patient;medical condition;mortality rate;north america;overall population;patient demographic;phase of the pandemic;platelet count;poor prognosis;poor prognosis of the disease;prognosis of the disease;regional difference;regional risk factor;respiratory disease;risk factor;systematic review;various literature database
34881119	aetiological investigation;age group;autoimmune disease;cardiac complication;chest pain;clinical manifestation;delayed presentation of pericarditis;emergency department;experienced fever;family history;hashimoto thyroiditis;low-grade fever;male adolescent;medical community;medical team;old male;patient experience;patient experienced fever;pediatric population;pericardial effusion;presence of pericardial effusion;presentation of pericarditis;rest of the aetiological investigation;rheumatoid arthritis;serology assay;severe disease;two-day history;variety of clinical manifestation
34622966	% required tube feeding;acute hospital;cohort study;conclusion dysphagia;functional oral intake scale;high rate;history of intubation;intake scale;ireland objective;language therapy;level of evidence;modified oral diet;modified oral intake;neurological manifestation;observational cohort study;oral diet;oral intake;oral intake scale;oral intake status;perceptual voice quality;prospective observational cohort study;required tube feeding;severity scale;significant improvement;study design;study design prospective observational cohort study;trajectory of dysphagia;tube feeding;voice quality;wave of the pandemic
35132343	
32602111	airway management;airway management isolation chamber;isolation chamber;management isolation chamber
32897869	% of health care provider;accountability act;area network;care organization;care provider;civil rights;data breach;enforcement of the health insurance portability;health care;health care industry;health care organization;health care provider;health insurance;health insurance portability;insurance portability;less research;local area;local area network;new platform;next pandemic;number of attack;penetration test;regular penetration test;secure network;software upgrade procedure;substantial literature;understanding factor;upgrade procedure;virtual local area network;well-defined software upgrade procedure
33692744	39-year-old female;artery infarction;associated stroke;available literature;baseline situation of the patient;case report;cerebral artery;cerebral artery infarction;cerebral stroke;cerebrovascular disease;comprehensive review;comprehensive review of the available literature;current stroke guideline;effective life-saving treatment;evolution to a serious disease;hemispheric syndrome;large vessel occlusion;left hemispheric syndrome;life-saving procedure;life-saving treatment;major risk factor;malignant cerebral artery infarction;malignant cerebral stroke;malignant stroke;middle cerebral artery;mortality rate;neurological status;oral contraception;risk factor;risk of evolution to a serious disease;serious disease;situation of the patient;stroke guideline;surgical treatment;unique scenario;vessel occlusion
32659213	coagulation disorder
32621859	health profession;health professional;narrative review;narrative review study;potential risk;protection challenge;review study;serious risk;special attention;special care;vertical transmission
35378801	
34493506	available evidence;cohort study;current available evidence;dissemination ethics approval;economic reform;essential service provision;ethics approval;evidence map;evidence map protocol;face-to-face contact;high-risk population;impact of disease;long-term consequence;major consequence;multistep project;non-essential service shutdown;ongoing prospective cohort;part of a multistep project;prospective cohort;prospective cohort study;service provision;service shutdown;substance use;substance use disorder
33651340	% female;adult spinal deformity;adult spinal deformity purpose;average age;average time;disability of patient;emotional role;functional outcome score;last fu;marked worsening;outcome score;overall effect;personal care;physical function;psychological factor;significant difference;small improvement;social life;spinal deformity;stable pain;total score;variable overall effect
32610808	access to testing;economic appraisal;future pandemic;great importance;health economics;health economics method;health system;health system capacity;impact of the mix of private-public financing;key trade-off;mix of private-public financing;much uptake of health economics method;national product;national productivity;number of trade-off;private-public financing;prominent role;united kingdom;untold number of trade-off;uptake of health economics method;virus disease
33542501	
34107113	abstract background;chemiluminescence method;clinical study;correlation test;different gender;different group;early elevation;healthy people;serum level;spearman correlation;spearman correlation test;y el
35308830	antigen receptor;approval of chimeric antigen receptor;australian therapeutic goods administration;careful investigation;chimeric antigen receptor;clinical research;clinical researcher;clinical trial;current landscape;current pandemic;degenerative disease;detailed reporting;development of undesirable effect;drugs administration;em cell;european medical agency;goods administration;great promise;hematological cancer;hold great promise;live medicine;medical agency;mesenchymal stem;mesenchymal stem cell;need of urgent treatment;particular hold great promise;possible reactivity;real hope;risk of tissue rejection;safety concern;severe case;significant recognition;stem cell;t cell;therapeutic goods administration;tissue rejection;undesirable effect;untreatable disease;urgent treatment
33920976	current study;demographic variable;direct effect;effective intervention;emotional problem;general public;global pandemic;health profession;health professional;impact of intolerance of uncertainty;integrative uncertainty tolerance model;intolerance of uncertainty;large number;large number of people;mental health;mental health professional;negative emotion;number of people;policy maker;tolerance model;uncertainty tolerance model
34630838	demand of the nation;early part;government of ghana;health organization;health system;isolation center;local manufacturing of personal protective equipment;manufacturing of personal protective equipment;number of measure;onset of the pandemic;personal protective equipment;protective equipment;public gathering;public health;spread of the virus;virus disease;world health organization
35441967	advanced school;carbohydrate chemistry;chemical society;italian chemical society;xvii advanced school
34101084	
32132521	acute respiratory syndrome;acute stress reaction;analysis method;anxiety scale;china background;correlation analysis;cross-sectional observational study;degree of anxiety;equation model;equation modeling;function of medical staff;levels of social support;measured variable;medical staff;multivariate analysis;multivariate analysis method;observational study;one-month cross-sectional observational study;pittsburgh sleep quality index;quality index;rate scale;respiratory syndrome;severe acute respiratory syndrome;sleep quality;sleep quality index;social support;social support rate scale;stanford acute stress reaction;stress reaction;structural equation model;structural equation modeling;structural relationship;support rate scale;virus disease;wuhan city
33418280	case report;infectious spondylitis surgery;literature review;spondylitis surgery
34178332	course of undiagnosed type;diabetic manifestation;infected individual;progression of the course of undiagnosed type;undiagnosed type;young man
33433382	care worker;care workers;conference proceeding;disease outbreak;general population;geographical location of study;grey literature;group a;healthcare worker;healthcare workers;infectious disease;infectious disease outbreak;information bias;location of study;mental care;mental health;mental health of human;post-traumatic stress;post-traumatic stress disorder;prevalence of post-traumatic stress disorder;related symptom;sensitivity analysis;source of heterogeneity;stress disorder;subgroup analysis;systematic search;traumatic stress;virus infection;virus outbreak
35332270	coagulation factor
32708803	accuracy of detection;accurate identification of the virus;assault of the novel corona virus;asymptomatic carrier;average increase;computer scientist;consistent corona virus diagnosis;convolutional long short-term memory;convolutional neural network;corona virus;corona virus diagnosis;deep learning;deep learning model;disease detection;existential threat;experimental result;global assault of the novel corona virus;identification of the virus;inadequate isolation of infected people;infected people;isolation of infected people;late detection;logarithmic loss;long short-term memory;machine learning;neural network;novel corona virus;numerous domain;ongoing assault;short-term memory;social distancing;various reason;virus diagnosis;war ii;world war ii
34405427	% of consultation;antibiotic stewardship;consultation rate;gp consultation;gp consultation rate;interrupted time series analysis;large reduction;monthly antibiotic;pharmacy state;prescriber specialty;primary care;primary care consultation;public health;public health response;recipient age;respiratory infection;respiratory tract;respiratory tract infection;respiratory viral infection;series analysis;study period;substantial reduction;time series;time series analysis;total gp consultation rate;tract infection;viral infection
33768363	critical juncture;historical institutionalism;legitimacy of wildlife protection regime;protection regime;wildlife protection;wildlife protection policy;wildlife protection regime
32539647	nitric oxide treatment;oxide treatment
35145444	adverse effect;cultural industry;cultural sector;economic security;employment loss;erratic work schedule;financial insecurity;financial instability;impact of the pandemic;income instability;lack of economic security;mental wellbeing;mental wellbeing of the population;psychological wellbeing of freelancer;psychosocial support;qualitative study;social support;socioeconomic adversity;uk cultural sector;visual art;wellbeing of freelancer;work dissonance;work schedule
34132326	challenging topic;effect of some exposure;especial attention;instrumental variable;instrumental variable analysis;research question;special attention;study finding;variable analysis
34867130	additional binding site;binding experiment;binding site;complex formation;fragment interaction;host cell;online version;peptide concentration;peptide fragment;short protein;spike protein;supplementary material;t cell;virus infection
35010471	care policy;care worker;care workers;comprehensive knowledge;cross-sectional study;demographic characteristic;dental community;dental student;dental undergraduate;full-time dental student;healthcare worker;healthcare workers;infection control;logistic regression;logistic regression analysis;part of the questionnaire;part of the survey;personal protective measure;policy change;preparedness score;present study;protective measure;regression analysis;sample unit;second part of the survey;sectional study;third part of the survey;urgent need
33352250	contact precaution;conversion of a hospital;hand hygiene;heavy contamination;important rate reduction;infection rate;mexican hospital;rate reduction;substantial reduction
34145087	rna evaluation;vaccine candidate
34280115	belief model;control of vaccine hesitancy;convenience sample;cross-sectional study;family member;hbm factor;health belief;health belief model;high level;key protective measure;lack of vaccine hesitancy;logistic regression;mainland china;model perspective;odds ratio;online survey;online survey study;prevalence of vaccine hesitancy;promotion of vaccination;protective measure;sectional study;standardized structure coefficient;structure coefficient;study background;survey study;vaccination behavior;vaccination rate;vaccine hesitancy;vaccine hesitancy rate;valid participant
32634111	contact tracing;gaming disorder;gaming disorder risk;health profession;health professional;mental health;mental health professional;physical distancing;psychological stress;safe social interaction alternative;social interaction;social interaction alternative;spread of the disease;united states;virus disease
34790054	asymptomatic people;cell type;deadly virus;different immune cell type;diverse response;emergence of new viral strain;immune cell;immune cell type;immune response;immune system;introduction to human;late december;long-lasting immune response;long-lasting immunity;long-term immunity;main reason;main reason of these difference;molecular process;new therapeutic target;new viral strain;percent of people;potential new therapeutic target;research paper;symptomatic people;therapeutic target;viral strain
35006537	care worker;care workers;healthcare worker;healthcare workers
32632359	available drug;cell damage;cell stress response;cellular homeostasis;chronic low level of inflammation;clinical trial;clinical trial setting;corona virus;current pandemic;early nac;early therapeutic intervention graphical abstract;early treatment;elderly individual;enhanced cell stress response;environmental factor;excessive inflammation;graphical abstract;high level;immune response;impact of the virus infection;infected cell;initiator of toxic innate immune response;innate immune response;intervention graphical abstract;literature review;low level;low level of inflammation;mitochondrial function;modulation of nad;oxidative stress;oxygen specie;reactive oxygen specie;redox balance;redox imbalance;ros production;severe infection;severity of viral infection;stress response;therapeutic intervention;therapeutic intervention graphical abstract;tissue damage;toxic innate immune response;treatment of the disease;trial setting;viral infection;virus infection
33814022	advent of a vaccine;death of child;degree of confidence;different region;entire country;incidence profile;infected child;level of infection;low level;number of secondary case;overall conclusion;period of the time;public health;result to the entire country;right decision;risk of school;school staff;secondary case;spite of the fact;symptomatic case
34567255	% decrease;% reduction;acute respiratory syndrome;aim of this paper;cancer care;cancer care line;cancer screening;care of patient;care system;clear difference;cross-sectional study;formula of percentage variation;healthcare system;impact of the pandemic;long-term consequence;new increase;number of procedure;observational cross-sectional study;pandemic period;percentage variation;province of santa fe;public health;public health subsector;respiratory syndrome;santa fe;sectional study;selected variable;severe acute respiratory syndrome;side effect;timely care;virus disease
32360210	letter to the editor;mortality rate;plasma glucose
35584232	% sensitivity;% specific;% specificity;convalescent patient;diagnostic performance;diagnostic performance evaluation;enhanced sewage surveillance;hong kong;inhibitory impact;large-scale trial;large-volume sewage;new case;outbreak trend;performance evaluation;public health;public health intervention;pure water;sewage matrix;sewage surveillance;sewage surveillance program;sewage test;signal source;small-volume sewage;supplementary tool
34822228	essential role;pandemic scenario
33660320	medical student;pre-clinical medical student
32240633	virus disease
33631857	bowel disease;inflammatory bowel disease;melbourne hospital;rapid adaptation;royal melbourne hospital;unique challenge;unprecedented challenge
32499903	area south of milan;chinese tourist;collection of abstract;couple of chinese tourist;difficult decision;european journal of translational myology;european mobility medicine association;experimental biology;full day;hotel augustus;intense connection;intense program;international event;issue of the european journal of translational myology;italian case;italian national government;journal of translational myology;late november;long-distance communication;majority of organizer;medicine association;military response;mobility medicine;mobility medicine association;muscle day;national government;new date;padova university;padua muscle day;place april;recent example;san diego;scientific sessions;south of milan;spread of the infection;thanksgiving holiday;translational mobility medicine;translational myology;vast majority of organizer;world perspective
34673261	certain point;clinical trial;et al;great interest;important work;nicola veronese et al;systematic review;veronese et al
34008930	abstract background;aim of the study;care procedure;care unit;chronic therapy;clinical characteristic;consecutive patient;crude mortality rate;disease understanding;emergency department;epidemiologic characteristic;group of patient;hospital admission;hospital mortality;hospital stay;in-hospital mortality;independent factor;intensive care;intensive care unit;invasive mechanical ventilation;invasive mechanical ventilation n;length of hospital;length of hospital stay;length of stay;male gender;mechanical ventilation;medical advice;medium age;medium length of hospital;medium length of stay;mortality rate;negative pcr;oxygen saturation;private hospital;proportion of patient;renal replacement therapy;renal replacement therapy n;replacement therapy;retrospective study;septic shock;septic shock n;shock n;spanish private hospital;subgroup of patient
32088847	acute respiratory disease;aim of this case series;case series;clinical utility;clinical utility of this imaging technique;complex case;ct finding;ct result;differential diagnosis;differential diagnosis of complex case;emergency setting;evidence of lymph node involvement;hubei province;hubei province of china;imaging finding;imaging technique;infectious disease;lung consolidation;lung lesion;lymph node;lymph node involvement;medical history;node involvement;potential clinical utility of this imaging technique;pulmonary lobe;pulmonary tropism;respiratory disease;respiratory symptom;retrospective review;retrospective review of the patient;suspected case;virus infectivity
35313091	adjusted p;big data;cohort study;comparative cohort study;comparative cohort study of rheumatic disease patient;cox regression;deep learning;deep learning algorithm;disease patient;disease severity;general population;general population comparator;interstitial lung disease;learning algorithm;lung disease;lung disease severity;lung injury;lung involvement;maximum pulmonary x-ray severity;measure of radiographic lung disease severity;mechanical ventilation;percentile score;pulmonary disease;pulmonary x-ray severity;quantitative measure of radiographic lung disease severity;radiograph score;radiographic lung disease severity;radiographic lung involvement;rheumatic disease;rheumatic disease patient;severe pulmonary disease;severe radiographic lung involvement;x-ray severity
33941488	category of patient;chronic liver disease;end of december;entire population;general population;health worker;italian association;liver disease;liver position statement;nursing home;nursing homes;position statement;possible priority;study of the liver position statement;vaccination campaign;vulnerable individual
35122732	pulmonary aspergillosis;time-dependent bias
33435378	advanced multidimensional analysis;aim of this paper;ans disorder;autonomic nervous system;blood pressure;cardiac autonomic nervous system;cardiovascular signal;common symbolic dynamics;common symbolic dynamics entropy;complex mechanism;copula parameter;detailed patient history;dysfunction of the cardiac autonomic nervous system;entropy analysis;further multivariate research;further research;healthy control;heart rate;heart rate signal;laboratory analysis;lung complication;mild patient;multidimensional analysis;multivariate research;nervous system;original cardiovascular signal;patient history;probability signal;sample entropy;serious problem;significant difference;statistical significance;status of ans;symbolic dynamics;systolic blood pressure;systolic blood pressure signal;systolic pressure;virus outbreak
33167115	challenging topic;virus disease
35008505	adverse effect;adverse event;aim of this study;altered drug metabolism;biological parameter;chromatography high resolution mass spectrometry;clinical trial;different illness;drug metabolism;exogenous fatty acid;fatty acid;fatty liver disease;high resolution;high resolution mass spectrometry;lipid accumulation;liquid chromatography;liquid chromatography high resolution mass spectrometry;liver disease;mass spectrometry;molecular networking;neutral lipid accumulation;new metabolite;obese patient;obese patient metabolism;patient outcome;rennes university hospital;risk factor;university hospital;untargeted screening
32234343	% confidence interval;case fatality;case fatality rate;confidence interval;effective reproduction number;eg method;epidemic curve;existing epidemic curve;exponential growth;exponential growth rate;fatality rate;global pandemic;growth rate;health organization;important finding;main objective of this study;monitoring of transmission;naive cfr;new case;objective of this study;r value;rapid increase;real-time effective reproduction number;real-time monitoring of transmission;real-time reproductive number;recent rapid increase;reproduction number;reproductive number;td method;world health organization;world health organization website
32495819	different countries;plastic surgery practice;plastic surgery practices;surgery practice;surgery practices
32508391	public space
33491147	% bias;academic hospital;acute respiratory distress syndrome;adult patient;baseline characteristic;care unit;chest ct;chest ct examination;cohort study;composite endpoint;composite endpoint death;course of the disease;ct image;ct severity involvement index;disease severity;distress syndrome;f ratio;high involvement;ill patient;ill patients;independent predictor;intensive care;intensive care unit;involvement index;lung ultrasound;lung ultrasound score involvement;lung ultrasound score involvement index;mean age;mean p;multivariate model;primary outcome;prospective cohort;prospective cohort study;pulmonary involvement;register change;respiratory distress;respiratory distress syndrome;secondary outcome;severity involvement index;study background;trial registration;ultrasound examination;ultrasound score;ultrasound score involvement
34427682	abortion care;asynchronous medication abortion care;cohort study;medication abortion care
34966387	acute respiratory syndrome;body weight;desirable human antibody;emergency use authorization;human antibody;infectious virus;lung pathology;normal body weight;prophylactic treatment;respiratory syndrome;severe acute respiratory syndrome;spike protein;substantial decrease;substantial decrease of the infectious virus;use authorization
35051130	united states
32346493	clinical presentation;health status;infected pneumonia
34903197	activity level;associated public health measure;child interview;common facilitator;community closure;content analysis;health guideline;important authority;online version;ontario parent;physical activity;physical activity venue;pronounced theme;public health;public health expert;public health guideline;public health measure;return to play;sport behaviour;sporting event;supplementary material;thematic content analysis
35151823	acute respiratory syndrome;bacterial pathogen;bacterial virus;complementary therapeutic agent;comprehensive review;defense response;detection technique;efficacy of antibiotic;engineered synthetic phage;epidemiological model;general new viral pathogen;genetic content;health challenge;host immune system;immune system;inflammatory response;life-threatening viral pneumonia;new vaccine;new variant;new viral pathogen;novel approach;phage cocktail;phage display;phage interaction;phage therapy;plausible solution;possible approach;present pandemic;rapid spread;respiratory syndrome;secondary infection;serious health challenge;severe acute respiratory syndrome;similar morphology;synthetic phage;therapeutic agent;urgent need;vaccine development;viral pathogen;viral pneumonia;virus detection technique;virus disease
34803818	ambitious target;anticipated regulatory network;assessment of the possibility;consideration of the resource;contextual condition;future mentoring;key skill;mentor training;mentoring program target;mentoring programs research;ongoing school mentoring;potential mentor;problem coping;program target;programs research;regulatory network;school mentoring;school mentoring programs research;school student;secondary school;secondary school student;social target;sufficient resource;traditional mentoring;trained mentor;untrained one;various condition
32337584	abstract background;acute respiratory syndrome;asymptomatic case;care worker;care workers;chart review;clinical symptom;conclusion person-to-person transmission;contact case;ct value;dialysis unit;eleven case;epidemiological link;epidemiological observation;exposure to the index case;flu-like symptom;healthcare worker;healthcare workers;high viral load;high viral shedding;hospital setting;index case;index patient;infected contact;life-threatening respiratory condition;nasopharyngeal swap;patient interview;pcr result;pediatric dialysis unit;person-to-person transmission;positive case;positive result;positive test;positive test result;respiratory condition;respiratory syndrome;severe acute respiratory syndrome;symptomatic case;test result;threshold cycle;university hospital;viral load;viral shedding;virus disease
32624392	acute respiratory syndrome;airway opening;assessment grid;clinical practice;delicate technical act;demonstration of the kit;ent physician;high risk;high risk of viral dissemination;high-tech mannequin;low-tech procedural simulator;percutaneous tracheostomy;percutaneous tracheostomy simulation;positive patient;precarious respiratory status;procedural simulator;recommended precaution;respiratory status;respiratory syndrome;severe acute respiratory syndrome;simulation scenario;simulation training;specific preparation;step-by-step schedule;technical act;training module;type of simulation;video analysis;viral dissemination
33706836	second-line defense
34697001	antiviral drug;decrease of admission;end of the follow-up;epidemic period;hospital admission;introduction non-pharmaceutical intervention;investigation project;method multicenter;non-pharmaceutical intervention;novel research;pandemic period;pandemic season hospital admission;pandemic year;peak month;pediatric population;progressive decrease of admission;purpose novel research;quantitative manner;respiratory virus;season hospital admission;simple intervention;spain introduction non-pharmaceutical intervention;spanish hospital;spread of respiratory virus;study period;unexpected change
32354772	
35195025	acceptable method;delivery of pulmonary rehabilitation;digital access;digital literacy;low level;minority of patient;pandemic objective;proportion of patient;pulmonary rehabilitation;pulmonary rehabilitation programme;pulmonary rehabilitation programme model;rehabilitation programme
33141912	
32985745	aim of this study;care worker;care workers;dermatological life quality of the health care worker;dermatology life quality index;education level;hand wash;hand washing;hand washing rate;health care;health care worker;health care workers;high risk;life quality index;life quality of the health care worker;management method;management of possible skin symptom;median age;metal nose bridge;nose bridge;pandemic abstract;personal protection;personal protection equipment;personal protection measures;possible skin symptom;presence of skin problem;proper hand washing rate;protection measures;quality index;quality of the health care worker;skin disease;skin problem;skin problems;skin symptom;use personal protection measures
34326985	rare event;regulatory misalignment;side of rare event
35175442	aim of this study;al patient;care organization;clinical outcome;clinical outcome of neurological patient;clinical presentation;cohort study;cox regression;disease severity;early management of neurological patient;early steroid treatment;importance of standardized early management of neurological patient;less oxygen support;management of neurological patient;mortality rate;neurological patient;online version;oxygen support;pandemic wave;second pandemic wave;second wave;standardized early management of neurological patient;steroid treatment;supplementary material
32007643	basic reproduction number;confirmed case;early phase;early phase of the outbreak;epidemic curve;estimated intrinsic growth rate;estimation of r;exponential growth;exponential growth model method;growth model;growth rate;impact of the variation;intrinsic growth rate;mainland china;major city;mean r;model method;reproduction number;serial interval;time series;true unknown si;unknown si;virus disease;y la
33822099	cluster of differentiation;european population
35597776	antibody response;assessment of the intensity;follow-up profile;general population;general population assessment of the intensity;heterogeneity of the antibody response;humoral response;igg titer;infected adult;infected subject;last vaccine injection;serological survey;serological testing;strong heterogeneity of the antibody response;uninfected adult;vaccine injection;vaccine protocol
33452734	active ingredient;acute respiratory syndrome;certain therapeutic effect;effective active ingredient;encyclopedia of gene;functional analysis;gene ontology;gene tissue analysis;interaction network;intervention score;necrosis factor;new perspective;pathway analysis;plasmon resonance;potential drug;protein interaction;protein p53;respiratory syndrome;severe acute respiratory syndrome;surface plasmon resonance;t-cell receptor;target selection;therapeutic effect;tissue analysis;tumor necrosis;tumor necrosis factor;tumor protein p53;verification of active ingredient;virus disease
35340778	catastrophic complication
32458459	% confidence interval;close monitoring;cohort of patient;confidence interval;cross-sectional study;elderly patient;further investigation;hematologic malignancy;hospital admission;hospital mortality;ill patient;ill patients;in-hospital mortality;logistic analysis;logistic regression;logistic regression analysis;lymphocyte count;lymphocyte ratio;male sex;median age;mortality rate;multivariate logistic analysis;multivariate logistic regression;multivariate logistic regression analysis;neutrophil count;neutrophil to lymphocyte ratio;odds ratio;predictive factor;primary outcome;prognostic factor;r value;regression analysis;retrospective cross-sectional study;retrospective study;sectional study;study abstract;survival group;time of admission;timely intervention;virus disease
35169259	comment article;contemporary example;ent article;experience of a condition;experience of any condition;medical research;person living;public health;public health academic;research agenda;research question
33114356	antiviral target;cell-to-cell contact;current understanding of the interaction;disease pathogenesis;emerging evidence;extracellular vehicle;extracellular vesicle;functional importance of these molecular vehicle;importance of these molecular vehicle;important implication;intercellular communication;molecular vehicle;multicellular organism;new insight;potential therapeutic target;recent research;reveal extracellular vesicle;short overview;therapeutic target;understanding of the interaction;viral pathogen;virus propagation
34188432	african government;common way of infection;contagious variant;control measure;dangerous new variant;different characteristic;different outcome;different possible future scenario;disease spread;disease wave;effective reproduction number;emergence of a new variant;evolution of the number of infection;example of study case;follow-up of the evolution of the number of infection;future scenario;impact of these variant;impact of this type of variant;important difference;important milestone;main mechanism;mathematical model;mortality rate;natural question;new disease;new disease wave;new variant;new wave;number of infection;pandemic case;paramount importance;policy maker;possible future scenario;possible impact;possible impact of this type of variant;reproduction number;research center;rigorous follow-up of the evolution of the number of infection;south africa;south african government;stage of the pandemic;study case;type of variant;united kingdom;vaccination campaign;vaccination rate;virus variant;way of infection
33409040	adoption of these coefficient;certain threshold;hidden correlation;important tool;medical science;medical sciences pearson;operational guide;pandemic emergency;pearson coefficient;sciences pearson;scientific field;scientific information;spearman coefficient;spearman correlation;substantial scientific information;technical report
33908897	ab response;cellular immunity;conventional systemic vaccine;full protection;input virus;mucosal vaccine;multiple dose;naive control;nasal cavity;persistent cellular immunity;protective efficacy;protective mechanism;respiratory tract;rhesus macaque;spike protein;subunit vaccine;systemic immunization;systemic protective mechanism;systemic vaccine;t cell;viral replication
33501506	% correct classification;ace drug;ace receptor;acute respiratory syndrome;apparent recovery;are associated;blood pressure;brain pet;cerebellar cluster;certain symptom;clinical presentation;cognitive impairment;comparison to healthy subject;correct classification;ct class;decongestant spray;frontal cluster;functional complaint;healthy subject;high blood pressure;individual relevance of this metabolic profile;infection symptom;infectious stage;initial infection;initial infection symptom;local database;metabolic cluster;metabolic profile;metabolism of the frontal cluster;metabolism of this olfactory region;nasal decongestant spray;numerous functional complaint;occurrence of certain symptom;olfactory gateway;olfactory gyrus;olfactory region;orbital gyrus;persistent functional complaint;possible role;possible role of ace receptor;preliminary analysis;r value;relevance of this metabolic profile;respiratory syndrome;retrospective analysis;severe acute respiratory syndrome
34904088	% confidence interval;acute diarrhea;acute respiratory syndrome;alcohol consumption;antibiotic treatment;cdi development;cdi risk;conclusion cdi risk;confidence interval;diagnosis of cdi;etiology of acute diarrhea;history of alcohol consumption;infected patient;last year;mean age;observational study;odds ratio;patient outcome;presence of diarrhea;prospective observational study;recurrent disease;referral university hospital;respiratory syndrome;risk factor;severe acute respiratory syndrome;tertiary referral university hospital;university hospital;urban residence;virus disease;watery stool
32502597	new york;the war
34736354	absence of cellular immunity;acute phase;acute phase of virus infection;acute respiratory syndrome;antibody level;antibody response;cellular immunity;clinical trial;control group;enhanced respiratory disease;evidence of vaccine-related pulmonary immunopathology enhancement;great safety concern;group a;initial infection;large clinical trial;level of protection;middle east;middle east respiratory syndrome;nonhuman primate;offer protection;passive infusion;pneumonia model;potential vaccine;pulmonary immunology;pulmonary immunopathology;pulmonary immunopathology enhancement;rapid wide application;recent observation;respiratory disease;respiratory syndrome;rhesus macaque;rhesus macaque pneumonia model;safety concern;severe acute respiratory syndrome;typical immunopathology;vaccine-related pulmonary immunopathology enhancement;virus challenge;virus infection;wide application
34641391	adc arena;an insight;big pharma;cancer therapy;combination of antibody;fda approval;identification of a suitable combination of antibody;landmark year;large number;significant interest;significant market;suitable combination of antibody;therapeutic approach;worldwide attention
32239515	fecal transmission
32753072	care worker;care workers;healthcare worker;healthcare workers;nursing home
35503234	% of respondent;care provider;college graduate;counter supplement;cross-sectional study;dietary supplement;dietary supplementation;different otc supplement;final analysis;further education;health-related behavior;healthcare provider;integration of different otc supplement;integration of otc supplement;jordan objective;online survey;otc supplement;otc supplementation perception;perception score;positive perception;present study;protective role;safe integration of otc supplement;safety of otc supplement;sectional study;senior practitioner;supplementation perception;vitamin c;vitamin d;year experience
32381441	% of nonessential case;american joint replacement registry;care resource;current hip;definition of essential surgery;essential health care resource;essential procedure;essential surgery;essential surgical procedure;financial loss;health care;health care institution;health care resource;important restriction;joint replacement registry;large number;large number of case;major financial loss;majority of hip;nonessential case;nonessential hip;nonessential surgery;number of case;percentage of these case;profound impact;replacement registry;revision hip;surgical procedure;surgical volume;united states;united states background;us hip;vast majority of hip;volume projection
32710774	abstract disclaimer;accepted manuscript;acquisition of active pharmaceutical ingredient;active pharmaceutical ingredient;adaption of drug use policy governance;adaption of the existing framework;adequate supply;alternative treatment;alternative treatment algorithm;big data;broad audience;command response;command structure;compounding of essential medication;crisis response;critical medication shortage;data analysis;drug procurement;drug shortage management;drug shortage management abstract disclaimer;drug use;drug use policy governance;dynamic pharmacy leadership;efficient communication;essential medication;existing framework;final article;final version of record;frequent communication;haven health;health system;incident command response;incident command response team;incident management command structure;key domain;knowledge base;leadership structure;management command structure;medication policy;medication shortage;medication use policy;multiple outlet;new haven health;nimble implementation;patient care;pharmaceutical ingredient;pharmacy leadership;pharmacy leadership structure;pharmacy service;policy governance;positioning of pharmacist;publication of article;quick decision-making;rapid adaption of drug use policy governance;rapid adaption of the existing framework;rapid implementation;rapid implementation of medication policy;shortage management;similar framework;sterile product;strategic positioning of pharmacist;summary yale new haven health;system alignment;system incident management command structure;system knowledge base;system pharmacy service;system success;threat to patient care;unprecedented challenge;use policy;use policy governance;version of record;virus disease;yale new haven health
35048011	adherence to infection control practice;aerosol production;aim of this study;air conditioner;air exchange;amount of aerosol production;care service;dental care;dental care service;dental council;dental practice;dental professional;dental setting;dental treatment room;different countries;elective dental care;further investigation;health guideline;hong kong;infection control;infection control practice;long-term impact;major impact;new norm;new zealand;non-emergency dental care service;oral health guideline;quality of air;social distancing;strict adherence to infection control practice;suspension of non-emergency dental care service;treatment room;use of air conditioner;virus disease
33558097	
33675696	case report;inflammatory syndrome
34757734	accurate diagnostic tool;binding site;clinical sample;clinical specimen;complementary binding site;complete virus particle;detection limit;diagnostic tool;different viral concentration;high selectivity;human corona;influenza respiratory interference virus;low detection limit;performance of the sensor chip;point of care;polymeric matrix;portable device;printed electrode;rapid diagnosis;respiratory interference;respiratory interference virus;satisfied low detection limit;sensitivity performance of the sensor chip;sensor chip;simple point of care;suspected case;target virus;viral complementary binding site;viral concentration;virus particle
35492426	additional reduction;nationwide state of emergency;number of marriage;state of emergency
32304928	abuse disorder;background homeless expert;basic need;big public health risk;borderline situation;circulation result;community transmission;concern of social psychiatry;daily need;extreme stress level;federal housing official;global news;government effort;health condition;health organization;health organizations;health risk;homeless expert;homeless people;housing official;immune system;international circulation result;lack of sleep;large population;large population of homeless people;large-sized newspaper;life expectancy;local street population;low-income patient;mental health;mental illness;outbreak risk;patchwork of government effort;psychological distress;public health;public health risk;serious concern;social psychiatry;street population;stress level;substance abuse disorder;tough moment;underlying health condition;various borderline situation;virus outbreak;vulnerable people
34667785	care setting;case record;classification model;clinical predictive model;comparison of some performance indices;ct scan;ct scan feature;diagnostic feature;different ml technique;disease diagnosis;early prediction of the disease;early treatment;experimental result;focal center;health-care setting;high-quality predictive model;implementation of rf model;learning algorithm;machine learning;medical science;ml algorithm;ml model;ml technique;naive bayes;performance evaluation;performance indices;prediction of the disease;predictive model;present time;primary prevention;random forest;recital of selected ml model;rf algorithm;rf model;scan feature;selected machine;selected ml model;speed of disease diagnosis;support vector machine;unknown nature;vector machine;virus disease
32360231	acute respiratory syndrome;antiviral drug;binding mode;development of new therapeutics;drug target;global emergency;global public health;global public health emergency;health emergency;host cell;host cell adhesion;influenza virus;influenza virus haemagglutinin;knowledge of the potential drug target;mechanism of action;molecular dynamic;molecular dynamics;new therapeutics;potential drug;potential drug target;public health;public health emergency;respiratory syndrome;severe acute respiratory syndrome;spike glycoprotein;structural analysis;t cell;virus disease
34803106	acute respiratory syndrome;autoimmune disease;chronic arthritis;moderate disease;poor prognosis;psoriatic arthritis;reactive arthritis;refractory psoriatic arthritis;respiratory syndrome;severe acute respiratory syndrome;severe manifestation;successful use;viral infection;virus disease
33680350	accessibility of a prophylactic;active substance;acute respiratory syndrome;additional shield;clinical benefit;consuming zinc;disease burden;disease control;global pandemic;human movement;immune response;infected patient;influenza virus;minimal risk;national institute;percentage of the population;preventive measure;prophylactic measure;recommended upper safety limit;respiratory syndrome;safety limit;severe acute respiratory syndrome;therapeutic guideline;upper safety limit;useful prophylactic measure;viral replication;virus disease;zinc supplementation
33840053	administration of ppi;anti-inflammatory drug;anti-inflammatory drug use;chronic kidney disease;composite poor outcome;current interest;drug use;in-hospital ppi use;intensive unit care;kidney disease;literature search;main outcome;mechanical ventilation;negative impact;negative participant;non-steroidal anti-inflammatory drug use;poor outcome;potential association;ppi use;proton pump;proton pump inhibitor;pump inhibitor;regression analysis;risk of pneumonia;risk of poor outcome;secondary outcome;severe cap;systematic literature search;systematic review;unit care
34545952	neutralisation rate;suboptimal neutralisation rate
35081177	educational script
35206434	age group;corona virus;corona virus disease;digital training;extent pa;group a;health consequence;impact of the pandemic;literature search;main characteristic;measurement method;mixed result;negative health consequence;negative impact;objective of this systematic review;outbreak of the corona virus disease;pa change;pandemic restriction;physical activity;physical activity pattern;physical health;population movement;restricted population movement;sample size;significant decline;significant increase;social distancing;systematic review;total sample;total sample size;virus disease
35051664	aim of this study;axial length;coherence tomography;coherence tomography angiography;complete ophthalmological examination;conclusion patient;control eye;correlation of these change;disease severity;evolution of these change;further investigation;healthy control;healthy control eye;healthy eye;healthy individual;healthy subject;infection purpose;initial onset of symptom;inner retinal thickness overall;macular optical coherence tomography;macular vessel density;nerve fiber;normal range;ocular coherence tomography angiography;ocular disorder;onset of symptom;ophthalmic examination;ophthalmological examination;optical coherence tomography;optical coherence tomography angiography;retinal finding;retinal nerve fiber;retinal thickness overall;set of symptom;signal strength index;significant increase;strength index;thickness overall;tomography angiography;vessel density
32495372	abstract emerging evidence;acquired hematopoietic stem cell;activation of the complement system;bone marrow;bone marrow failure;causative agent;complement inhibition;complement pathway;complement protein;complement system;effective therapeutic intervention;em cell;emerging evidence;hematopoietic stem cell;inhibition of the terminal complement pathway;lung injury;nocturnal haemoglobinuria;paroxysmal nocturnal haemoglobinuria;related lung injury;stem cell;terminal complement inhibition;terminal complement pathway;therapeutic intervention
34958526	acute respiratory disease;antibody level;dose vaccination;immunoglobulin g;low immunoglobulin g;low immunoglobulin g antibody;respiratory disease
32327321	assessment model;geriatric assessment;geriatric assessment model
35283488	
35078495	lateral positioning alternate;nasal cannula;nasal cannula patient;positioning alternate
32653855	maternal mental health;mental health
33647988	
34591874	% credible interval;additional intervention;cdc guideline;chain reaction;cost-effectiveness of intervention;credible interval;disease prevention;filtration mask;gateway pcr testing;gateway testing;high filtration mask;in-person instruction;indirect cost;infectious case;mobile application;model parameter;one-time entry;online interface;package intervention;package of intervention;pcr test;pcr testing;polymerase chain reaction;standardized mask;temperature screening;thermal camera;united states;us dollar;value of additional intervention;weekly pcr testing
32376401	
33509849	alert level;bubble member;bubble size;convenience sample;cross-sectional study;cross-sectional survey;essential worker;future pandemic;high proportion;household unit;individual bubble member;infection rate;link to the survey;mailing list;main outcome;mean number;mean number of household;medical research;new zealand;new zealand convenience sample;number of household;old u;online survey;primary outcome;proportion of bubble;public health;public health intervention;research institute;respondent ethnicity;secondary outcome;sectional study;social media;social media platform;vulnerable individual;vulnerable people;vulnerable person
35220656	scientific method
33114654	australian context;australian government;biotechnology information;care workforce;estimated herd immunity threshold;health organisation;health service;herd immunity;herd immunity threshold;important public health service;journal article;key role;literature review;mass vaccination;national centre;natural infection;online library;pandemic plan;pharmacy profession;potential role;potential role of the pharmacist;potential role of the pharmacy profession;public health;public health service;rate of mass vaccination;relevant literature;skilled workforce;territory pandemic plan;unprecedented challenge;urgent development;vaccination policy;vaccine clinic;vaccine clinic location;vaccine delivery;various element;wiley online library;world health organisation
32673509	
34436248	active metabolite;anti-viral effect;crucial protein;drug discovery;full efficacy;high molecular weight;immune response;infected patient;innate immune response;life cycle;literature search;main protease;marine metabolite;marine organism;marine resource;molecular weight;novel drug discovery;numerous active metabolite;numerous compound;ongoing pandemic;potent anti-viral effect;potential lead;potential therapeutics;present review;protein synthesis;select marine;significant potential;urgent need;viral effect;viral entry;viral life cycle
32446801	blood glucose control;challenge to diabetic patient;characteristic of the family;correct management of diabetes;diabetic patient;disease progression;emerging evidence;glucose control;importance of blood glucose control;management of diabetes;mortality rate;particular challenge to diabetic patient;particular severity of the disease;rna virus;severity of the disease;typical characteristic of the family;utmost importance;viral disease;viral disease progression
35309721	address concern;annual booster;electronic health;electronic health record;flu vaccination;general population;health record;health staff;high-risk setting;institutional mistrust;jail health staff;jail resident;logistic regression;major reason;medical mistrust;medical personnel;mistrust of medical personnel;multivariate logistic regression;national general population;northern california;northern california jail;recent flu vaccination;repeated offer;retrospective review;retrospective review of electronic health record;shared housing;side effect;suboptimal efficacy;survey respondent;vaccination rate;vaccine acceptance;vaccine hesitancy;vaccine uptake
35321490	absolute ownership;capitalist quest;catholic social teaching;current pandemic;destination of earth good;earth good;entire development;global emergency;light of catholic social teaching;moral obligation;moral principle;morality of india;patent holder;patent rights;preferential option;private ownership;production process;property right;research literature;right to private ownership;scientific research literature;secondary data;social concern;social dimension;social teaching;social transformation;south africa;spirituality of social transformation;suspension of patent;theological method;universal destination of earth good
32493494	absence of symptom;accepted chemoprophylaxis;active infection;active work;additional file;admission to the intensive care unit;assigned arm;asymptomatic infection;balanced randomization scheme;basal cell;c infection;care personnel;care professional;care unit;chemoprophylaxis of infection;clinical interventional trial;clinical trial;coated tablet;comparator group;comparator intervention;computer-generated numeric sequence;control group;controlled trial;controlled trial background;current high prevalence of infection;current treatment;dissemination of this material;dropout rate;elisa kit;exposure area;eye disease;full protocol;group of health professional;health products;health profession;health professional;healthcare professional;heart failure;high exposure;high exposure area;high prevalence;high prevalence of infection;high risk;high transmission;hospital area;hospital setting;human immunodeficiency virus;hygiene measure;idt probe;igg serology;immunodeficiency virus;infection randomisation;infection randomisation participant;informed consent;intensive care;intensive care unit;interventional trial;level of exposure;liver disease;main outcome;marques de;negative pcr;new york;numeric sequence;observation period;p group;percentage of subject;personal protective equipment;placebo tablet;positive serology;prevalence of infection;primary outcome;primary outcome of this study;primary prophylaxis measure;prophylaxis measure;protective equipment;protective measure;psychiatric illness;randomization rate;randomization scheme;risk exposure;risk of transmission;sample size;screening visit;second week of may;serological evaluation;significant kidney;significant systemic disease;single center;social distancing;spanish agency;statistical power;study observation period;study of this drug;study protocol;sulfate coated tablet;symptomatic infection;systemic disease;technical sheet;treatment arm;trial registration;type of cancer;university hospital;week of may;written informed consent;y el
32330531	appropriate patient care;associated consultation;care provider;categorical variable;consultation outcome;consultation parameter;continuous variable;group of patient;healthcare provider;in-person contact;in-person encounter;in-person exposure;inpatient consultation;inpatient urology consultation;month of march;novel triage pathway;p value;pathway objective;patient care;patient care strategy;patient demographic;physician safety-conscious manner;safety-conscious manner;standard in-person encounter;suspected patient;team member;team member in-person contact;transmission risk;triage pathway;u test;urologic issue;urology consultation;urology patient care strategy;urology team member in-person contact;week period
35586079	background knowledge;binary logistic regression;binary logistic regression model;confidence interval;continuous monitoring program;cross-sectional study;data analysis;dessie city;dessie city health;direct observation;education department;ethiopia background knowledge;grade level;high prevention awareness;household size;infection prevention;ipc training;less misconception;logistic regression;logistic regression analysis;logistic regression model;low level;low level of misconception;low misconception;models i;monitoring program;number of student;odds ratio;positive attitude;preparatory school;preparatory school student;prevention awareness;prevention measure;prevention practice;preventive behavior;regression analysis;regression model;sample size;school student;school-based cross-sectional study;sectional study;significance level;significant factor;structured questionnaire;variable analysis;virus disease
33591938	control study;diagnostic performance;diagnostic value;early predictor;enormous global burden;final variable;global burden;hospital mortality;in-hospital death;in-hospital mortality;in-hospital mortality predictive model;large mortality;model prediction;moderate gap;negative predictive value;positive predictive value;prediction model;predictive model;predictive value;probability of mortality;promising treatment;short time;short time period;study period;suggested model;time period;worldwide mortality
33682315	abstract objective;additional question;care abstract objective;care service;community care service;conclusion government message;government message;home care;home care service;prior year;quality of life;social connection;social network;social network questionnaire;social networks;support initiative;technology adoption;technology use;time point
34790223	access to expert clinical care;access to expert physical therapy service;application of these technique;clinical care;clinical evaluator;clinical outcome;clinical trial;disease trajectory;efficacy of investigational agent;equipment procurement;expert clinical care;expert physical therapy service;feasibility of in-person visit;function assessment;general access to expert physical therapy service;global impact;global pandemic;in-person visit;initial guideline;investigational agent;live video;local clinical evaluator;motor function assessment;neuromuscular disorder;number of sponsor;objective evaluation;payer discussion;physical therapist;physical therapy service;primary endpoint;rapid development;remote delivery;remote evaluation;study protocol;therapy service;travel restriction;work modification
34568168	acute respiratory syndrome;attention to social distancing;contact tracing;decline of the disease;detection of infected people;distribution of essential material;essential material;government office;house quarantine;inappropriate decision;infected people;infected surface;lack of attention to social distancing;large crowd;medical center;medical office;mortality of a significant number of people;national committee;number of people;possible gathering;presence of overcrowding;prevention of gathering;private clinic;protective equipment;public office;public service;quarantine of people;rapid detection;rapid detection of infected people;respiratory syndrome;severe acute respiratory syndrome;significant number of people;social distancing;spread of the virus;staff of government office;use of mask;use of protective equipment
35284994	affected patient;breakthrough infection;extension phase;igg level;impact of disease;median exposure;moderate severity;ms patient;multiple sclerosis;normal range;online version;pandemic start;partial vaccination;post-marketing case;rms patient;safety database;serious case;study cut-off;supplementary material;treatment interruption;vaccination status
32730222	% reduction;care worker;care workers;clinical care;clinical cluster;clinical end-user;clinical staff;clinical team;decision making;delivery of remote care;distinct clinical cluster;health care;health care worker;health care workers;hospital environment;infection control;logical next step;majority of staff;maximum impact;medical education;mixed reality headset;mr device;new technologies;next step;objective evidence;observational evaluation;personal protective equipment;pilot project;protective equipment;quality of care;rapid acceleration;reality headset;remote care;staff member;teaching hospital;united kingdom;user experience;virus disease
32673494	associated stress
33720028	careful combination of public cloud;clinical care;clinical trial;combination of public cloud;concurrent clinical trial;current health condition;data collection;digital behavior;digital device;early experience;ease of use;further sensor collection;health condition;health outcome;integration of wearable device;machine learning;on-premises operation;personal digital device;positive engagement;public cloud;range of data collection;research study;research study operation;sensor collection;set of dashboard;test use case;use case;wearable device
33435808	adaptive immunity;adaptive immunity arm;adaptive potential;b cell;cell-killing mechanism;comparative vertebrate;effective way;immune memory;immune system;immunity arm;innate immune system;memory activation;modulation of response;pathogenic specie;pattern recognition receptor;recognition receptor;vegetal model
34193877	% confidence interval;24th december;acute kidney;acute kidney injury;additional analysis;aki severity;blockade exposure;blockade use;careful monitoring of renal complication;confidence interval;disease patient;drug class;electronic database;incident aki;kidney injury;monitoring of renal complication;odds ratio;potential risk;potential risk of aki;renal complication;renal outcome;risk of acute kidney injury;risk of incident aki;systematic review;virus disease
34627082	acute respiratory syndrome;ample repertoire of healthy unexposed subject;analysis resource;binding capacity;capacity of long peptide;effector subset;epitope database;healthy unexposed donor;healthy unexposed subject;hla molecule;i allele;immunogenic capacity of long peptide;immunogenic t cell;infected individual;long peptide;memory t cell;mhc i allele;mira database;neural network;public shared repertoire;reactive cell;repertoire of healthy unexposed subject;respiratory syndrome;severe acute respiratory syndrome;shared repertoire;significant proportion;stabilization assay;t cell;t cell reactivity;t cell receptor;t clone;unexposed donor;unexposed subject
34256928	cerebrovascular disease;clinical stroke practice;journal of stroke;retraction notice;stroke epidemiology;stroke practice
32343996	
32387409	% male;% of patient;adverse event;angiotensin ii receptor blocker;az combination;cardiac toxicity;clinical outcome;clinical worsening;day hospitalization;early treatment;fatality rate;france background;good clinical outcome;ii receptor blocker;low fatality rate;mean age;mild adverse event;poor clinical outcome;positive test;prolonged viral carriage;receptor blocker;respiratory failure;retrospective analysis;serum concentration;severity of illness;skin symptom;viral carriage;viral culture;viral load;viral shedding;virological cure
34237727	absolute number of patient;acute disease;acute stroke;acute stroke admission;admission rate;arrival to brain imaging;brain imaging;care system;demographic characteristic;great concern;health-care system;hemorrhagic stroke;hospital admission;hospital arrival to brain imaging;hospital care;hospital mortality;hospital stay;in-hospital care;in-hospital mortality;ischemic attack;israeli national stroke registry;key parameter;length of hospital;length of hospital stay;lifesaving procedure;marked decrease;medical care;national stroke registry;number of patient;observational study;public awareness;public awareness campaign;rate ratio;retrospective observational study;secondary prevention;secondary prevention treatment;significant change;start of the pandemic;stroke care;stroke management;stroke registry;tertiary hospital;transient ischemic attack;urgent stroke care
34845183	venous thromboembolism
33855698	
34870100	% required admission to the intensive care unit;admission to the intensive care unit;blood group;blood group type;blood type;care unit;clinical outcome;cohort study;course of the disease;death rate;duration of hospitalization;geriatric patient;global health;global health problem;group b;health problem;hospital stay;host factor;intensive care;intensive care unit;length of hospital;length of hospital stay;length of stay;length of the hospital stay;major global health problem;mortality rate;novel viral disease;observed mortality rate;person-to-person transmission;required admission to the intensive care unit;retrospective cohort study;sample of turkish patient;significant change;significant relationship;significant role;similar death rate;spectrum of severity;treatment response;turkish patient;viral disease;virus disease;wide spectrum of severity
35310793	acute lung injury;airway pressure;care resource;central obesity;combination supine position;continuous positive airway pressure;cross sectional study;emergency department;invasive ventilation;low resource setup background;lung injury;maximal oxygenation;nasal prong;need of the day;non-invasive ventilation;oxygen saturation;position change;position change of patient;position of comfort;positive airway;positive airway pressure;prime reason;prone position;related acute lung injury;resource setup background;right lateral;sectional study;setup background;supine position;use of continuous positive airway pressure;use of non-invasive ventilation
34682939	% of nurse;care department;care worker;care workers;chronic health problem;cross-sectional national online survey;depression level;devastating impact;emotional support;global pandemic;health problem;health service;healthcare worker;healthcare workers;help to nursing administrator;high stress level;impact of psychological distress;inpatient care department;mental health;mental health of nurse;mental health service;national online survey;nursing administrator;online survey;outpatient department;patient care;psychological distress;stress level;tremendous help to nursing administrator;virus disease
35013191	% of convalescent;% of individual;anti-viral immunity;antibody level;antibody titer;boost vaccination;convalescent individual;delayed response to vaccination;dynamics of anti-viral immunity;follow-up period;long-lasting immunity;long-term follow-up;response to vaccination;selective increase;simultaneous increase;specific immunity;t cell;t cell immunity;t cell response
35165656	booster immunization;care worker;care workers;frequent local reaction;healthcare worker;healthcare workers;less systemic reaction;local reaction;safety profile;second dose;short term;short term safety;short-term safety profile;systemic reaction;third dose
35312380	are associated;cohort study;venous thromboembolism
34415401	controlled trial;current general medical practitioner treatment;disposable home;early termination;female urinary incontinence;general medical practitioner;general medical practitioner treatment;medical practitioner;nice guideline;open label;outcome measure;pad test;premature termination;primary care;sample size;significant difference;statistical significance;treatment of female urinary incontinence;urinary incontinence
33330343	common dynamics;component analysis;correlation matrix;correlation test;death rate;epidemic phase;fatality case;financial support;growth national product;high income;infectious disease;inherent factor;life expectancy;longitude range;major indices;national product;official public site;pearson correlation test;physical fitness;population resilience;potential association;principal component analysis;prospective model;public decision;public health;public health context;public site;regression of life expectancy;stringency of the measure;stringent public decision
35233780	abstract introduction;clinical setting;cognitive problem;combined face-to-face on-campus;conclusion occupational therapy student;delivery approach;demographic questionnaire;distance education learning environment scale;education approach;education delivery approach;education learning environment scale;education program;environment scale;evidence of the importance of well-structured program;face-to-face classroom;face-to-face on-campus;further research;group c;health profession;importance of well-structured program;instructor support;learning environment;learning environment scale;lecture content;lecture content delivery;matrix of factor;occupational therapy;occupational therapy instruction;occupational therapy student;online learning;online lecture;online lecture content delivery;pandemic abstract;pandemic abstract introduction;personal relevance;personal well-being;positive experience;psychological motivation;self-directed learning;significant difference;student interaction;sudden change;t test;transition to online learning;undergraduate occupational therapy;undergraduate occupational therapy student;understanding of the matrix of factor;unique issue;university education program;well-structured program
34013051	
32252855	fecal aerosol;rural area
32339218	care worker;care workers;healthcare worker;healthcare workers;sleep quality;working schedule
34782790	acute respiratory distress syndrome;cellular interaction;data availability;distinct neutrophil state;distress syndrome;expansion of distinct neutrophil state;host defense;immature neutrophil;immune cell;immune dynamics;information provider;information receiver;innate immune cell;innate immune dynamics;interferon programming;male patient;molecular mechanism;neutrophil state;new result;respiratory distress;respiratory distress syndrome;respiratory pathogen;rna sequencing;single-cell atlas;single-cell rna sequencing;therapeutic benefit;virus disease
32580924	
32776354	acute respiratory syndrome;clinical spectrum;defense mechanism;elevated systemic metabolic inflammation;high morbidity;initial defect;main risk factor;metabolic derangement;metabolic inflammation;pivotal role;progression to severe acute respiratory syndrome;rapid progression to severe acute respiratory syndrome;recent finding;respiratory syndrome;risk factor;severe acute respiratory syndrome;systemic metabolic inflammation;wide-ranging clinical spectrum;worst-case scenario
33461841	antibody response;architect igg test;background healthcare worker;blot assay;care hospital;care worker;care workers;community risk;cross-sectional serology study;disease transmission;elisa test;epidemiology character;half of the participant;healthcare worker;healthcare workers;hospital setting;igg test;important issue;infection control;infection control policy;mean age;positive serology;positive test;possible community risk;possible hospital;potential exposure;risk factor;serology study;situation report;structured questionnaire;taiwan background healthcare worker;tertiary care hospital;voluntary basis;western blot assay
34256781	30-day mortality;30-day mortality risk;access to emergency surgical care;access to hospital;aim of this retrospective comparative study;blood transfusion;clinical outcome;close correlation;comparative study;day mortality;delayed access;delayed access cohort;delayed emergency department access;emergency department;emergency department access;emergency surgery morbidity;emergency surgery outcome;emergency surgical care;filter effect;group a;infection rate;main clinical outcome;management characteristic;median los;medical history;morbidity rate;mortality risk;negative effect;overall morbidity;patient access to emergency surgical care;period march-may;positive patient;quality of surgical care;retrospective comparative study;severe case;significant difference;subgroup analysis;surgery morbidity;surgery outcome;surgical care
32780757	
34281994	app store;battery drainage;combined set;comparative analysis;comparative analysis objective;decision maker;different region;end user;engineering team;high battery drainage;ireland and;main issue;major issue;northern ireland and;public-health expert;research question;right lesson;satisfaction level;scottish app;sentiment analysis;similar circumstance;software engineering team;software quality;technical issue;user review
34101494	
33462438	mainland europe
32840829	basic need;current situation;effective sharing of basic need;electronic surveillance;few month;practical challenge;sharing of basic need;social distancing;social togetherness;special context;y el
34077572	immune thrombocytopenic purpura;rna vaccine;thrombocytopenic purpura
34975646	absence of similar research;compatibility of online method;current pandemic;current pandemic context;degree student;educational initiative;emergency remote teaching;experience of a university semester;fear of interaction;future research;group learning;important change;important result;individual course;intolerance of uncertainty;music education;online education;online method;online music education;pandemic context;remote teaching;remote teaching method;similar research;teaching method;technological team;theoretical subject;university semester
33177848	acute respiratory syndrome;additional biological relevance;alternative damaging autoimmune mechanism;animal susceptibility;autoimmune mechanism;biological relevance;cellular infection;chronic kidney disease;clinical manifestation;damaging autoimmune mechanism;development of effective treatment;different specie;disease condition;effective treatment;em cell;endothelial cell;enrichment analysis;entry molecule;genitourinary organ;human body;human testis;ill patient;ill patients;immune mechanism;kidney disease;major organ;multiple expression;multiple expression assessment;multiple organ;multiple organ dysfunction;multiple organ dysfunction syndrome;new insight;occurrence of alternative damaging autoimmune mechanism;organ dysfunction;pathogenic mechanism;pivotal entry molecule;proximal tubule;renal endothelial cell;renal proximal tubule;respiratory syndrome;rna sequencing;severe acute respiratory syndrome;single cell;single-cell rna sequencing;specific disease condition;spermatogonial stem cell;stem cell;urinary tract
32652368	elderly patient
33754150	abstract background;american sociological society;briggs institute methodology;conference abstract;conference papers index;data collection;digital device;exploratory phase;extraction tool;implementation challenge;independent review;independent reviewer;institute methodology;joanna briggs institute methodology;multidisciplinary collaboration;papers index;priori extraction tool;relevant article;research design;simulation research;social care;social interaction;social isolation;social network;social networks;sociological abstract;sociological society;use of technology
34568249	agile approach;biological threat;continual investment;cooperative research;country research;disease outbreak;disease surveillance;health system;infectious disease;infectious disease outbreak;infectious disease surveillance;last-minute response fund;material sharing;next outbreak;pandemic potential;part of an agile approach;preventative measure;production issue;related health system;research output;response fund;scientific transparency;successful partnership;successful research;trust building
34665318	30-day surgical site infection;attention to the conservation of personal protective equipment;clinical impact;clinical impact of this policy change;conservation of personal protective equipment;critical attention to the conservation of personal protective equipment;deep space infection;disposable mask;eighty-eight case;elective pediatric general surgery case;extended mask use policy;extended surgical mask use cohort;extended surgical mask use policy;general surgery;general surgery case;impact of this policy change;infection purpose;mask use policy;minimal clinical impact;month of diagnosis;operative intervention;oral antibiotic;pediatric general surgery case;personal protective equipment;policy change;postoperative infection;postoperative intervention;procedure type;protective equipment;rate of 30-day surgical site infection;resource conservation;retrospective review;safe strategy;series of pediatric general surgery case;significant policy change;site infection purpose;space infection;surgical mask;surgical mask use;surgical mask use cohort;surgical mask use policy;surgical site;surgical site infection;use policy
32429009	colorectal surgery;safe colorectal surgery;singapore experience
35170714	acute clinical manifestation;acute viral respiratory syndrome;alveolar hemorrhage;clinical manifestation;current scenario;dengue virus;dengue virus antigen;diagnosis of dengue;differential diagnosis;high incidence;high incidence of these disease;immunological profile;mononuclear cell;overlapping seasonality;predominant respiratory symptom;pulmonary hemorrhage;respiratory symptom;respiratory syndrome;response to stimulation of mononuclear cell;specific characteristic;stimulation of mononuclear cell;viral disease;viral respiratory syndrome;virus antigen
35123395	background brazil;brazilian national household sample survey;care service;exposure to the disease;family member;generation household;health assessment;health care;health care service;health care service use;household sample survey;indicator of exposure to the disease;indicator of health care service use;indicator of subjective health assessment;likely increase;living arrangement;nacional por;national household sample survey;objective indicator of exposure to the disease;physical contact;policy maker;potential infection;probability of testing;sample survey;service use;severe outcome;subjective health assessment;test result;vulnerable group
34444648	aim of the study;complex association;demanding consumer;food choice;food choice determinant;food choice questionnaire;food preference;food preference questionnaire;healthy eater;high preference;high significance;important determinant;important determinant of food choice;indifferent consumer;linear regression;low preference;low significance;natural content;polish adolescent;preference score;preferred meat;public health;public health purpose;quota sampling;random quota sampling;school student;secondary school;secondary school student;sensory appeal;statistical analysis;study food preference;us food;various food choice determinant;various need;whole of poland
33058235	background immunity
33400475	absence of symptom;aim of this project;applicability to various clinical scenario;broad applicability to various clinical scenario;care of patient;clinical care;clinical progression scale;clinical scenario;consensus workshop;content validity;core outcome;core outcome measure;core outcome set initiative;daily fluctuation;de novo;digital content;extreme severity of shortness of breath;failure assessment;health organization;health profession;health professional;implementation of the core outcome measure;important core outcome;likert scale;main result;medical research;medical research council;medical research council measure;minor adaptation;modified medical research council measure;multiple organ;multiple organ failure;online consensus workshop;organ failure;organ failure assessment;outcome measure;progression scale;recall period;recommended core outcome measure;recovery measure;recovery supplemental digital content;relevance of the evidence;research council;respiratory failure;respiratory support;sequential organ failure assessment;set initiative;severity of shortness of breath;shortness of breath;state of health;supplemental digital content;various clinical scenario;virus disease;world health organization;world health organization clinical progression scale
34758422	% female;% male;analysis of variance;anxiety to probable depression;bipolar disorder;current depression;descriptive statistic;everyday life;everyday lifestyle;factorial analysis of variance;family dynamics;final model;future research;general population;half of participant;history of any mental disorder;history of bipolar disorder;history of mental disorder;international study;large international study;linear regression;mental disorder;mental health;mental state;moderate degree;online questionnaire;practical utility;probable depression;relative risk;significant percentage;simple anxiety to probable depression;statistical analysis;statistical analysis descriptive statistic
35291048	academic performance;aim of this study;anatomy course;anatomy laboratory;anatomy laboratory group;anatomy teacher;anatomy teaching;asynchronous online anatomy teaching;asynchronous online video teaching;cadaver dissection;complementary strategy;correlation analysis;examination score;feasible way;final laboratory examination score;group size;impact of asynchronous online anatomy teaching;impact of these change;important finding;laboratory assessment;laboratory examination score;laboratory midterm score;laboratory performance;lecture examination score;likert scale;likert scale survey;low academic performance;medical student;midterm score;national taiwan university anatomy teacher;negative effect;online anatomy teaching;online assessment;online video teaching;pandemic abstract;peer discussion;performance of laboratory assessment;practical dissection;scale survey;second semester;size of anatomy laboratory group;taiwan university anatomy teacher;university anatomy teacher;video teaching;y la
34393592	centre of public discourse;communication network;communicative dynamics;concept of a public sphere;crisis mode;different communicative dynamics;distinct national public;empirical analysis;influenced public discourse;intensified public discourse;methodological innovation;narrowing of the topic agenda;national public;public discourse;public life;public sphere;social media;social media platform;social periphery;swiss user;topic agenda;twitter activity;user behaviour
32222253	italian reproductive medical experience;medical experience;reproductive medical experience
35149232	approval process;clinical trial;clinical trial report;crucial limitation;drug development;general population;iii vaccine trial;peer-reviewed report;phase iii vaccine trial;precision medicine;regulatory guideline;response to vaccine;sex difference;significant breakthrough;trial report;vaccine trial
33253073	
34864190	application process;changes background;cross-sectional analysis;enhanced weighting;graduate status;home neurosurgery program;home program;in-person rotation;international graduate;international graduate status;interview process;match outcome;match result;medical school;medical school ranking;neurosurgery match;neurosurgery program;neurosurgery resident;overall cohort;potential benefit;present study;program geography;program research ranking;research ranking;residency program;safety concern;significant difference;top medical school;video format;virtual application process;virtual video format;virus disease
33883315	alternate method;chronic genetic disorder;enzyme replacement therapy;genetic disorder;home therapy;lysosomal storage disorder;replacement therapy;significant interruption;storage disorder;uninterrupted care;vulnerable patient
33503002	abrupt transition;abrupt transition to digital pathology;additional test case;aim of this study;career level;conventional microscopy;data analysis;diagnostic performance;diagnostic task;different diagnostic task;different item;digital gap;digital pathology;digital pathology solution;digital slide;digital transition;distinction of a malignant process;duration of transition;error rate;field of pathology;gold standard;gold standard method;malignant process;model possible cause;neoplastic process;overall analysis;perception of this abrupt transition;possible cause;probabilistic modeling;process of digital transition;senior pathologist;standard method;study background;survey study;test case;transition to digital pathology
32578210	remote management
35453906	1st hour of admission to hospital;admission to hospital;blood cell;blood cell count;blood test;cell count;clinical characteristic;complete blood cell count;deceased patient;high impact;hospital mortality;hour of admission to hospital;in-hospital mortality;inflammatory index;inflammatory variable;june 2021;lymphocyte ratio;polish study;prognostic implication;purpose of this study;rank test;relation to simple parameter;retrospective study;risk of death;routine blood test;simple parameter;survival curve;systemic inflammatory index
35124470	home parenteral nutrition;parenteral nutrition;referral hospital;tertiary referral hospital
34714362	antiviral activity;antiviral drug;detrimental effect;development of antiviral drug;host cell;interaction of virus;new treatment;online version;protein interaction;s subunit;snake venom;spike glycoprotein;spread of this disease;strong antiviral activity;supplementary material;t cell;useful tool;viral envelope;viral spike;viral spike glycoprotein;viral spike glycoprotein interaction
35578330	care system;care workforce;colossal impact;comparative analysis;contact tracing;contextual practice;cross-country learning of contextual practice;digital health;economic gain;economic growth;economic impact;economic stimulus policy;effective public health;effective public health intervention;essential health service;gender inequality;health communication;health finance;health infrastructure;health security;health service;health system;healthcare system;high inflation;human society;important role;intricate link;isolation measure;learning of contextual practice;medical supply;national coordination;non-pharmaceutical intervention;pandemic impact;pandemic response;physical distancing;public health;public health communication;public health intervention;public health measure;quarantine measure;routine h;situational analysis;situational analysis of the public health;smart investment;social measure;social stability;stimulus policy;sustainable development;testing capacity;treatment capacity;unemployment rate
34017205	average item score;chinese medical student;cognitive presence;conceptual framework;environment support;health of medical undergraduate;health-related demand;high level;home isolation;imbalanced demand;individual characteristic;item score;learning environment;mean p;mean ps score;medical student;medical undergraduate;medical undergraduate education;mental health;mental health of medical student;negative impact;online learning;online learning behavior;online learning environment;online learning environment support;online survey;perception of imbalanced demand;personal resilience;process conceptual framework;process model;prolonged home isolation;ps score;psychosocial health of medical undergraduate;quarantine regime;specific online learning behavior;specific online learning behavior promotion;stress process conceptual framework;stress process model;strict quarantine regime;survey item;undergraduate education;well-established online learning environment support;western china
32589348	% of medical professional;abstract background;acute stroke;acute stroke imaging;acute stroke patient;appropriate precaution;case fatality;case fatality rate;chest ct;chest ct scan;clinical decision;clinical impact;clinical impact of this benefit;ct scan;decision tree;decision tree of the value;disease detection;early detection;early disease detection;exposure of medical professional;exposure reduction;fatality rate;imaging protocol of acute stroke patient;impact of this benefit;life month;measurable benefit;medical profession;medical professional;probabilistic decision tree of the value;probability of patient;proportion of medical professional;protocol of acute stroke patient;purpose acute stroke patient;quality-adjusted life month;urgent imaging protocol of acute stroke patient;virus disease
34142877	abdulaziz university;assessment quiz;bin abdulaziz university;block grade;book exam;book quiz;close book exam;continuous assessment;cumulative block grade;delivery strategy;end of the semester;final exam;health profession;health sciences;king saud bin abdulaziz university;medical school;month of march;on-campus close book exam;online delivery;online delivery method;online teaching strategy;open book exam;open book quiz;option of open book quiz;physiology teaching;revision session;saud bin abdulaziz university;saudi arabia;spring semester;successful final exam;teaching delivery strategy;teaching material;teaching session;teaching strategy;technical issue;training session;video clip
34795818	adult inpatient;care unit;chain reaction;cross sectional study;cross-sectional study;frequency of proteinuria;history of hypertension;intensive care;intensive care unit;kinshasa medical center;laboratory diagnosis;logistic regression;logistic regression model;marker of severity;mean age;medical center;negative proteinuria group;objective of this study;outcome of patient;p value;p value significance level;polymerase chain reaction;poor outcome;poor outcome of patient;positive proteinuria;present cross sectional study;present cross sectional study of proteinuria status;proteinuria group;proteinuria status;regression model;risk factor;sectional study;significance level;variable analysis
35272613	% patient;al patient;are associated;association of group;disease symptom;gastrointestinal symptom;gi symptom;logistic regression;logistic regression analysis;odds ratio;presence of gi symptom;regression analysis;respiratory symptom;risk of hospital;risk of hospitalization;time of admission;total patient
32463093	travel restriction
33190222	30-day mortality;acute kidney;acute kidney injury;acute kidney injury background;acute kidney injury background acute kidney injury;aki incidence;aki stage;albumin creatinine ratio;chronic kidney disease;clear relation to final aki stage;corona virus;corona virus disease;creatinine increase;creatinine ratio;day mortality;filtration rate;final aki stage;functional deficit;glomerular filtration rate;injury background;injury molecule;intensive care;kidney disease;kidney injury;kidney injury molecule;low urinary volume;majority of patient;observational study;particular risk;plasma creatinine increase;prospective observational study;relation to final aki stage;renal replacement therapy;renal tissue damage;replacement therapy;severe albuminuria;severe oliguria;tissue damage;urinary albumin;urinary volume;urine flow;virus disease
32997560	analysis of radiographic image;border control measure;care worker;care workers;clinical decision;clinical diagnosis;control measure;detection method;detection of viral disease;different option;early detection;early laboratory test;effective minimization of the spread;export of the virus;global pandemic;healthcare worker;healthcare workers;key task;laboratory test;method of detection of viral disease;minimization of the spread;national response;radiographic image;radiological image;rapid method of detection of viral disease;similar viral disease;travel restriction;viable cure;viral disease;virus disease;y la
35421155	anonymous investigation;care worker;care workers;common understanding;common understanding of the management;disease infectivity;eligible response;emergent pandemic;general management;global pandemic;great value;healthcare worker;healthcare workers;huge discrepancy;in-hospital isolation;in-hospital release;indicated discomfort;japanese university hospital;level of understanding;medical doctor;multifaceted discussion;okayama university hospital;prevailing concern;questionnaire survey;release of patient;united states;university hospital;virus disease
33224626	activity evaluation;care professional;clinical decision;clinical decision-making;clinical management of patient;clinical question;clinical resource;cme activity evaluation;cme credit redemption process;credit redemption process;education credit;global pandemic;healthcare professional;learning activity;management of patient;new method;observation period;part of the cme credit redemption process;redemption process;significant impact;topic review;user feedback
32945597	abstract aim;alcohol concentration;alcohol consumption;alcohol metabolite ethyl sulfate;alcohol use pattern;area representative;average ratio;catchment area representative;composite influent wastewater sample;consecutive day;consumption ratio;estimated weekend alcohol consumption;ethyl sulfate;hour composite influent wastewater sample;influent wastewater;influent wastewater sample;introduction of social distancing;isolation measure;mass spectrometry;metabolite ethyl sulfate;mid-week consumption ratio;midweek consumption ratio;preceding sampling period;sampling period;social distancing;social isolation;south australia;standard drink;study abstract;treatment plan;treatment plant;twenty-four hour composite influent wastewater sample;use pattern;wastewater analysis;wastewater catchment area representative;wastewater sample;wastewater treatment plant;weekday alcohol use pattern;weekend alcohol consumption;weekend to mid-week consumption ratio;weekend to midweek consumption ratio;weekly consumption
32988978	cardiac complication
34207721	action research;action research approach;bottom-up direction;community connection;community gardening;convenient tool;daily life of resident;entire community;everyday condition;extraordinary circumstance;gardening program;group a;group b;group c;impact of community gardening;interview result;life of resident;major public health scourge;management organisation of pandemic prevention;mental health;negative impact;organisation of pandemic prevention;pandemic prevention;participatory action research;participatory action research approach;positive social mentality;public health;public health scourge;research approach;research team;significant impact;social mentality;subject group
34769806	absolute neutrophil count;absolute neutrophil counts;adverse effect;agranulocytosis case;agranulocytosis incidence;anc level;clozapine monitoring;clozapine monitoring system;clozapine treatment;cumulative analysis;current evidence;current finding;eligible candidate;established clozapine monitoring system;frequency of clozapine monitoring;inconclusive result;individual case;monitoring system;mortality rate;neutrophil change;neutrophil count;neutrophil counts;primary treatment;recent study;sample size;severe adverse effect;significant difference;significant reduction;statistical analysis;study design;temporary reduction;various absolute neutrophil count;virus disease;week period
34908708	affected people;albert camus;bad dream;bogy of the mind;considerable major stress factor;great increase;literary masterpiece;major stress factor;medical fraternity;mere bogy of the mind;moral dilemma;myth of sisyphus;philosophical scripture;psychological illness;stress factor;wealth of guidance
34882720	% of the subject;binary distribution;care service;care service worker;care worker;care workers;clinical characteristic;early period of the pandemic;early phase;early phase of the pandemic healthcare;electronic health;electronic health record;health record;length of sick leave;linear model;long-term consequence;occupational category;occupational group;pandemic healthcare;pandemic policy;patient register;period of the pandemic;phase of the pandemic;prolonged sick leave;public health;public health perspective;related sick leave;residential care service worker;residential care worker;residential worker;risk of sick leave;service worker;sick leave;staff shortage;swedish pandemic policy;symptom onset
35224217	abstract background;care worker;care workers;catch-up program;future pandemic;health center;healthcare worker;healthcare workers;influenza vaccination;proper vaccination;remote area;routine vaccination coverage of child;screening process;significant change;sustained catch-up program;systematic approach;systematic review;systematic search;two-phase screening process;vaccination coverage;vaccination coverage of child;vaccination process;vaccination rate;vaccine availability;vaccine dose
32382746	case series;clinical characteristic;narrative information;pcr test;pharyngeal swab pcr test;spectrum of symptom;swab pcr test;triage patient;wakayama prefecture
34991778	% reduction;booster vaccination;delta variant;delta wave;hospitalisation peak;mathematical model;metropolitan france;protective behaviour;small increase;third dose;transmission rate
32407564	clinical feature;clinical manifestation;cutaneous manifestation;family cluster;few case;new symptom;shortness of breath;skin manifestation;urticarial rash;virus disease
35128391	warming planet
35316929	ablative body radiation;ablative body radiotherapy;acute respiratory syndrome;advanced disease;body radiation;body radiotherapy;central location;direction of research;early stage;effective technique;fractionation scheme;local control;long experience;lung cancer;lung tumor;option cost-effectiveness;promising outcome;prospective safety;pulmonary metastasis;radiobiology study;respiratory syndrome;severe acute respiratory syndrome;single fraction;stereotactic ablative body radiation;stereotactic ablative body radiation therapy;stereotactic ablative body radiotherapy;strong evidence;sufficient maturity;systemic treatment;treatment option;valid treatment option
32533432	american pacific islander;asian american pacific islander;pacific islander
32820721	% elsewhere;acute medicine;asymptomatic staff;care unit;care worker;care workers;healthcare worker;healthcare workers;household contact;intensive care;intensive care unit;intensive care unit staff;observational study;occupational risk;odds ratio;pcr test;pcr testing;positive result;potential risk;prospective observational study;sporadic outbreak;teaching hospital;testing program;uk teaching hospital
34394024	% of power;acute respiratory syndrome;bacterial consortia;bacterial consortium;bacterial network;cavity mucosa;definite structural network;distinct species;double-edged sword;end of symptom;high level;inflammatory profile;interpersonal transmission;local inflammation;marked difference;multiplex immunoassay;new parameter;oral cavity mucosa;oral specie;pilot study;respiratory syndrome;serum sample;severe acute respiratory syndrome;shedding of viral rna;significant diminution;species richness;specific bacterial consortium;structural network;unknown subject;viral rna;virus disease
35568022	prone position
32527466	cardiovascular mortality;protective factor
32494062	author correction
35199310	
35518554	improving staff;oxford university hospitals;personal protective equipment;protective equipment;university hospital;university hospitals
33152182	control de;y el
32590691	et al;hydrogen sulfide;outcome association;serum hydrogen sulfide
33547814	17 as;clear heterogeneity;different socioeconomic standard;double positive;egyptian cohort;episode abstract;high socioeconomic standard group;humoral response;igg double positive;igg prevalence;immunoglobulin g;immunoglobulin m;impact of socioeconomic level;inverse correlation;low socioeconomic standard group;socioeconomic level;socioeconomic standard;socioeconomic standard group
34491565	adverse event;antibody titre;assessment of hazard;blood product;blood regulation;c infection;circulatory overload;convalescent plasma;ethical demand;general adverse event;hepatitis c infection;imprecise assessment of hazard;infectious agent;little systematic study;lung injury;measure of efficacy;mere freedom;objective measure;objective measure of efficacy;precautionary principle;product quality;proposal of a convalescent plasma;putative therapeutic product;regulatory philosophy;risk assessment;systematic study;therapeutic product;traditional regulatory philosophy;use of factor;viral transmission
34230210	activation of immune response;cai et al;care worker;care workers;clinical outcome;disease outcome;et al;expression of the gene;glutamate abundance;glutamate release;health care;health care worker;health care workers;immune response;link to immune response;male patient;male sex;positive feedback;risk factor;sex-related difference;t cell;t cell response;uninfected health care worker;virus disease
33448086	health equity
34110314	care center;health care;health care center;plastic surgery practice;surgery practice;tertiary health care center
34535859	medical oxygen
34412446	beginning of the pandemic;booster dose;close contact;contact tracing;contract tracing;current public health measure;effective measure;end of the pandemic;herd immunity;impact of new variant;korea vaccination;level of population immunity;level of seasonal influenza;minimum of social distancing;new variant;population immunity;public health;public health measure;quarantine measure;rapid contract tracing;risk communication;seasonal influenza;social distancing;targeted contact tracing;vaccination rate;virus disease
34703462	physical inactivity;weight gain
32776538	acute respiratory syndrome;blood cell;current pandemic;hematological system;immune hemolysi;red blood cell;respiratory syndrome;severe acute respiratory syndrome;unprecedented challenge;virus disease
32680626	% response rate;adherence level;adherence to recent operative guideline;baseline stress rate;complete disruption to planned operation;contemporary pandemic stress level;convenience sample;convenience sample of paediatric urologist;daily scheduling;direct effect;discussion of a number of practical implication;disruption to planned operation;effect of the pandemic;few paper;free time;guideline adherence;high level;hospital management decision;impact of the pandemic;individual unit;institutional practice;lack of personal protective equipment;majority of respondent;management decision;number of patient;number of practical implication;operative guideline;paediatric urological practice;paediatric urological productivity;paediatric urologist;pandemic stress level;panel discussion of a number of practical implication;personal protective equipment;personal stress;planned operation;practical implication;pragmatic effect;protective equipment;provider stress summary;recent operative guideline;response rate;risk stratification;risk stratification guideline;stress level;stress rate;stress scale;stress summary;trainee education;trans-atlantic convenience sample of paediatric urologist;unprecedented need;urgent case;urological practice;urological productivity;work balance
34177926	age population;antibody response;asymptomatic infection;c infection;clinical presentation;comparable humoral response;diverse age population;healthy adult;high rate;high rate of asymptomatic infection;humoral response;igg positive participant;marine recruit;marine recruit training base;mild disease;mild infection;mild symptom;multiplex assay;neutralization activity;outbreak of respiratory illness;positive correlation;positive participant;respiratory illness;s protein;serological response;significant loss;symptomatic infection;time point;training base;us marine recruit training base;young adult;young healthy adult
34777896	accuracy of the biosensor;accurate number of people;amount of time;biological process;colorimetric method;common individual;conventional method;detection kit;detection of virus;detection technology;diagnostic device;extraordinary sophistication;global pandemic;immune response;limit of detection;mass production;number of people;portable detection kit;possible candidate;potential diagnostic device;pregnancy test kit;principle of immune response;quantum dot;reliable method;significant amount of time;spontaneous result;test kit;uncontrollable situation;urgent need;viral genome
32100024	suspected case;virus disease
34867122	absolute value;adult population;confirmatory factor;confirmatory factor analysis;factor analysis;irt finding;item response theory;pakistani adult;pakistani adult population;present study;response theory;virus disease
35066705	anatomical positioning;critical review;exact mechanism;extensive research;immunological mechanism;novel insight;particular interest;possible gateway;possible immunological mechanism;preventative measure;subject of particular interest;transmission of this virus;virus disease
35382039	% female;acceptable feasibility;adolescent treatment;anxiety symptom;effective adolescent treatment;effective adolescent treatment option;emotion regulation;health care;health outcome;high acceptability;high attendance;high-risk adolescent;high-risk group;higher-risk adolescent;intervention utility;long-term mental health care;mental health;mental health care;mental health outcome;online mbi;online version;positive impact;pre-test depression;psychosocial outcome;retention rate;risk group;risk level;satisfaction adolescent;satisfaction of an online mbi;significant association;supplementary material;treatment attendance;treatment option;treatment perception
34986676	% of patient;acute respiratory syndrome;antibody level;antibody screening;antibody titer;blood igg level;chain reaction;critical tool;igg level;igg titer;observational study;polymerase chain reaction;quantitative reverse transcription polymerase chain reaction;respiratory syndrome;reverse transcription polymerase chain reaction;serum igg;serum igg level;severe acute respiratory syndrome;sixth month;standard deviation;study background;transcription polymerase chain reaction;virus disease
32421878	care worker;care workers;facial skin;facial skin damage;facial skin lesion;front line;healthcare worker;healthcare workers;mask compression;mental health;pressure ulcer;routine work;self-controlled study abstract;severe skin lesion;skin lesion;study abstract;various facial skin lesion;virus disease
34906234	academic research;care system;future of health care system;health care;health care system;health policy;health service;health system;important new health policy voice;important voice;international health policy;international perspective;key issue;new arena;new health policy;new health policy voice;valuable new arena
33999135	% confidence interval;abstract background;abstract background acute respiratory distress syndrome;acute respiratory distress syndrome;adverse event;available evidence;bias risk;confidence interval;confirmation of efficacy;controlled trial;distress syndrome;invasive mechanical ventilation;mechanical ventilation;mortality risk;odds ratio;release syndrome;relevant trial;respiratory distress;respiratory distress syndrome;risk of adverse event;risk of hospital;search method;standard of care;standard of care therapy;systematic review;virus disease
32635695	university stroke;virus disease
33590152	companion virtue;companion virtue to compassion;frontline worker;frontline workers;medical frontline worker;pandemic abstract;virtue ethic;virtue of solidarity
33988134	academic production;academic production background;english-language article;ent article;general interest;golden year;golden year of otolaryngology research;golden year of research;italian academic production background;italian university;italian university hospital;italian university hospitals;medical indication;number of article;number of ent article;optimal medical indication;otolaryngology research;overall increase;scientific community;university hospital;university hospitals;year of research
32294078	behavior of participant;behavior of people;business people;duration of sleep;emotional state;front-line health worker;health education;health worker;hubei province;isolation of the population;pittsburgh sleep quality index;population of hubei province;population quarantine;positive attitude;psychological counseling;psychological stress;public awareness;quality index;quality of life;quality of sleep;response questionnaire;risk of infection;sleep quality;sleep quality index;somatic response;stress response;stress response questionnaire;study participant;two-week period;university student;virus disease;vulnerable individual;week period
34413324	acute kidney;acute kidney failure;approach to dynamic risk modeling of mortality;baseline characteristic;classification model;confirmed case;disease deterioration;disease progression;dynamic risk modeling of mortality;excellent performance;feature selection;high-risk patient;kidney failure;machine learning;model design;modeling of mortality;monitoring tool;mortality risk;outpatient setting;possible application;prediction model;predictive value;prior acute kidney failure;random forest;random forest classification model;risk modeling of mortality;scalable monitoring tool;stratification of high-risk patient;tract infection;urgent need;urinary tract;urinary tract infection;vital sign
34383756	advanced technological tool;applicability of the methodology;author summary;big data;big data era;care system;computational framework;computational validation of the methodology;dynamical model adjustment;economic impact;epidemiological model;extensive computational validation of the methodology;financial pattern;healthcare system;implementation of quarantine;linear model;mathematical model;mobile phone;mobility value;model adjustment;model predictive control;myriad of information;network structure;nonlinear model predictive control;pandemic spread;partial return to workplace;policy making;population mobility;predictive control;predictive epidemiological model;public health;public policy;quantitative policy;real time;return to workplace;socio-economic factor;technological tool;travel restriction;use of advanced technological tool;validation of the methodology
32675000	% of the participant;cross-sectional study;degree of agreement;detection test;diagnostic test;kappa coefficient;mean age;negative case;positive case;primary care;random sample;rapid detection;rapid detection test;rapid diagnostic test;sectional study
34289965	brain injury;clinical practice;ct of the brain;emergency department;entire cohort;head injury;head injury concern;head injury discharge;head injury presentation;important traumatic brain injury;injury concern;injury discharge;injury presentation;local clinical practice;medical discharge;medical resource;medical review;minor scalp wound infection;negative group;non-medical resource;nursing staff;pandemic background;pandemic background recent research;recent research;scalp wound infection;traumatic brain injury;triage staff;wound infection
33902480	antiviral medication;clinical characteristic;cohort study;disease progression;favorable outcome;outbreak period;pcr test;pcr testing;referral hospital;retrospective cohort study;risk factor;university-based referral;university-based referral hospital
34873885	anonymous questionnaire;anxiety disorder;anxiety response;assessment tool;care worker;care workers;characteristic analysis;clinical attention;construct validity;convergent validity;correlation coefficient;cut-off score;exploratory factor analysis;factor analysis;few scale;graphical abstract;healthcare worker;healthcare workers;internal consistency;major psychological impact;new assessment tool;psychological impact;rank correlation coefficient;response to a viral epidemic;satisfactory internal consistency;valid tool;viral epidemic;virus disease;work-related stress
33626376	cancer mortality
34403943	% of the mask sample;daily intake;different countries;extent of the risk;face mask;graphical abstract;human face mask;limited knowledge;mask sample;moderate level;potential source;safe level;total level;virus disease
34629857	ceremonial behavior;de dato;de los;isolation hospital;self care;skill programme;social network;social networking;transversal y;y el;y la;y social networking
34682492	african experience;african model;aids epidemic;aids relief;cardiovascular disease;care delivery;care infrastructure;chronic disease;delivery mode;deployment of an integrated service delivery model;disease care;emergency response;future pandemic;future pandemic threat;global fund;health system;hiv care infrastructure;infectious disease;integrated care;integrated chronic disease;integrated service delivery model;low-cost intervention;major challenge;next step;pandemic management;pandemic threat;perspective piece;service delivery;service delivery model;south africa;south african experience;south african model;strong support;sub-saharan africa;tropical infectious disease;unprecedented challenge;urgent next step
35399336	acute crisis;advisory system;authorized user;brief overview of the history of the concept;current debate;different prioritization of expertise;empirical evidence;expert system;external mandate;history of the concept;hybrid politicized expert system;labour program;main characteristic;new labour program;online version;online version of this article;overview of the history of the concept;policy advice;policy advisory system;policy decision;policy formulation;politicized expert system;prioritization of expertise;relevant knowledge;scientific knowledge;scientific process;sound empirical evidence;standard scientific process;supplementary material;times of acute crisis;united kingdom;use expertise;use of evidence;use of scientific knowledge
33461516	american medical association;arabic health information;arabic speaker;arabic term;average grade level;ease scale;et al;flesch kincaid grade level;flesch reading ease scale;general population;general population of arabic speaker;grade level;health information;high score;journal of the american medical association;kincaid grade level;level of readability;mean score;measure of gobbledygook;medical association;online readability calculator;online version;quality assessment;quality standard;readability calculator;reading ease scale;search engine;simple measure of gobbledygook;specific arabic term;study background;supplementary material
32358765	
35095602	acute respiratory syndrome;additional goal;association of depression;binomial regression;course of the pandemic;general population;health service;health worker;housing dissatisfaction;main aim;measurement point;mental health;mental health burden;mental health of the population;mental health service;negative binomial;negative binomial regression;negative consequence;numerous negative consequence;online survey;quality of life;relevant predictor;relevant subjective factor;respiratory syndrome;risk of depression;second measurement point;second wave;second wave of the pandemic;severe acute respiratory syndrome;subjective factor;tailored intervention;urgent need;virus disease;wave of the pandemic
34897635	kidney disease
33797339	ace receptor;available alternative;binding affinity;cell surface;cell surface receptor;global economy;global health;global health crisis;health crisis;herbal constituent;high infection;host cell;human cancer;inhibitory potency;major global health crisis;mortality rate;ramaswamy h;significant progression;stable interaction;t cell;target cell;target cell surface receptor;therapeutic efficacy;vaccine development;worldwide pandemic
35194549	clinical course;compulsive disorder;continued health risk;health condition;health guideline;health risk;intense distress;mental health;mental health condition;obsessive compulsive disorder;obsessive-compulsive disorder;overall clinical course;patient preference;psychological assessment;public health;public health guideline;recurrent thought;response prevention;symptom dimensionality;treatment of choice;treatment personalization
34696346	acute respiratory syndrome;aim of this study;asymptomatic patient;care plan;cochrane library;cochrane library plus;common cutaneous manifestation;course of the disease;cutaneous manifestation;dermatological lesion;electronic database;june 2021;literature review;narrative literature review;number of cutaneous manifestation;personalized care plan;relation to severity;respiratory symptom;respiratory syndrome;scientific literature;severe acute respiratory syndrome;severe course;severe course of the disease;skin lesion;symptomatic patient;treatment of skin lesion;urticarial rash;vesicular eruption;virus disease
32500431	aim of this study;asa score;cardiac risk index;care system;care unit;careful selection of patient;collateral damage to patient;damage to patient;few patient;healthcare system;high probability of postoperative intensive care unit;high risk;high-risk surgical procedure;hospital resource;iii and;infectious disease;intensive care;intensive care unit;italian national institute;kidney transplantation;low asa score;low risk;national institute;postoperative intensive care unit;probability of postoperative intensive care unit;risk index;selection of patient;surgical activity;surgical oncology;surgical procedure;systemic therapy;transplant procedure;virus outbreak
34819524	connection method;ct image;data enhancement method;decoder section;dense connection;diagnosis process;effect of this model;enhancement method;experimental result;infected area;infected region;lung tumor;medical institution;msd lung tumor;network structure;new connection method;new network structure;pathological region;rapid spread;rapid spread of the epidemic;residual connection;segmentation of infected region;segmentation of msd lung tumor;training effect of this model
32834192	
33614055	academic medicine;available educational resource;british columbia;clinical practice;clinical rotation;curricular adaptation;curricular transformation;educational resource;educational yield;examination performance;harmonization of modified curriculum;high-quality education;impact of this curricular transformation;independent review;individual goal;knowledge acquisition;lasting impact;modified curriculum;next step;ongoing evaluation;ongoing high-quality education;online delivery;physical distancing;postgraduate training;purpose of review;specific rotation;trainee feedback;trainee wellness;training program;widespread implication
32425288	
34824253	amino acid;bat virus;exchange of spike residue;human lung cell;lung cell;mutation increase;s protein;spike protein;spike residue;viral replication
32582329	authentic dietary guideline;current context;dietary guideline;dietary management;dietary nutrient intake;food practice;food safety;food safety management;health status;immune system;importance of nutrition;life style;nutrient intake;nutritional status;nutritional status of individual;optimal nutrition;proper diet;proper state;safety management;sustainable way
34649268	acute respiratory syndrome;alpha lineage;alpha variant;delta variant;different lineage;early autumn;early summer;epidemiological characterization;june 2021;new variant;respiratory syndrome;series of variant;severe acute respiratory syndrome;sustained introduction;timely epidemiological characterization;transmissible alpha;uk consortium
33104178	culture method;unclear implication;variable viral culture method;viral culture;viral culture method
34868831	algebraic system of equation;caputo sense;collocation method;differential equation;ethiopia government;fractional derivative;fractional order mathematical model;fundamental reproduction number;health official;jacobi spectral collocation method;mathematical model;matrix approach;negative effect;new fractional order mathematical model;next generation;next generation matrix approach;nonlinear system of differential equation;order mathematical model;reproduction number;spectral collocation method;system of differential equation;system of equation;transmission dynamics;vaccine transmission
32502119	academic medical center;body temperature monitoring;cluster information;cluster outbreak;community hospital;control precaution;hand hygiene;health insurance;hospital visit;hospital visitor;identity check;infection control;infection control precaution;local community hospital;medical center;metropolitan hospital;national health insurance;nationwide website survey;number of visit;number of visitor;ordinary ward;relevant detail;study period;temperature monitoring;virus disease;website survey;worldwide pandemic
32596482	
35263375	% confidence interval;% level;adequate evidence;age of health care worker;aim of this study;associated factor;binary logistic regression;binary logistic regression model;care professional;care worker;care workers;confidence interval;consistent information;cross-sectional study;cross-sectional survey;data analysis;favorable attitude;health care;health care professional;health care worker;health care workers;health center;health profession;health professional;hope of vaccine development;logistic regression;logistic regression model;odds ratio;people of the world;perception of health care professional;perception of health professional;place of work;private clinic;regression model;response rate;sectional study;stata version;statistical significance;study area;study period;top concern;unfavorable attitude;vaccine development;vaccine hesitancy;western ethiopia
35592326	acute disease;b cell;b cell development process;cell repertoire analysis;centre mutation;clonal expansion;development process;different infection;endemic viral infection;evidence of germinal centre mutation;focus of the humoral immune response;gene heterogeneity;general response;germinal centre mutation;high level;humoral immune response;humoral response;immature humoral response;immune response;immunoglobulin g;immunoglobulin gene heterogeneity;inference of b cell development process;lack of evidence of germinal centre mutation;lineage analysis;off-target effect;old patient;patient cohort;primary viral challenge;repertoire analysis;repertoire characteristic;repertoire risk off-target effect;respiratory syncytial virus;respiratory syncytial virus immunoglobulin gene heterogeneity;risk off-target effect;selection of the repertoire risk off-target effect;significant difference;striking lack of evidence of germinal centre mutation;syncytial virus;unique characteristic;vaccination sample;viral challenge;viral infection;yellow fever
34747367	attractive therapeutic target;critical role;major mechanism;priming protease;receptor angiotensin;spike protein;therapeutic target;viral spike;viral spike protein;viral spike protein priming protease
33793460	care personnel;frontline worker;frontline workers;health care;health care personnel;vaccine effectiveness
35358722	% cl;binary logistic regression;binary logistic regression model;care unit;clinical outcome;evidence of a difference;hospital length of stay;hospital mortality;in-hospital mortality;intensive care;intensive care unit;intensive care unit length of stay;length of stay;logistic regression;logistic regression model;pct group;pct level;pct measurement;predictor of clinical outcome;regression model;severity of illness;statistical evidence of a difference;y el
32328576	high intravenous dose;high intravenous dose of vitamin c;intravenous dose;virus disease;vitamin c
34075622	% confidence interval;% of primary care provider;% of provider;care delivery;care delivery mode;care delivery system;care provider;community characteristic;confidence interval;critical access;delivery mode;delivery system;digital barrier;digital revolution;disease control;disease outbreak;era policy points;fundamental shift;health access;health care;health care delivery system;health care provider;health equity;health system;immigrant area;infectious disease;infectious disease outbreak;mode of primary care delivery;new york;new york city;new york state;new york university;patient population;policy change;policy points;potential advantage;prevention social vulnerability index;primary analysis;primary care;primary care access;primary care delivery;primary care practice;primary care provider;proactive effort;prominent care delivery mode;prominent mode of primary care delivery;rapid-response survey;small primary care practice;social vulnerability index;socioeconomic status;stay-at-home order;us health care delivery system;vulnerability index
35380101	acute respiratory syndrome;binding affinity;convergent mutation;heavy chain;high frequency;human origin;humoral immunity;mutation signature;novel mutation signature;prominent role;rapid prevention;respiratory syndrome;severe acute respiratory syndrome
32590073	aerosol exposure;air flow;big data;consensus guideline;devastating outbreak;disease burden;disease pattern;disease process;disease transmission;disposable instrument;dreadful pandemic;economic reserve;energy device;enormous proliferation of research;great majority;low mode;management plan;medical discipline;medical expert;medical personnel;negative pressure;negative pressure air flow;negative pressure environment;non-urgent surgery;non-urgent surgical case;non-urgent surgical procedure;pressure air flow;pressure environment;proliferation of research;resource allocation;response of medical personnel;risk of aerosol exposure;risk of disease transmission;room personnel;small trocar incision;surgical association;surgical case;surgical practice;surgical procedure;surgical protocol;tailored approach;tailored approach of patient;trocar incision;urgent surgery;use of disposable instrument;virus disease
32476305	burden of disease;confirmed case;disability weight;disease burden;disease control;fatal case;graphical abstract;korea centers;life expectancy;life table;life year;life years;local government;second wave;similar cause;standard life expectancy;study period;total disease burden;virus disease
34716614	care provider;collective summary;continuous increase;dynamic priority;healthcare provider;human semen;human semen quality;mainstream of the up-to-date published work;negative impact;original publication;particular setting;published work;research approach;semen quality;semen quality parameter;sperm count;up-to-date published work;up-to-date review
35440094	case presentation;case report;cerebral vein thrombosis;chain reaction;chief complaint;clinical manifestation;complaint of respiratory tract involvement;initial chief complaint;initial nasopharyngeal polymerase chain reaction test;iranian woman;ischemic event;nasopharyngeal polymerase chain reaction test;neurological complaint;neurological involvement;polymerase chain reaction;polymerase chain reaction test;respiratory symptom;respiratory system;respiratory tract;respiratory tract involvement;time pass;understanding of the disease;upper respiratory symptom;vein thrombosis;virus disease
33071434	city desire;early stage;employment change;employment of female worker;factory worker;female worker;few month;food insecurity;garment factory worker;garment industry;garment industry job;high level;industrial park;industry job;low-income worker;month period;percent of respondent;phone survey of female worker;policy focus;ready-made garment industry;report barrier;rural area;sharp drop;significant change;survey of female worker;urban area;virus disease;welfare of garment factory worker
33779211	acute respiratory syndrome;community member;essential research;health equity;hiv prevention;infectious disease;new infectious disease;population health;research approach;research design;respiratory syndrome;severe acute respiratory syndrome;virus disease
34253291	analysis foundation;assessment of vaccine impact;clinical research;clinical research unit;consortium member;consortium secretariat;data analysis;data collection;disease analysis foundation;disease burden;effective public health;effective public health intervention;emory university;final responsibility;funding support;gates foundation;global vaccination coverage;group a;harvard university;hepatitis b;hopkins university;impact ratio;influenzae type;international development;japanese encephalitis;johns hopkins university;kaiser permanente washington;london school of hygiene;mathematical model;medical research;medical research council;melinda gates foundation;oxford university clinical research unit;pennsylvania state university;permanente washington;premier fellowship;public health;public health england;public health intervention;research council;research unit;school of hygiene;state university;study design;tropical medicine;uk medical research council;university clinical research unit;vaccination coverage;vaccine alliance;vaccine impact;year of vaccination;yellow fever
34274539	
33955567	abstract background;bed size;care program;certified bed;et al;ethnic census;high nurse staffing;hispanic non-white resident census;home resident;incidence rate;incidence rate ratio;level of registered nurse;long-term care;long-term care program;main outcome;mixed effect;mor et al;negative binomial;non-white resident census;nurse staffing;nursing home;nursing home resident;nursing homes;part of the pharmacy partnership;pharmacy partnership;prior research;rate ratio;registered nurse;related article;related editorial;resident case;resident census;resident day;resident death;rudolph et al;staff abstract background;staff case;urban location;vaccine clinic;week of december
32776524	depression risk
34812845	absence of mass vaccination campaign;age of the child;antibody result;blood spot;canada key points question;canadian child;chain reaction;clinical symptom;cohort study;convenience sample;convenience sample of child;day care;dbs sample;enzyme-linked immunosorbent assay;ethnic minority;ethnic minority group;female individual;immunosorbent assay;important information;key point;key points;key points question;main outcome;mass vaccination;mass vaccination campaign;mild symptom;minority group;online questionnaire;polymerase chain reaction;potential exposure;primary school;research-based enzyme-linked immunosorbent assay;sample of child;school closure;second wave;secondary school;selected school;serological status of child;status of child;t test;vaccination campaign;white parent;young child
32762083	38-year-old subject;age range;autopsy series;brain area;brain tissue;clinical course;deep gray matter;gray matter;helsinki university hospital;hemorrhagic phenotype;ischemic change;ischemic injury;olfactory bulb;olfactory epithelium;parkinson's disease;pattern of ischemic change;positive patient;respiratory control;severe clinical course;severe ischemic injury;small autopsy series;thrombotic complication;university hospital;white matter;white matter lesion
34706299	exhaustive assessment;island inpatient;reunion island inpatient
35073855	aim of this study;average temperature;care unit;daily average temperature;delayed peak;environmental temperature;epidemic peak;epidemiological change;hospital length of stay;influence of the environmental temperature;intensive care;intensive care unit;june 2021;last decade;length of stay;mean temperature;median age;observable epidemiological change;observational study;online version;pandemic background;pandemic outbreak;pandemic period;pediatric intensive care unit;present season;referral tertiary hospital;respiratory syncytial virus;respiratory tract;significant difference;supplementary material;syncytial virus;tertiary hospital;viral circulation;viral infection
33489409	acute papillary necrosis;acute renal papillary necrosis;atypical clinical course;case report;clinical course;clot evacuation;emergency cystoscopy;emergency urological intervention;endoscopic image;establishment of the diagnosis;everyday routine practice;international literature;macroscopic hematuria;male patient;multidisciplinary management;papillary necrosis;positive patient;postoperative period;presentation of renal papillary necrosis;presentation of severe acute papillary necrosis;rare presentation of renal papillary necrosis;renal papillary necrosis;responsible decision;right diagnosis;routine practice;severe acute papillary necrosis;severe acute renal papillary necrosis;severe renal papillary necrosis;unexpected finding;unusual presentation of severe acute papillary necrosis;urinary bladder;urinary retention;urological intervention
34072087	acute respiratory syndrome;binding assay;binding inhibition;binding inhibitor;binding site;cell attachment;effective binding inhibition;efficacy of heparin sodium;global pandemic;heparin sodium;inhibition efficacy of heparin sodium;light of these finding;part of the virus spike protein;plaque reduction assay;receptor binding;reduction assay;respiratory syndrome;safe approach;screening system;severe acute respiratory syndrome;spike protein;step of viral infection;surrogate virus;viral infection;virus disease;virus spike protein
35135773	admission characteristic;alpha variant;association of the alpha variant;control intervention;current literature;descriptive comparison;disease severity;electronic health;electronic health record;electronic health record system;g variant;genome sequence;health record;health record system;healthcare institution;infection control;infection control intervention;inner london;logistic regression;multivariate analysis;pandemic wave;positive case;record system;risk factor;rna test;severity of disease;variable analysis;viral genome
34159155	acute respiratory syndrome;awareness program;care worker;care workers;full background;medical care;medical care worker;possible event;post care;precautionary method;prognosis of the disease;prospective monitoring;psychological status;published review;research article;respiratory syndrome;severe acute respiratory syndrome;unmistakable approach;whole world
35572180	direct effect;health status;indirect effect;mental health;mental health status;number of teacher;online period of schooling;online survey;period of schooling;practitioner points;romanian teacher;small number of teacher;stress condition;virus disease
33627160	% of lung weight;alveolar recruitment;amount of alveolar recruitment;care unit;clinical characteristic;cohort study;comparable clinical characteristic;ct scan;excess lung weight;expiratory pressure;forty-two patient;gas exchange;gas volume;ill patient;ill patients;improvement of oxygenation;intensive care;intensive care unit;limited alveolar recruitment;lung weight;median difference;optimal ventilator management;peep level;pneumonia background;primary endpoint;quartile of recruitment;respiratory system;respiratory system compliance;upper quartile of recruitment;venous admixture;ventilator management;ventilatory ratio
34056576	anxiety disorder;are associated;broad range;care provider;clinical presentation;current discussion;current global psychiatric literature;drastic lifestyle change;effective treatment;future psychiatric condition;global psychiatric literature;health outcome;health sector;health system;healthcare provider;in-depth review of the current global psychiatric literature;lifestyle change;mental health;neuropsychiatric presentation;new psychiatric presentation;positive health outcome;predominant set of clinical presentation;psychiatric condition;psychiatric literature;psychiatric presentation;psychiatric sequela;psychopathological presentation;psychopathological sequela;public health;public health planner;public mental health;range of psychopathological presentation;report anxiety;review of the current global psychiatric literature;set of clinical presentation;societal condition;south africa;substantial morbidity;unprecedented challenge;virus disease;wide range of psychopathological presentation
34939428	30-day follow-up period;30-day mortality;30-day mortality rate;adherence to national guideline;adverse event;association of spine surgeon;british association of spine surgeon;care setting;collaborative study;day mortality;diligent adherence to national guideline;effective planned spinal surgical service;elective spinal surgery;elective spine surgery;elective spine surgery service;follow-up period;hospital stay;individual spinal unit;individual unit;infection rate;inpatient stay;intensive care;intensive care setting;length of hospital;length of hospital stay;length of inpatient stay;majority of patient;mean length of hospital stay;mean number;mean number of procedure;median age;medical complication;mortality rate;national guideline;none of the patient;number of procedure;observational study;outcome measure;phase of the pandemic;planned spinal surgical service;postoperative care;primary outcome;primary outcome measure;prioritization level;prospective observational study;recovery phase of the pandemic;restoration of elective spine surgery;resumption of elective spine surgery service;risk stratification;safety of elective spinal surgery;secondary outcome;spinal centre;spinal surgery;spinal surgical service;spinal unit;spine surgeon;spine surgery;study cohort;surgical adverse event;surgical complication;surgical service;unexpected complication;viral transmission
33686389	abnormal electrocardiograph;abstract aim;acute cardiac involvement;cardiac involvement;cardiac magnetic resonance;cardiac symptom;cardiovascular magnetic resonance;chain reaction;cohort of patient;control subject;early cardiac involvement;extracellular volume;frequent finding;global longitudinal strain;irreversible regional injury;longitudinal strain;magnetic resonance;magnetic resonance imaging;marker of cardiac involvement;myocardial oedema;non-invasive cardiac magnetic resonance;normal control;polymerase chain reaction;regional injury;relaxation time;resonance imaging;reverse transcription polymerase chain reaction;significant difference;tissue characteristic;transcription polymerase chain reaction
35578593	double glove;heavy glove;heavy personal protective equipment;heavy personal protective equipment objective surgeon;impact of heavy personal protective equipment objective surgeon;objective surgeon;pair of glove;peak force;personal protective equipment;prolonged task time;protective equipment;surgical glove;surgical task;task time;total force;touching sensation
35142233	awareness of risk factor;community member;influenza vaccination;influenza vaccine;main theme;necessity of vaccination;own influenza;own influenza infection;primary care;primary care clinic;primary care patient;primary care patients;purpose of this study;purposive sampling;purposive sampling strategy;risk factor;sampling strategy;seasonal influenza;seasonal influenza vaccination;seasonal influenza vaccine;second theme;semi-structured interview;severe disease;thematic analysis
34974674	acute respiratory syndrome;adult patient;bowel disease;clinical trial;consensus statement;current evidence;efficacy of vaccine;expert consensus statement;global health;inflammatory bowel disease;insufficient information;international guideline;intestinal disease;korean association;mass vaccination;national guideline;patients receiving;respiratory syndrome;severe acute respiratory syndrome;study of intestinal disease;unprecedented contagiousness;vaccination issue;various issue;various vaccine;virus disease
34465068	acute ischemic stroke;acute respiratory syndrome;care system;consequential effect;current status;healthcare system;ischemic stroke;literature review;nationwide survey;neurologic manifestation;relevant literature;respiratory illness;respiratory syndrome;severe acute respiratory syndrome;tremendous impact;urgent condition;virus disease
34316049	changed prior;conspiracy theory;erratic behaviour;erratic task behaviour;initial phase of the pandemic;laboratory task behaviour;participant behaviour;phase of the pandemic;potential vaccine;real-world uncertainty;task behaviour
32762346	sentiment analysis
34594139	behavioral response;community involvement;control period;critical frontline;economic resumption;emergency mode;examination of the whole risk chain;feasible option;future response;governance of all people;health governance of all people;limited manpower;old day;ongoing process;pandemic control;possible resurgence;progress of pandemic control;regional sporadic outbreak;regular control period;regular management;rigid management;risk chain;risk governance;risk governance framework;sporadic outbreak;suitable option;systematic examination of the whole risk chain;transformation platform;transition experience;virus spread;whole risk chain
35043033	antigen test;artificial saliva;b virus;capacity of diagnostic testing;centralized setting;chain reaction;control of disease spread;diagnostic test;diagnostic testing;digital health;disease spread;double layer;effective management;electrical double layer;frontline health worker;gold standard;gold standard of viral detection;health worker;influenza b virus;insufficient capacity of diagnostic testing;long turnaround;medical provider;on-site turnaround;polymerase chain reaction;portable system;proactive response;rapid antigen test;rapid screening tool;real-time reverse transcription polymerase chain reaction;reverse transcription polymerase chain reaction;screening tool;transcription polymerase chain reaction;urgent outbreak;user-friendly interface;vaccine implementation;viral detection
34721912	aim of this study;case presentation;case series;case series report;complete excision of endometriosis;diagnostic test;elective endometriosis surgery;elective therapeutic procedure;endometriosis surgery;excision of endometriosis;hospital bed;individual response;invasive complete excision of endometriosis;invasive surgical treatment of endometriosis;medical staff;pandemic stay-at-home guideline;postoperative follow-up;postponement of consultation;public health;public health order;related symptom;routine testing of the patient;safety measure;selected case;series report;sixth month;stay-at-home guideline;strict safety measure;surgical treatment;surgical treatment of endometriosis;testing of the patient;therapeutic procedure;urgent surgery;virus infection
34610907	vaccine passport
35222989	class administrator;college student;communication network;current situation;descriptive method;effectiveness of online learning;field of education;high school;implementation of online learning;junior high school;online learning;online survey;pandemic environment;perception of online learning;quantitative descriptive method;remote area;senior high school
32553562	clinical course;clinical feature;definite treatment;diagnostic value;different clinical feature;early stage;exact mechanism;fast review;gustatory dysfunction;lot of report;novel article;olfactory dysfunction;olfactory function;oral steroid;outbreak site;rapid review;recovery of the olfactory function;respiratory complication;respiratory infection;severe respiratory complication;short time;short time help;smell loss;sudden smell loss;upper respiratory infection;usage of steroid;use of steroid;viral infection;virus disease;virus infection
35128537	alimentary tract;body ingestion;clinical course;daily environment;digital content;endoscopic removal;foreign body;foreign body ingestion;hospital supplemental digital content;lesser need;median age;morbidity of foreign body ingestion;odds ratio;pediatric foreign body ingestion;prior year;resultant stay-at-home order;retrospective review;retrospective review of child;stay-at-home order;supplemental digital content;urgent endoscopic removal;virus disease
33165674	are associated;care unit;chest ct;chest ct scan;complete resolution;complete resolution of pulmonary finding;conclusion extensive lung involvement;course of disease;ct scan;ct severity score;duration of hospitalization;extensive lung involvement;follow-up chest ct scan;follow-up ct;hospitalization time period;initial ct;initial exam;intensive care;intensive care unit;long duration of hospitalization;lung involvement;mean time;mean time interval;medical condition;mid-term chest;mid-term follow-up;occurrence rate;p value;pulmonary finding;rate of complete resolution;residual disease;residual group;resolution group;retrospective study;severity score;time interval;time period;virus disease
32873261	cohort study
32693101	care resource;chronic respiratory disease;critical care;respiratory disease
32512187	additional time;approach matter;assessment of the evidence;available evidence;body of evidence;certainty of evidence;certainty of the available evidence;critical assessment of the evidence;development of guidance;discussion of example;evidence synthesis;grade approach;grade assessment;health claim;intervention effect;iterative discussion of example;large number;large number of people;little additional time;local level;number of people;offering evidence synthesis;paramount example;policy maker;prognostic factor;public health;public health measure;rapid response;ridiculous health claim;routine grade assessment;setting this;specific topic;structured method;study design;test accuracy;unprecedented pressure;virus disease
34268819	speech aerosol
34430514	21st century;acute respiratory syndrome;al patient;cancer patient;cancer patients;emergency hospital;global pandemic;health organization;health organizations;high-risk patient;hospital visit;m distance;middle east;middle east respiratory syndrome;middle east respiratory syndrome virus;narrative review;normal patient;pandemic of 21st century;prescribed medication;respiratory syndrome;respiratory syndrome virus;severe acute respiratory syndrome;syndrome virus;third pandemic of 21st century;treat policy;virus disease;whole world;world health organization;world health organizations
33772419	ambulatory clinic;clinical factor;clinical risk factor;cohort of patient;community ambulatory clinic;community-based outpatient clinic;diverse outpatient cohort of patient;hospitalization risk;initial pandemic surge;marker of hospitalization risk;outpatient clinic;outpatient cohort of patient;outpatient setting;oxygen saturation;pandemic surge;patient cohort;primary language;risk factor;y la
33634042	livelihood assistance;public health;social determinant
35280451	care framework;developmental period;exposure to trauma;informed approach;lasting impact;mental health;patient encounter;psychiatric vulnerability;purpose of review;purpose of review exposure to trauma;recent finding;traumatic event;unique population
33505949	% case;7th may;bilateral lung;cardiovascular disease;case fatality;case fatality rate;clinical characteristic;clinical information;clinical symptom;common clinical symptom;correct diagnosis of disease;ct scan;ct scan of the chest;ct scan result;current review;diagnosis of disease;diagnostic challenge;different countries;eligible article;enlargement of lymph node;estimated median incubation period;fatality rate;glass opacity;global case fatality;global feature;global perspective clinical characteristic;hubei province;hubei province of china;incubation period;information to the physician;laboratory finding;laboratory test;lymph node;management of the patient;median incubation period;medical practitioner;original article;overall case fatality rate;perspective clinical characteristic;prominent laboratory finding;prothrombin time;scan result;scholar database;science direct;serum ferritin;systematic search;useful information to the physician
34817214	acute respiratory syndrome;caribbean nation;community surveillance;dominican republic;dominican republic abstract;gene flow;genome sequence;molecular diversity;phylogenetic analysis;respiratory syndrome;severe acute respiratory syndrome;symptomatic individual
34252379	
33619245	target gene
33644905	abstract aim;aim of this study;appropriate intervention;care management plan;care outcome;care target;category of teaching;clinical characteristic;common problem;common sign;comprehensive nursing care management plan;cross-sectional design;descriptive cross-sectional design;descriptive statistic;descriptive statistical test;dietary management;effective guideline;electronic health;electronic health record;electronic health record software;existing nursing problem;health record;infection precaution;infectious condition;international taxonomy;management plan;medication action;nightingale notes software;notes software;nursing care;nursing care management;nursing care management plan;nursing care target;nursing intervention;nursing problem;omaha system;personal care;research hospital;respiratory distress;response separate guideline;separate guideline;side effect;significant improvement;statistical test;status score;study abstract;substance use
33626155	abstract background;abstract background electronic health;aim of this study;arab emirates;background electronic health;care practitioner;care service;complex process;consideration of various factor;cooperation council;decision making;demographic factor;electronic health;electronic health record;final sample;function characteristic;gulf cooperation council;health record;important factor;member state;mobile health;operational cost;purposive sampling;response rate;saudi arabia;survey link;united arab emirates;various factor;virus disease
33225308	acute respiratory syndrome;case series;cell culture;cell entry;clinical course;clinical trial;disease burden;disease severity;failure assessment;further evaluation;group b;improvement of oxygenation;inflammatory marker;main result;organ failure;organ failure assessment;organ failure assessment score;patients receiving;protease inhibitor;proven protease inhibitor;respiratory syndrome;serine protease;severe acute respiratory syndrome;similar effect;university hospital;viral load;virus disease
35493416	absence of the diagnostic kit;automatic detection of pneumonia;average accuracy;average precision;average recall;average training accuracy;average training false-positive;average training precision;average training recall;chest image;chest x-ray;chest x-ray image;convolutional neural network;convolutional neural network model;detection of pneumonia;diagnostic kit;early detection;false-negative rate;final decision;human health;main reference;mortality rate;negative rate;negative result;network model;neural network;neural network model;radiographic pattern;rate of increase;second reader;simulation result;structural difference;training accuracy;training false-positive;training precision;training recall;valuable information;viral pneumonia;world economy;x-ray image
32516844	et al;laboratory parameter;y la
34184314	% confidence interval;abstract background;al patient;cardiac structure;characteristic analysis;characteristic curve;clinical characteristic;combination of ventricular longitudinal strain;combination of ventricular strain;confidence interval;critical patient;free wall longitudinal strain;incremental prognostic value;independent predictor;logistic regression;longitudinal strain;median follow-up;odd ratio;prognostic value;right ventricular free wall longitudinal strain;risk stratification;variant analysis;ventricular free wall longitudinal strain;ventricular longitudinal strain;ventricular strain;virus disease;wall longitudinal strain
34683149	artificial intelligence;assessment of lung ct;average area;cad framework;cad solution;capability of computer-aided diagnosis;computer-aided diagnosis;crazy paving;ct scan;deep learning;diagnosis of trivial lesion;diagnostic capability of computer-aided diagnosis;diagnostic decision;different patient;effective diagnostic decision;effective tool;execution speed;fast execution speed;glass opacity;health profession;health professional;inference time;lightweight network;lung ct;medical specialist;memory consumption;network design;optimal memory consumption;personalized diagnosis of trivial lesion;preventive measure;robust cad solution;single image;state-of-the-art method;state-of-the-art model;time-consuming process;trivial lesion;various state-of-the-art method;visual assessment of lung ct
35142693	axon preservation;cord injury;cord injury excessive inflammation post-traumatic spinal cord injury;excessive inflammation;excessive inflammation post-traumatic spinal cord injury;expression level;inflammatory storm;injury excessive inflammation post-traumatic spinal cord injury;model of spinal cord injury;mouse model of spinal cord injury;necrosis factor;neurological dysfunction;post-traumatic spinal cord injury;prolonged neurological dysfunction;protective effect;protein expression level;rna expression;secondary injury;spinal cord injury;spinal cord injury excessive inflammation post-traumatic spinal cord injury;stat pathway;successive day;traumatic spinal cord injury excessive inflammation post-traumatic spinal cord injury;tumor necrosis;tumor necrosis factor;vivo experiment
32646505	acute respiratory syndrome;aim of the present study;asymptomatic cancer patient;asymptomatic patient;awareness of symptom;cancer cohort;cancer patient;cancer patient population;cancer patients;chain reaction;clinical follow;clinical routine background;crucial pillar of medical system;current pandemic;department of radiation oncology;educational document;face mask;fractionation scheme;german department of radiation oncology;hygiene regulation;initial screening;large german department of radiation oncology;medical staff;medical system;nasopharyngeal swab;new asymptomatic patient;observed pcr prevalence;pandemic spread;patient population;pcr prevalence;pcr test;pcr testing;pcr testing of asymptomatic cancer patient;pillar of medical system;polymerase chain reaction;positive patient;present study;prevention measure;radiation oncology;regular pcr;respiratory syndrome;routine background;screening station;severe acute respiratory syndrome;simulation ct;staff member;start of the treatment;subsequent step;symptomatic patient;unprecedented challenge
34149003	% of patient;antibody response;asymptomatic infection;c infection;clinical feature;convalescent serum;convalescent serum sample;development of antibody;differential stability;digital content;form antibody;immunologic assessment;majority form antibody;mechanical ventilation;minority of patient;nasopharyngeal swab;prolonged viral shedding;respiratory sample pcr;risk factor;safe strategy;sample pcr;serial nasopharyngeal swab;serial virological sampling;serum sample;severe case;severe disease;sot recipient;spectrum of disease;supplemental digital content;supplemental oxygen;supplemental oxygen requirement;symptomatic infection;transplant patient;transplant recipient;viral load;viral shedding;virological sampling
34091005	abs positive;convalescent individual;effective screening method;follow-up period;large number;screening method;screening strategy;serum sample
34958181	
35289365	abstract background;age range;aim of this study;application of a prioritization score;autonomous government of catalonia;average time;average time of the process;care system;central management time;emergency department;emergency system;experimental design;frequent age range;government of catalonia;healthcare system;iht management time;intervention period;intervention study;majority of patient;management time;medical emergency system;new tool;prioritization score;public company;resource management;resource management time;significant reduction;study abstract;time management;total central management time;usefulness of the application of a prioritization score;virus disease
32799739	adult family member;analysis method;child patient;child sibling;conversation analysis method;discussion of the pandemic;face-to-face outpatient;family member;family need;health communication;health profession;health professional;inpatient consultation;natural experiment;non-serious talk;paediatric palliative care;paediatric palliative care consultation;palliative care;pandemic talk;pandemic time;pervasive relevance;routine paediatric palliative care consultation;serious condition;standard paediatric palliative care consultation;study background;virus disease
32463534	heart failure;heart failure management;heart failure university tertiary referral centre;referral centre;tertiary referral centre;university tertiary referral centre
35542312	abdominal radiograph;abnormal abdominal radiograph;acute respiratory syndrome;associated factor;birth weight;caesarean section delivery;cesarean section;cesarean section delivery;chain reaction;clinical presentation;day of birth;expectant mother;gastrointestinal inflammatory process;gestational age;high rate;inflammatory process;life-threatening gastrointestinal inflammatory process;method this;observational study;pcr result;polymerase chain reaction;relationship to mortality;respiratory syndrome;section delivery;severe acute respiratory syndrome;significant associated factor;suggestive clinical presentation
32354565	de los;el numero de;numero de;y el;y la
32688022	acute respiratory syndrome;breathing difficulty;care worker;care workers;dass scale;degree of psychological impact;depression symptom;early stage;early stage of the outbreak;general population;general population of saudi arabia;general public;general public of saudi arabia;hand hygiene;hand wash;hand washing;health care;health care worker;health care workers;health status;high level;high score;high-school student;medical field;mental disorder;mental health;mental health status;precautionary measure;preventative measure;protective effect;psychological impact;psychological intervention;public mental health;respiratory syndrome;sample technique;saudi arabia;saudi arabia health care worker;school student;severe acute respiratory syndrome;severe psychological impact;severe psychological impact of the outbreak;snowballing sample technique;social distancing;somatic symptom;specific precaution;specific precautionary measure;specific preventative measure;stress scale;stress symptom;timely understanding of mental health status;understanding of mental health status;virus disease;vulnerable population
33581061	active identification;budgetary shortfall;collapse of global trade;consequence of international trade;economic activity;economic recovery;effective public health;exceptional case;food security;general decline;global trade;great pressure;international trade;personal protective equipment;precariousness of income;protective equipment;public health;public health response;safety net;trade policy;transient benefit;travel route;virus spread
32619319	dermatology teaching;dermatology undergraduate exposure;global disruption;global pandemic;graduate medical education;learning new ways of teaching;medical education;medical student;new way;new ways of teaching;qualified doctor;skin condition;undergraduate dermatology teaching;undergraduate exposure;undergraduate medical education;unprecedented global disruption;ways of teaching
35098033	acute respiratory syndrome;adsorption filtration membrane;capacity adsorption filtration membrane;company brochure;development of face mask;development of novel face mask;face covering;face mask;filtration efficiency;filtration membrane;forced widespread use of face covering;generation of face mask;high capacity adsorption filtration membrane;high filtration efficiency;incorporation of metal organic framework;infected aerosol;light weight;mandatory step;manufacture of face mask;membrane material;metal organic framework;new generation of face mask;novel face mask;organic framework;pace of research;pandemic period;printing technique;respiratory face mask;respiratory syndrome;scientific literature;severe acute respiratory syndrome;short review;special attention;time of manufacture of face mask;transmission of infected aerosol;use of face covering;various product;widespread use of face covering
32618967	digital content;early phase;supplemental digital content;surge response;trauma center;trauma center activity
35345704	31-year-old male patient;acute respiratory distress syndrome;care unit;chest wall elastance;clinical course;distress syndrome;esophageal manometry;extracorporeal membrane oxygenation;gas exchange;intensive care;intensive care unit;male patient;mechanical ventilation;membrane oxygenation;old male;old male patient;poor respiratory system compliance;respiratory distress;respiratory distress syndrome;respiratory system;respiratory system compliance;severe acute respiratory distress syndrome;ventilator setting;virus disease;wall elastance
32672061	acute respiratory syndrome;clinical setting;disease outbreak;drawback of natural peptide drug;natural peptide drug;pandemic situation;peptide drug;potential target;prime position;protein interaction;respiratory syndrome;severe acute respiratory syndrome;use of peptide;viral spike
34523132	% of all outpatient;% of all patient;accountable care organization;baseline period;binomial regression;care organization;complexity of patient health condition;control cohort;dual medicaid coverage;end of september;ethnic group;funding source;funding source patient-centered outcome;hcc score;health access;health condition;health service;in-person outpatient visit;lesser reduction;medicaid coverage;medicare patient;monthly average;negative binomial;negative binomial regression;non-white race;outpatient care;outpatient care utilization;outpatient encounter;outpatient in-person;outpatient visit;pandemic cohort;pandemic period;patient care;patient encounter;patient health condition;patient-centered outcome;primary care;primary care encounter;primary funding source patient-centered outcome;prior year;research institute;research objective;significant increase;six-month study period;specialty care;specialty encounter;study design;study period;study sample;substantial significant increase;suburban area;total number;total number of outpatient encounter;total outpatient care;urban area;use of in-person
35246082	adequate invitation source;appointment invitation;appointment timing;background large-scale vaccination;body of discrete choice experiment evidence;choice experiment;close proximity;delivery characteristic;delivery mode;discrete choice experiment;discrete choice experiment evidence;general practitioner;invitation source;key delivery characteristic;large-scale vaccination;local vaccination centre;main effect;min travel time;online sample;online version;population group;strong preference;supplementary material;travel time;uk adult;uk background large-scale vaccination;vaccination appointment;vaccination centre;vaccination program;vaccination programme;vaccination programme delivery;vulnerable population;vulnerable population group;young people
33257418	access facility;game theory perspective;global access facility;theory perspective;wealthy nation
32631682	% hospital;additional socio-economic complication;alarming overview of the unpreparedness of libyan hospital;care delivery;care professional;care system;care unit;care worker;care workers;catastrophic consequence;chain reaction;chain reaction machine;civil war;cross-sectional survey;financial crisis;health care;health care situation;healthcare professional;healthcare system;healthcare worker;healthcare workers;hospital bed;hospital capacity;in-patient bed;infrastructure status of intensive care unit;intensive care;intensive care unit;libyan hospital;low number of personal protective equipment;low resource setting;mechanical ventilator;none of the hospital;number of personal protective equipment;overview of the unpreparedness of libyan hospital;pandemic background;patient hospitalization;personal protective equipment;polymerase chain reaction;protective equipment;resource setting;significant role;socio-economic complication;specialized resource;spread of the pandemic;status of intensive care unit;status of personal protective equipment;unpreparedness of libyan hospital
33844359	abstract aim;adaptation of practical measure;background work engagement;care professional;care worker;care workers;cross-sectional observational study;daily management;dedication dimension;engagement scale;general health;general health questionnaire;harsh condition;health care;health care professional;health care worker;health care workers;health profession;health professional;high level;linear regression;linear regression method;management sense of coherence;meaningfulness dimension;multiple linear regression;multiple linear regression method;nursing management sense of coherence;observational study;practical measure;preventive measure;protective factor;psychological distress;psychological distress level;psychological safety;sense of coherence;sense of coherence scale;severity of the situation;significant correlation;spain abstract aim;spanish health professional;stress level;utrecht work engagement scale;work engagement;work engagement scale;work-related psychological distress;working environment
33824264	% of student;college student;cross-sectional study;depression background;emotional state;epidemic situation of the school;history of a personal contact;information support;occurrence of anxiety;personal contact;possible contact;preventive method;psychological assistance;quarantine history of a personal contact;real-time information;related factor;related information;school support;sectional study;situation of the school;suspected individual;urban student;used method
34597334	confirmatory research;effect of risk framing;experimental study;experimental study reveal;factorial design;government policy;government restrictive policy;individual loss;long-term impact;main effect;moderation effect;negative aspect;personal loss;positive effect;positive moderation effect;restrictive government policy;restrictive policy;risk communication;risk framing;risk severity;social value;survey experiment;web survey experiment
34502799	3d localization;3d localization method;3d world point;accurate height value;accurate location;camera calibration;collinear equation;determination of pedestrian;efficient calculation;experimental result;ground plane;health organization;height determination of pedestrian;height value;image point;innovative pedestrian 3d localization method;localization error;localization method;localization technique;major challenge;method u;monocular camera;monocular image;monocular pedestrian 3d localization;parent-child exemption;pedestrian 3d localization;pedestrian 3d localization method;pedestrian localization error;point cloud;public area;social distance;social distancing;social distancing protocol;social distancing rule;terrestrial point cloud;three-dimensional localization;world health organization;world point
35046607	air pollution;ambient ground-level;ambient ground-level concentration;available ground monitoring;critical need;emission control;fine resolution;fine-scale change;global assessment;global fine-scale change;ground monitoring;ground-based monitoring;human health;important contributor;level p;long-term trend;lower-income region;nitrogen dioxide;observational information;recent ozone;satellite instrument;surface concentration;year-to-year decrease
35128648	abstract background;acute kidney;acute kidney injury;admission to intensive care unit;care intensification;care unit;characteristic curve;composite outcome;early risk stratification;endothelial function;hazard ratio;hospital mortality;hospital outcome;in-hospital complication;in-hospital mortality;in-hospital outcome;intensive care;intensive care unit;kidney injury;length of stay;medical decision;online database;operator characteristic curve;predictive power;primary endpoint;prognostic value;receiver operator characteristic curve;risk stratification;septic shock;virus disease
32609380	disability insurance scheme;insurance scheme;national disability insurance scheme
34608773	61-year-old male patient;abstract adequate immune response;adequate immune response;assist device;booster effect;dose vaccination;heart transplantation;heart transplantation abstract adequate immune response;immune response;immune suppression;immune suppression therapy;left ventricular assist device;male patient;old male;old male patient;organ transplantation;potential booster effect;rapid heart transplantation abstract adequate immune response;rapid heart transplantation abstract adequate immune response to vaccination;response to vaccination;rise to adequate immune response;single dose;single dose vaccination;single vaccination;solid organ transplantation;successful heart transplantation;suppression therapy;ventricular assist device
34648525	african american;african americans;are associated;asthma prevalence;care resource;ecological study;fatality rate;linear model;mobile home;negative binomial;percentage of black;percentage of people;percentage of the population;public health;public health intervention;religious gathering;risk factor;significant morbidity;uninsured people;united states
32294667	adherence to preventive measure;asymptomatic population;basic reproductive number;current pandemic;dynamics of transmission;government decision;preventive measure;rapid increase;rate reduction;reproductive number;set of recommendation;undetectable source;virus disease
34072500	% of dental student;acceptance level;association of dental student;care professional;clinical year;committee of the international association of dental student;cross-sectional study;demographic characteristic;dental student;dependent variable;drivers of dental student;further implementation of epidemiology;global prevalence;healthcare professional;implementation of epidemiology;independent variable;infectious disease;insufficient knowledge;international association of dental student;key role;level of vaccine hesitancy;mass vaccination;mean age;mistrust of government;online questionnaire;pharmaceutical industry;potential driver;public figure;public opinion;scientific committee of the international association of dental student;sectional study;social media;socioeconomic context;vaccine hesitancy;vaccine-related attitude;world region;worrisome level of vaccine hesitancy
35583298	abstract high educational debt;adverse well-being outcome;beneficial work;business of medicine;california health system;clinician indebtedness;degree of financial literacy;designing financial education session;didactic time;educational debt;enhanced well-being;ent physician;family medicine;financial education;financial education session;financial literacy;financial literacy level;financial planning;financial well-being;financial well-being initiative;financial well-being program;general surgery;health system;high education;high educational debt;influence well-being;internal medicine;loan debt;low financial literacy level;medical education;medical education debt;orthopaedic surgery;practical guidance;protected didactic time;qualitative analysis;reflexive thematic analysis;residency program;resident financial well-being program;resident interview;resident physician;resident viewpoint;resident well-being abstract high educational debt;retirement planning;semi-structured interview;sense of agency;southern california health system;stress mitigation;student loan;student loan debt;subset of resident;systemic change;targeted resident financial well-being program;text message;thematic analysis;well-being abstract high educational debt;well-being outcome
32246972	respirator disinfection
33669805	acute respiratory syndrome;animal origin;attention of the scientific community;bat specie;biological diversity;common trait;economic development;emergence of new pandemic threat;few hour;geographical distribution;global human health;global human mobility;global model;globalization of trade;high global human mobility;high viral diversity;human health;human mobility;intensive production of vegetal culture;land-use change;livestock grazing;middle east;middle east respiratory syndrome;natural ecosystem;new pandemic threat;pandemic threat;physiological characteristic;preservation of natural ecosystem;probable animal origin;production of vegetal culture;protection of global human health;respiratory syndrome;scientific community;severe acute respiratory syndrome;vegetal culture;viral diversity;wide geographical distribution
34126613	current evidence;fetal development;intracranial bleeding;maternal infection;mild course;pregnancy current evidence;severe brain;severe brain damage
32500589	heparin treatment;superficial thrombophlebitis
33853700	care worker;care workers;healthcare worker;healthcare workers;higher-risk zip code;home zip code;infection rate;job type;neighborhood prevalence;new york;new york city;virus disease;zip code
34262564	clinical trial;critical illness;igg subclass;immune regulation;immune response;immune response difference;invasive mechanical ventilation;lack of efficacy;limit efficacy;magnitude of increase;mechanical ventilation;progression to respiratory failure;recovery time;repair factor;respiratory failure;significant proportion;tissue repair factor
34370935	age group;binary logistic regression;capital area;categorical variable;dependent variable;detailed guidance;employment status;explanatory power;exploratory factor analysis;factor analysis;full-time worker;high compliance;logistic regression;maintenance of personal hygiene;meeting people;non-pharmaceutical intervention;pandemic objective;personal hygiene;response to social distancing;social campaign;social distancing;virus disease;voluntary compliance
32301809	effective method;smoke evacuation
34251568	liver injury
35255100	actual protein validation;additional tool;analysis of whole syrian hamster lung lobe;animal model;author summary;concerted action;conflicting information;control animal;different receptor molecule;essential different receptor molecule;expression profile;infection dynamics;infection pattern;lung lobe;lung tissue;membrane fusion;microscopy imaging;optical clearing;protein receptor;protein validation;receptor expression;receptor molecule;related infection pattern;relevant protein receptor;serine protease;spike protein;syrian hamster;syrian hamster lung lobe;tissue optical clearing;volumetric analysis of whole syrian hamster lung lobe;whole organ;whole syrian hamster lung lobe;whole tissue
34112877	antiviral activity;antiviral assay;cell line;computational drug;connectivity map;differential gene expression;differential gene expression signature;drug profile;effective treatment;few effective treatment;further analysis;gene expression;human cell;human cell line;initial result;measurable antiviral activity;potential therapeutics;therapeutic candidate;validation experiment
32179701	% credible interval;% of all infection;% of case;acute respiratory syndrome;containment of this virus;contribution to virus spread;credible interval;critical epidemiological characteristic;early infection;early spread;epidemiological characteristic;estimation of the prevalence;et al;fraction of undocumented infection;geographic spread;global virus spread;issue p;li et al;multiple source;overall prevalence;pandemic potential;pandemic potential of this disease;personal isolation;proportion of early infection;respiratory syndrome;severe acute respiratory syndrome;social media;spread of this virus;substantial undocumented infection;transmission rate;transmission rate of undocumented infection;travel restriction;undocumented infection;virus disease;virus spread
33551798	% confidence interval;bowel disease;cd patient;confidence interval;controlled trial;disease patient;inflammatory bowel disease;inflammatory bowel disease patient;odds ratio;patients receiving;placebo-treated patient;pooled rate;rate of respiratory tract infection;respiratory infection;respiratory tract;respiratory tract infection;risk of respiratory infection;safety profile;systematic review;tract infection;treatment group;uc patient;ulcerative colitis;upper respiratory tract infection
34670589	longitudinal ventilatory ratio;treatment response;ventilatory ratio
33363440	contagious disease;detection approach;detection assay;detection of virus;development of effective test;different detection approach;economical system;effective test;emergency fabrication of quick test kit;extensive testing of population;fabrication of quick test kit;fabrication technique;few challenge;further disruption;new virus;past outbreak;pulse sensor;quick test kit;recent publication;resistive pulse sensor;spread of this contagious disease;test kit;testing of population;unequivocal necessity;worldwide task
33660134	chemiluminescence serological assay;complementary serologic assay;control sample;control sera;elisa kit;igg elisa kit;latter value;line test;online version;onset of symptom;r value;second line test;serologic assay;serological assay;set of symptom;simple western system;source of antigen;spike protein;subset of sera;substantial agreement;supplementary material;total immunoglobulin;western system
34584327	building resilience;context of home confinement;convenience sample;home confinement;less social support;low social position;potential factor;recent observation;relation to the theory;second wave;similar pandemic;social position;social support;specific context of home confinement;unprecedented circumstance
33587790	accessible summary;awareness of the link;emotional reaction;experience of trauma accessible summary;face covering;further research;interpersonal trauma;introduction to the window of tolerance;ongoing challenge;ongoing relevance;professional experience;public health;public health protection;public health protection measure;result of the use of face covering;trauma accessible summary;use of face covering;window of tolerance
32396251	
35265332	3d printed adapter;affordable prophylaxis;antiviral prophylaxis;available material;commercial centrifuge;common household reagent;cost estimate of the kit;effective vaccine;estimate of the kit;expensive centrifuge;food processor;future threat;global problem;home food processor;household reagent;inexpensive source;laboratory equipment;limited resource;local hen;local laboratory;low-cost method;pandemic risk;printed adapter;rural setting;specialized laboratory equipment;step-by-step protocol;temporary prophylaxis;viral epidemic;viral pathogen
35281394	% of the female;bad obstetric history;challenging period;correlation analysis;cross-sectional study;current study;disease pandemic;exact test;extra measure;general population;high level;independent factor;india background;interview scale;literate female;maternity clinic;maternity hospital;mean age;mean age of participant;mental health;obstetric history;outpatient department;outpatient department of the child;positive bad obstetric history;pregnant female;present study;prevalence of depression;resilience of pregnant female;sectional study;significant independent factor;south kashmir;stress scale;t test;third trimester;virus disease
32530889	addiction treatment;addiction treatment programming;adequate space;case series;congregate setting;further transmission;global pandemic;infection status;negative case;pcr test;pcr testing;positive case;positive resident;primary outcome;program setting;residential substance use program;residential substance use treatment program;residential treatment program setting;residential unit;risk of further transmission;substance use;substance use program;substance use treatment program;test result;treatment program;treatment program setting;unique challenge;universal testing;use treatment program;virus disease
33373651	
35250739	acceptance model;access control;access control system;application of halo effect theory;college student;control system;ease of use;halo effect;halo effect theory;new technology;present study;psychological effect;psychological halo effect;school belonging;school identity;sense of school identity;sense of social identity;social identity;strong evidence;technology acceptance;technology acceptance model
34786319	care system;care unit;equipment management systems;existing paradigm;health status;healthcare system;hospital capacity;information flow;information quality;intensive care;intensive care unit;level of transparency;lot of people;management systems;medical equipment;medical equipment management;medical equipment management system;medical equipment management systems;new century;poor information quality
34568576	% acute;% chronic;% male;cardiac complication;characterization of myocardial injury;clinical outcome;cohort of patient;common complication;consecutive patient;definition of myocardial injury;european cohort;future research;heart failure;independent predictor;independent predictor of mortality;infection background;infection background myocardial injury;large european cohort;mean age;mechanical ventilation;median follow-up;mild elevation;myocardial damage;myocardial injury;onset of symptom;predictor of mortality;prognostic stratification;recent research;serious limitation;set of symptom;short-term follow-up
33350677	acute respiratory syndrome;barrier system;care provider;combined open tracheostomy;continuous negative pressure;digital content;endoscopic gastrostomy;field barrier;field barrier system;health care;health care provider;health care provider safety;negative pressure;open tracheostomy;operative field barrier;operative field barrier system;percutaneous endoscopic gastrostomy;percutaneous endoscopic gastrostomy tube placement;respiratory failure;respiratory syndrome;room personnel;severe acute respiratory syndrome;standard equipment;supplemental digital content;tube placement;virus disease
34588946	accurate way of the disease treatment;aim of this review;clinical manifestation;disease treatment;fresh topic;further elaboration;infection clinical manifestation;infectivity of the virus;laboratory test;preliminary analysis;research article;significant infectivity of the virus;special emphasis;virus infection;way of the disease treatment;way of treatment
34342092	abstract background;abstract background aerosol spread;aerosol generation;aerosol generation measurement;aerosol particle;aerosol spread;air filter;air purifier;background aerosol spread;clinical investigation;clinical motility;clinical procedure;clinical study;effect of an air purifier;esophageal high-resolution manometry;filtration system;generation measurement;high-efficiency particle air filter;high-resolution manometry;hospital room;ii particle;key result;legitimate strategy;leuven university hospital;manometry examination;nasogastric catheter;number of aerosol particle;particle air filter;particle count;particle size;portable air purifier;removal of the nasogastric catheter;risk of viral contamination;significant elevation;significant elevation of particle;surgical mask;university hospital;viral contamination;whole procedure
32677385	% confidence interval;admission to an intensive care unit;adverse outcome;adverse outcome prediction;care unit;combined model;composite endpoint;concordance index;confidence interval;cox proportional hazard;ct feature;hazard ratio;independent factor;independent hospital;independent predictor;infected patient;intensive care;intensive care unit;lymphocyte count;mechanical ventilation;outcome prediction;predictive value;predictive value of the combined model;primary composite endpoint;prognostic nomogram;prognostic performance;prognostic value;proportional hazard;radiological attribute;radiological model;training cohort;use of mechanical ventilation;useful tool;validation cohort;validation group;validation of a prognostic nomogram;value of the combined model;virus disease
33556317	care worker;care workers;health-care worker
35184735	accessibility guideline;border restriction;comparative analysis;comprehensive support package;content accessibility guideline;country of residence;design tool;emergency housing;form of border restriction;form of mental health support;future effort;global public health;government support;health support;information need;large variance;level of support;measure of gobbledygook;mental health;mental health support;multiple accessibility;new zealand;online version;poor readability;public health;related information;repercussion of these restriction;selected government;supplementary material;support option;support package;travel restriction;traveller registration;united kingdom;united states;usability heuristics;usability issue;usability of information;virus disease;web content accessibility guideline;website design tool
32794209	abstract objective;chain reaction;cohort study;complete recovery;correlation coefficient;cross-sectional cohort study;ct value;cycle threshold;deep throat swab;gustatory dysfunction;high prevalence;mean r;mean recovery time;olfactory dysfunction;polymerase chain reaction;prospective cross-sectional cohort study;recovery time;significant relationship;symptomatic patient;taste loss;throat swab;viral load;viral load evaluation
35439249	20th century;alternative manufacturing strategy;centralized manufacturing;centrifugal melt;centrifugal melt spinning;chain failure;cotton candy;cotton candy machine;efficient strategy;equivalent material;fiber production technique;filtration efficiency;global supply chain;large-scale production of good;manufacturing network;manufacturing practice;manufacturing strategy;non-woven fiber;non-woven material;numerous supply chain;pandemic response;personal protective equipment;plastic waste crisis;polypropylene filtration;production of good;production technique;protective equipment;small scale;sudden change;supply chain;supply chain failure;system of production;waste crisis;waste plastic
34962356	
32367484	sexual health;special issue
32569772	poor outcome
33410294	% false negative;% of all hospital employee;abbott assay;assay formulation;asymptomatic health care worker;care worker;care workers;center zagreb;croatian university hospital;different assay;different number of positive sample;elevated signal;false negative;false negative rate;false positive;health care;health care worker;health care workers;hospital center zagreb;hospital employee;hospital setting;igg antibody;igg antibody testing;igg serological assay;immunoglobulin g;large false negative rate;negative individual;negative rate;negative result;number of positive sample;pilot study;positive result;positive sample;predefined cut-off;serological assay;three igg serological assay;university hospital;university hospital center zagreb;vidas assay;y el
33054263	% of death;% of malarial patient;% of the global disease burden;% of the people;al patient;care system;disease burden;effective response;global disease burden;health system;healthcare system;human immunodeficiency virus;immunodeficiency virus;infectious disease;lasting transformation;light of the ongoing nature of pandemic;malarial patient;nature of pandemic;ongoing nature of pandemic;right to health;sub-saharan africa;sub-saharan africa account;sustainable intervention
35015739	era of art
32358675	pediatric radiology
34394297	clinical evidence;data source;data source human;data synthesis;deleterious health challenge;disease morbidity;drastic shift;effective therapeutic strategy;elderly individual;elderly introduction;elderly population;geriatric population impact;great concern;health challenge;immune system;immune system change;immune system of elderly individual;immune system of the elderly population;immune system win;importance of exercise;infectious disease;infectious disease morbidity;issue of great concern;life to a sedentary lifestyle;likelihood of infectious disease morbidity;nonhuman primate;nonhuman primate literature;physical inactivity;population impact;sedentary lifestyle;social isolation;social isolation regulation;source human;spread of the virus;therapeutic strategy
35206163	access to appropriate perinatal mental health care;additional obstacle;appropriate perinatal mental health care;ethnic minority;ethnic minority background;face-to-face contact;health care;health service;main theme;mental health;mental health care;mental health service;pandemic restriction;perinatal mental health care;perinatal mental health service;perinatal period;psychosocial experience;qualitative study;remote delivery;remote delivery of care;social isolation;thematic analysis;variety of barrier
35480831	accurate result;binding affinity;biological activity;combination of vina;computing resource;database of compound;fpl simulation;free energy;great interest;large database of compound;ligand simulation;main protease;marine compound;natural compound;potent inhibitor;potential inhibitor;suitable technique;viral replication
33670316	% of patient;antibiotic treatment;antibiotic use;atypical coverage;bloodstream infection;care center;cause of bsi;cohort study;consecutive patient;empiric antibiotic treatment;frequent cause of bsi;frequent hai;frequent regime;hai episode;high frequency;hospital conversion;mexico city;occurrence of hai;pandemic objective;prospective cohort;prospective cohort study;resistance pattern;study period;susceptibility pattern;tertiary care center
35146922	abstract background;acyclic graph;attack rate;community transmission;high school;increase vaccination uptake;intensity of community transmission;key risk factor;logistic regression;odds ratio;population immunity;preventive measure;primary school;range of secondary attack rate;risk factor;risk mechanism;school outbreak;secondary attack rate;social distancing;vaccination uptake;wide range of secondary attack rate
32268212	time musing;vaccine planning
34129787	broad range;broad range of viral pathogen;chain reaction;clinical specimen;confirmation of positive result;critical component;disease surveillance;excellent performance;health emergency;health threat;high sensitivity;implementation of infectious disease surveillance;implementation of molecular assay testing;individual sample;infectious disease;infectious disease surveillance;large volume of testing;long period;molecular assay;molecular assay testing;novel health threat;polymerase chain reaction;polymerase chain reaction test;positive result;preferred method;public health;public health emergency;real-time reverse transcription polymerase chain reaction;real-time reverse transcription polymerase chain reaction test;reportable outcome;resource availability;response to novel health threat;reverse transcription polymerase chain reaction;sample throughput;screening of individual sample;screening protocol;screening strategy;single test;single testing step;substantial advantage;sustained large volume of testing;technical constraint;testing step;time to result;transcription polymerase chain reaction;viral pathogen;volume of testing;widespread implementation of infectious disease surveillance
34589743	active involvement of patient;adverse experience;cando clinical feasibility study background conversion disorder;care service;childhood adverse experience;clinical feasibility study;clinical feasibility study background;clinical feasibility study background conversion disorder;clinical illness burden;clinical setting;cohort of cd;conversion disorder;cortisol level;current life event;epigenetic mechanism;feasibility study;functional neurological disorder;further research;future study;future study phase;genetic mechanism;health care;health care service;high clinical illness burden;illness burden;involvement of patient;life event;long-term distress;low-grade inflammation;mechanism of disease;method feasibility study;motor cd;motor symptom;neurological disorder;neurological setting;new treatment;outcome measure;pathogenic mechanism;patient related outcome;patient related outcome measure;patient sample;positive finding;possible role;proof of concept;related outcome;stress-related sli;study background;systemic low-grade inflammation;translational study;valuable knowledge;vascular inflammation;vulnerable population
35236317	academic hospital;associated containment measure;c infection;containment measure;cross-sectional study;diagnosis of an infectious disease;fourth quarter;gastric intestinal infection;infectious disease;intestinal infection;median ratio;mitigation measure;neonatal infectious disease;neonatal infectious disease hospitalization;neonatal inpatient;online version;overall rate;overall rate of hospitalization;principal diagnosis of an infectious disease;rate of hospitalization;respiratory tract;respiratory tract infection;seasonality of neonatal infectious disease hospitalization;second quarter;sectional study;study background;supplementary material;tertiary academic hospital;third quarter;total number;tract infection;virus disease
33245005	adverse effect;b cell;clinical trial;dendritic cell;disease progression;disease severity;endothelial cell;envelope protein;exact mechanism;exact mechanism of jak;excessive inflammation;further investigation;immune response;inflammatory marker;inflammatory mediator;killer cell;molecular level;multiple adverse effect;natural killer cell;numerous clinical trial;protein inhibitor;protein tyrosine phosphatase;receptor activation;significant influencer;stat inhibition;stat inhibitor;stat pathway;structural protein;t cell;t cell differentiation;therapy abstract;tyrosine phosphatase;various inflammatory marker
33479805	counseling relationship;new sexuality;support of the new sexuality
34926314	acute respiratory syndrome;asymptomatic case;bacterial specie;diagnostic importance;gastrointestinal symptom;genome annotation;genus level;healthy control;infected case;key specie;metabolic pathway;regulatory pathway;respiratory syndrome;severe acute respiratory syndrome;significant shift;symptomatic case
34589316	antigen test;antigen testing method;care teaching hospital;chain reaction;chromatographic test;cycle threshold;cycle threshold value;diagnostic test;diagnostic testing;eastern uttar pradesh;gold standard;gold standard test;important weapon;index test;lakh death;number of the quantitative reverse transcription polymerase chain reaction;objective of this study;overall sensitivity;performance of a rapid chromatographic test;polymerase chain reaction;public health;quantitative reverse transcription polymerase chain reaction;rapid antigen test;rapid antigen testing method;rapid chromatographic test;rapid diagnostic test;rapid diagnostic testing;retrospective analysis;reverse transcription polymerase chain reaction;screening test;standard test;symptomatic individual;symptomatic patient;teaching hospital;tertiary care teaching hospital;testing method;transcription polymerase chain reaction;uttar pradesh;virus disease
34012470	30th november;excessive number of zero;few day;general decrease;general increase;inflation of zero;negative binomial;new death;number of zero;onset of the pandemic;time series;time series model
35134561	% confidence interval;cochrane library;confidence interval;elderly patient;gustatory dysfunction;mean difference;nasal congestion;odds ratio;olfactory dysfunction;random effect;recognition of olfactory dysfunction;risk factor;standardized mean difference;systematic review;virus disease
34976910	appraisal tool;chinese article;chinese database;chinese health reform;chinese hospital;chinese hospital reform;clinical outcome;complication rate;conclusive evidence;contextual difference;current chinese hospital reform;diagnosis accuracy;direct patient care;efficiency improvement;empirical evidence;employee outcome;english article;essential role;evidence base;health reform;health reform implementation;hospital stay;hospital stays;inductive approach;introduction of multidisciplinary team;introduction of training;mainland china;methodological quality;multidisciplinary team;patient care;patient outcome;patient survival;peer-reviewed journal;positive effect;primary goal;primary hospital;promising result;quality of care;relevant article;research team;research teamwork;rural area;systematic review;systematic review background;team intervention;team process;teamwork component;understanding of teamwork;western hospital;western literature
35320487	acute respiratory distress syndrome;acute respiratory syndrome;alopecia group;androgen receptor;average age;average age of patient;distress syndrome;elevated level of androgen;expression of androgen receptor;hairiness estimation;individual susceptibility;infection background;infection background individual susceptibility;length of hospital;length of hospitalisation;level of androgen;male patient;minimal oxygen support;necessary oxygen support;needed minimal oxygen support;observational study;outcome of the disease;oxygen support;respect to the length of hospitalisation;respiratory distress;respiratory distress syndrome;respiratory syndrome;serine protease;serine protease type;severe acute respiratory syndrome;severe form;significant difference;type of alopecia;type of necessary oxygen support;type of needed minimal oxygen support
34767767	acute respiratory failure;airway pressure;ceiling of treatment;clinical decision;clinical practice;complication rate;continuous positive airway pressure;controlled trial;decision making;full treatment escalation;inflammatory marker;invasive mechanical ventilation;invasive ventilation;level p;mechanical ventilation;nasal oxygen;non-invasive respiratory support;non-invasive ventilation;oxygenation indices;positive airway;positive airway pressure;research non-invasive respiratory support;resource utilisation;respiratory failure;respiratory support;stated ceiling of treatment;superiority of non-invasive ventilation;timing of intervention;treatment escalation;treatment success;validation of tool
33688413	anti-inflammatory drug;assessment of pericardial effusion;associated pericardial effusion;cardiac manifestation;circulatory support;initial diagnosis;mechanical circulatory support;nonsteroidal anti-inflammatory drug;pericardial effusion;significant pericardial effusion;systolic dysfunction;time of presentation;treatment of pericarditis;variety of cardiac manifestation;ventricular systolic dysfunction
35151856	% of respondent;% plan;additional research;adult horse show participant;audience of adult horse show participant;availability of virtual horse;available division;current popularity of virtual horse showing;external factor;horse show;horse show participant;horse showing;in-person horse show;in-person show;internal factor;level of satisfaction;majority of respondent;novel alternative;personal characteristic;popularity of virtual horse showing;satisfactory outlet;show participant;survey participant;target audience of adult horse show participant;virtual horse;virtual horse show;virtual horse showing;virtual show;youth horse show participant
34844968	acute respiratory distress syndrome;adaptive immunity;convalescent plasma;distress syndrome;multiple sclerosis;new jersey;peripheral ulcerative keratitis;quality of care;renal transplant;respiratory distress;respiratory distress syndrome;respiratory failure;severe disease;ulcerative keratitis;undetectable adaptive immunity;unvaccinated patient
35455356	adaptive immune response;altered vaccine efficiency;are associated;development of vaccine;differential response;efficiency of this vaccine;ent article;herpes zoster;immune change;immune response;immune system;influenza vaccine;physiological change;powerful mean;present article;quality of life;recent advance;seasonal influenza;serious disease;understanding of immune change;vaccine efficiency;vaccine failure;vaccine formulation;vaccine response
32624433	successful lesson
33430698	% of the respondent;addiction medicine;adverse consequence;affected patient;care professional;care system;care worker;care workers;early phase;empirical research;ethical approval;ethical dilemma;ethics committee;external support mechanism;healthcare professional;healthcare system;healthcare worker;healthcare workers;hospital-based survey;job satisfaction;managerial structure;moral distress;moral distress level;moral stress;pandemic response;regional research ethics committee;research design;research ethic;research ethics committee;resource scarcity;severe consequence;stress level;support mechanism;treatment of pa;treatment of patient;useful support mechanism;various institution;western norway
32480420	access to health care;al patient;blood pressure;cardiac dysfunction;detrimental consequence;gastrointestinal symptom;health care;immune system;infection risk;light chain;low blood pressure;management of patient;multiple organ;multiple organ system;nephrotic syndrome;nervous system;new reality;organ system;pandemic abstract;proven specific therapy;respiratory tract;respiratory tract infection;specific therapy;systemic disease;systemic light chain;tract infection;treatment administration
32524792	abnormal ct finding;bilateral lung;bilateral lung involvement;blood cell;blood cell count;case series;cell count;common finding;ct feature;ct finding;ct scan;current study;disease course;early ct finding;early stage;early stage of the disease;familial cluster;glass opacity;ill-defined margin;lung involvement;main transmission pattern;pediatric patient;peripheral distribution;small lesion;stage of the disease;transmission pattern;unilateral lung involvement;virus disease
33259882	acute respiratory syndrome;air sample;background understanding;bacterial count;chain reaction;concentration of viral rna;concomitant bacterial count;control measure;current guidance;cycle threshold;cycle threshold value;different patient;domestic staff;effective cleaning;effective infection control measure;england background understanding;environmental sampling;environmental surface;hospital setting;infection control;infection control measure;infectious virus;isolation assay;personal protective equipment;polymerase chain reaction;positive sample;protective equipment;respiratory symptom;respiratory syndrome;reverse transcription polymerase chain reaction;severe acute respiratory syndrome;specific personal protective equipment;surface type;transcription polymerase chain reaction;use of specific personal protective equipment;viral rna;virus disease;virus isolation assay
34031483	activity percentage;blood parameter;blood test;care of patient;chest ct;contribution to improvement;diagnostic accuracy;diagnostic tool;different change;eosinophil count;feature importance;initial routine blood test;machine learning;operational roc point;positive patient;prothrombin activity percentage;roc point;routine blood parameter;routine blood test;significant contribution to improvement;useful routine blood parameter;viral infection
32474574	adoption of cdc guideline;cdc guideline;cdc recommendation;consistent guideline;customs enforcement agency;detailed guideline;detention center;disease control;enforcement agency;federal government;federal immigrant detention center;immigrant detention center;policy change;urgent need;vulnerable population
32266753	vertical transmission
33264497	acid layer;acute respiratory syndrome;causative agent;cell entry;cellular entry;cleavage site;contagious capacity;critical step;entry receptor;epithelial surface;fast motion;high-frequency mutation;host cell;host cell entry;human corona;interaction assay;lipid raft;notable viral spike;overwhelming contagious capacity;pandemic capacity;possible involvement;primary entry receptor;protease utilization;protein feature;protein interaction;rapid cellular entry;respiratory syndrome;s protein;s subunit;severe acute respiratory syndrome;sialic acid layer;spike protein;structural base;structural basis;structural feature;structural snapshot;t cell;unique structural feature;viral s subunit;viral spike;viral surfing;virus disease
34840464	adverse effect;animal health;car industry;crop production;current global health emergency;current guideline;food security;future pandemic;global economy;global health;global health emergency;global outbreak;health emergency;health organization;health system;human health;human health system;implementation of current guideline;integrated pest control;lesser degree;livestock health;mitigation measure;mitigation step;negative effect;pest control;possible mitigation measure;possible mitigation step;range of effect;response to this global outbreak;third wave;virus disease;world health organization
35588736	cellular immune response;immune response;multiple myeloma
34107137	abstract introduction;adverse effect;altered ib;care unit;cohort study;control group;control group n;corticosteroid group n;corticosteroid treatment;cox proportional hazard;cox proportional hazard regression;event outcome;final follow-up;group n;high dose;intensive care;intensive care unit;lactate dehydrogenase;mortality rate;need of respiratory support;primary outcome;proportional hazard;proportional hazard regression;respiratory support;respiratory support need;retrospective cohort study;secondary outcome;severe systemic inflammation;severe systemic inflammation abstract introduction;significant difference;significant reduction;standard of care;steroid treatment;symptom onset;systemic inflammation;time to event outcome;timing of corticosteroid treatment;transfer to intensive care unit
32729279	acute respiratory syndrome;radiology department;respiratory syndrome;severe acute respiratory syndrome
34224607	accreditation council;counseling program;genetic counseling program
35305625	activity design;activity redesign;change programme;clear associate;clear methodology;clear project;clear recommendation;clinical engagement;cohort analysis;complex change programme;component of the recovery plan;cost of a clear project;cost saving;cost-effective delivery of complex change programme;costly external consultancy;delivery of complex change programme;economic logic model;external consultancy;formative evaluation;fundamental component of the recovery plan;health economic logic model;impact assessment;implementation success;improving staff;innovation method;intrinsic capacity;lead workforce;logic model;medical consultant;online version;patient care;positive impact;potential impact;potential return;qualitative technique;recovery plan;report writing;rich insight;semi-structured interview;service provision;staff retention;staff well-being;structured innovation method;substantial impact;substantial pressure;supplementary material;unique clear methodology;unique methodology;unique stage
32991794	abstract background;abstract background testing of vaccine candidate;acute respiratory syndrome;adverse event;age subgroup;antibody response;antibody titer;background testing of vaccine candidate;convalescent serum;geometric mean titer;gov number;healthy adult;helper t cell;infectious disease;injection site;mean titer;median of a panel of control;messenger rna;messenger rna vaccine;mug of vaccine;multiple method;national institute;national institute of allergy;panel of control;respiratory syndrome;rna vaccine;second immunization;severe acute respiratory syndrome;small study;spike protein;t cell;testing of vaccine candidate;trial of a messenger rna vaccine;vaccine candidate;vaccine recipient;vaccine trial;virus disease
34720778	assessment problem;care service;comprehensive decision tool;comprehensive sensitivity analysis;compromise solution;crucial factor;decision tool;decision-making process;fuzzy environment;health insurance;insurance assessment problem;insurance customer;insurance decision-making process;insurance sector;marcos technique;measurement of alternative;payback period;performance evaluation;premium price;priority ranking;reliable instrument;satisfactory manner;sensitivity analysis;sensitivity analysis finding
32311790	% confidence interval;25th quartile;75th quartile;abstract objective;adjunct risk stratification;adjunct risk stratification tool;admission of these patient;age subgroup;analysis of subgroup of patient;clinical characteristic;confidence interval;disease abstract objective;early warning score;effective adjunct risk stratification tool;emergency clinician;emergency medicine score;group of patient;high negative predictive value;ill patient;ill patients;medical record;medical records;medicine score;modified early warning score;mortality prediction;negative predictive value;overall analysis;overall patient;positive predictive value;predictive value;rapid emergency medicine score;rapid scoring systems;risk stratification;roc curve;scoring systems;subgroup of patient;virus disease;warning score
32847744	
32833711	unwanted proposal;virus disease
35052240	additional duty of patient care;affected patient;african health care system;care facilities;care system;continuous support to nurse manager;descriptive phenomenological research approach;district hospital;duty of patient care;experienced stigma;health care;health care system;human resource;individual interview;limpopo province;material resource;nurse manager;overflow of admission;patient care;phenomenological research approach;public hospital;related challenge;research approach;resource related challenge;rural public hospital;second wave;selected district hospital;shortage of material resource;south africa;south african health care system;support to nurse manager;telephonic unstructured individual interview;unstructured individual interview;vacant post;virus disease
35308745	gastrointestinal tract;human body;infectious nature of this illness;late manifestation;nature of this illness;ongoing pandemic;respiratory tract;transmissible infection;virus disease
34730819	% of veteran;administration health care practitioner;adverse effect;age of respondent;care practitioner;care system;complex relationship;few medication;general population;health administration;health administration health care practitioner;health care;health care practitioner;health care system;health status;high risk;information need;insight panel;intention group;key point;key points;key points question;main outcome;mental health;natural immunity;newness of vaccine;non-hispanic white;overall health;poor overall health;primary reason;proportion of respondent;side effect;significant association;societal reason;source of vaccine information;specific vaccine hesitancy reason;survey study;top reason;us veteran;us veterans;va health care practitioner;vaccination status;vaccine acceptance;vaccine deliberation;vaccine hesitancy;vaccine hesitancy reason;vaccine information;vaccine intention;vaccine intention group;vaccine skepticism;veterans eligible;veterans health administration;veterans health administration health care practitioner;veterans insight panel
33644484	care hospital;care unit;catastrophic neurological complication;cerebrovascular accident;clinical manifestation;common problem;critical form of the disease;disease of the respiratory system;form of the disease;hudson valley;intensive care;intensive care unit;nervous system;neurological complication;neurological symptom;new york;quaternary care hospital;renal failure;respiratory system;significant cerebrovascular accident;virus disease
32599069	
32664634	development of a society;environment of production;essential part of the industrial chain;example of a smart tool;industrial artisan;industrial chain;innovation of material;medicine sector;new technologies;part of the industrial chain;quality of the product;remote control;short overview;short overview of the medicine sector;smart technology;smart tool;social science;standardized environment of production;technological innovation;tentative link
34117772	
32592835	diabetes management;high satisfaction
32353545	digestive system;disease course;intestinal infection;management of patient;respiratory system
34745449	% of the positive case;abstract background;antigen test;care professional;community setting;complement to pcr test;ct value;diagnostic accuracy;diagnostic method;disease duration;disease spread;great challenge;health care;health care professional;ongoing infection;pcr test;positive case;potential complement to pcr test;rapid antigen test;rapid diagnosis;saliva sampling;saliva specimen;saliva testing;screening demand;similar ct value;similar trend;study design;swab sampling;test product;transmission prevention;various diagnostic method
34724950	% of the participant;aga khan university;aim of the study;associated cost;background pakistan;clinical year;content of the workshop;contributor to medical research;core research skill;data collection;different medical college;efficacy score;ethical approval;experimental study;feedback form;follow-up survey;global health;khan university;low-cost peer;major contributor to medical research;manuscript writing;medical college;medical research;medical student;minimal associated cost;minimum requirement;networking skill;online learning;peer-reviewed publication;pre-clinical year;proportion of participant;related skill;research background pakistan;research community;research involvement;research protocol;research related skill;research skill;research workshop;research-related knowledge;series feedback form;series follow-up;series follow-up survey;significant improvement;student research background pakistan;sustainable solution;virtual research workshop;wide outreach
33851272	cost of counseling service;counseling service;current education;effective tool;future patient;general population;health resource;major barrier;medical school;medical school curriculum;medical student;medical student use;mental health;mental health need;mental health treatment;negative view;personal mental health need;positive view;purpose of review;recent finding;student use;summary medical student;time constraint;treatment modality
33507981	asymptomatic carrier;asymptomatic infection;c infection;care worker;care workers;city of santiago;community infection;cross-sectional study;early detection;focus of transmission;genetic difference;health center;healthcare worker;healthcare workers;infection cluster;key player;main focus of transmission;nasopharyngeal sample;numerous genetic difference;peak of transmission;private clinic;sectional study;sequence comparison;symptomatic infection;viral genome
35267053	% female;% white;% white british;community organisation;demographic characteristic;disruption to social contact;diversity of demographic characteristic;ethnic minority;feeling of people;health condition;health problem;informal support;interview study;mental health;mental health condition;mental health conditions;mental health problem;mental health treatment;online advertising;online version;overarching theme;physical health;physical health problem;qualitative interview;qualitative interview study;qualitative interview study purpose;range of mental health condition;second theme;sector community organisation;semi-structured qualitative interview;service use;social care;social contact;spectrum of adaptation;supplementary material;sustained disruption to social contact;thematic analysis;third theme;voluntary sector community organisation;white british
32338809	abstract health care;abstract health care service;access to critical drug;advance care plan;care plan;care service;community support;critical care;critical drug;daily dilemma;health care;health care service;life expectancy;neck cancer;neck cancer abstract health care service;neck cancer service;neck region;palliative care;palliative care clinic;patient care;practical step;protective equipment;protective equipment use;triage context
33341894	ace dominance;ace inhibitor;ace inhibitory component;ace inhibitory peptide;acute respiratory syndrome;antiviral effect;cell surface;certain lifestyle factor;dietary fiber;dietary seaweed;fatty acid;high level;immune system;inhibitory component;inhibitory peptide;lifestyle factor;multiple mechanism;numerous component;overconsumption of seaweed;overreaction of the immune system;potential benefit;respiratory syndrome;severe acute respiratory syndrome;soluble dietary fiber;viral effect;virus disease;y el
35287384	animal model;animal model result;clinical trial;free radical;heart inflammation;mitochondrial function;positive effect;pqq supplementation;rna vaccine;scavenger of free radical;spike protein
35344118	background little;cancer patient;cancer patients;endoscopic resection;gastric cancer;i cancer;iii cancer;invasive gastrectomy;japan background little;median time;median time to treatment;negative impact;number of endoscopic resection;number of patient;number of total gastrectomy;partial gastrectomy;policy decision;prognosis of gastric cancer;proportion of patient;related symptom;retrospective study;significant decrease;symptom duration;total gastrectomy;virus disease
35126138	adverse event;analysis result;appropriate regulation of inflammatory response;available resource;clinical key;cochrane library;controlled trial;corona virus;corona virus disease;current evidence;edge of sepsis;final review;gm-csf blockade;high mortality;human health;inflammatory response;literature search;mortality of patient;mortality of people;multiple organ;multiple organ dysfunction;odds ratio;organ dysfunction;present systematic review;regulation of inflammatory response;relevant article;risk ratio;safety of specific interleukin;safety outcome;secondary infection;serious adverse event;specific interleukin;statistical significance;systematic review;systematic review sepsis;treatment of sepsis;typical of sepsis;virus disease
33713112	colorectal tumour;dissection outcome;early colorectal tumour
33773523	affected patient;anxiety score;assessment test;chronic disease;chronic illness;chronic progressive disease;ct score;current study;depression scale;depressive score;disease activity;disease severity;environmental stress;general well-being;healthy control;healthy individual;hospital anxiety;mild ra;moderate ra;pact score;pact total;positive correlation;progressive disease;psychological effect;psychological factor;psychological general well-being;psychological general well-being index;psychological status;psychometric assessment test;psychometric assessment test score;ra patient;rheumatoid arthritis;rheumatoid arthritis background;scale score;stress level;suicidal ideation;t test;threat form
34522397	cancer diagnosis;virus disease
32658716	amount of ivermectin;deposit feeder;diversity index;diversity index value;diversity indices;drug treatment;end of march;environmental concern;functional type;great reduction;high dose;ivermectin dose;ivermectin enrichment;mediterranean sea;sedimentary ivermectin enrichment;significant amount of ivermectin;trophic diversity
32385648	abnormal laboratory change;abnormal laboratory result;acute exacerbation;assessment of ct change;bilateral distribution;chest ct;chest ct scan;chest ct sign;clinical outcome;clinical symptom;clinical team;cohort study;cohort study objective;common chest ct sign;common pneumonia;ct change;ct finding;ct scan;ct score;cutoff value of ct score;disease onset to exacerbation;elevated lactate dehydrogenase;fatal pneumonia;glass opacity;ground glass opacity;infectious disease;involved lobe;key point;key points;laboratory change;laboratory result;lactate dehydrogenase;number of involved lobe;onset to exacerbation;poor clinical outcome;poor prognosis;radiological change;severe pneumonia;significant change;total ct score;twenty-four patient;value of ct;value of ct score
33785197	core topic area;creation of this curriculum;disease pandemic;distancing measure;emergency department;emergency nursing;emergency training intervention;in-person education;initial stabilization of a child;nurse educator;nurse learner;nursing assessment;nursing staff;online simulation-based pediatric emergency training intervention;particular need;pediatric assessment;pediatric emergency nursing;pediatric emergency training intervention;rapid creation of this curriculum;rapid development;simulation-based pediatric emergency training intervention;social distancing;social distancing measure;stabilization of a child;topic area;traditional in-person education;training intervention;virtual education;virus disease
34161389	% of the participant;above living;awareness of the severity of the disease;chronic condition;cross-sectional study;cross-sectional survey;cumulative score;dissemination of public health information;fear score;frequency of communication;health information;health service;lack of awareness of the severity of the disease;lesser frequency of communication;level of fear;lifestyle characteristic;linear regression;low fear score;mean fear score;mental health;mental health service;multiple linear regression;myanmar national;provision of mental health service;public health;public health information;qualitative research;related information;sectional study;semi-structured questionnaire;severity of the disease;structured questionnaire
35260957	% of americans;approach thematic analysis;care personnel;care provider;care system;communication channel;complex distribution logistic;detailed process;distribution logistic;employee occupational health;final overarching theme;health administration;health system;health system need;healthcare provider;healthcare system;implementation background;implementation theme;individual concern;interdisciplinary task force;key informant;key informant interview;key result;key theme;national implementation background;occupational health;overarching theme;resource allocation;shared decision-making;shared learning;snowball recruitment;task force;thematic analysis;time trade-off;vaccination program;vaccine clinic;vaccine concern;vaccine implementation;veterans health administration;vha national implementation background
35441801	abstract introduction;additional source;cab abstract;concurrent insulin use;critical condition;database requirement;discharge rate;far east;grade framework;hospital outcome;hospitalization outcome;illness severity;independent risk factor;independent risk factor of serious outcome;infection outcome;insulin use;median age;mesh term;middle east;mixed heterogeneity;overall trend;pooled result;poor prognosticator;protective factor;quality of evidence;research square;risk factor;secondary outcome;serious outcome;systematic review;umbrella systematic review;unexposed population;ventilation requirement;virus disease;world region
33988145	% of chinese nonsmoker;2nd hand smoke;2nd hand smoking;airborne microscopic pollutant;asymptomatic tobacco smoker;chinese male population;chinese nonsmoker;exposure to particulate matter;extent to 2nd hand smoking;face protection;hand smoke;hand smoking;human exposure to particulate matter;hypothetical proposition;infection transmission;lesser extent to 2nd hand smoking;male population;microscopic pollutant;particulate matter;particulate matter transmission;social distancing;tobacco smoker;tobacco smoking;viral transmission;viral vector
33864328	% of nurse;abstract introduction;adult vaccination;advanced age;care center;care personnel;care professional;chronic disease;cross-sectional online survey;cross-sectional study;entire population;health care;health care center;healthcare professional;high proportion;male gender;multivariate regression;online survey;pandemic process;primary health care;primary health care center;rejection rate;routine adult vaccination;scale score;sectional study;turkey abstract introduction;vaccination rate;vaccination rate of the entire population;vaccine acceptance;vaccine rejection rate
34584498	appropriate solution;basic parameter;case study;cost of the supply chain;customer satisfaction;deplorable economic condition;economic condition;effective managerial insight;fuzzy goal programming;goal programming;managerial insight;mathematical model;objective function;pandemic time;performance of some basic parameter;real case study;research goal;sensitivity analysis;sensitivity analysis study;situation of the center;supply chain;total cost of the supply chain;uncertain environment;various component
34108378	
33831079	% average native american ancestry;allele frequency;american ancestry;american whole genome diversity to date;average native american ancestry;biomedical insight;central region;common single nucleotide variant;coverage whole genome;demographic history;detailed description;diversity to date;drug response;effective implementation of personalized medicine;enhancer variant;genetic divergence;genome diversity to date;genome sequencing;health problem;high coverage whole genome;immune mechanism;implementation of personalized medicine;indigenous group;indigenous population;insulin resistance;key pathway;level variation;limited study;major substructure;mexican indigenous population;mexican population;native american ancestry;native american whole genome diversity to date;native mexican;northern group;novel variant;nuclear receptor;nucleotide variant;personalized medicine;population level variation;population specific genotype;positive selection;prevalent health problem;promoter element;single nucleotide variant;specific genotype;study of native american whole genome diversity to date;undetected population level variation;unrelated individual;us population;whole genome;whole genome diversity to date;world population
35564648	antiviral agent;area continuum solvation method;classical molecular dynamics simulation;computational method;continuum solvation method;direct interaction;double layer;dynamics simulation;early stage;hypothesis of a direct interaction;lipid membrane;molecular dynamic;molecular dynamics;molecular dynamics simulation;molecular dynamics simulation approach;molecular mechanic;molecular mechanics;molecular simulation;n protein;pel compound;simulation approach;solvation method;spike glycoprotein;surface area continuum solvation method
33006551	diabetes camp;friend diabetes camp
34777029	acute mental health symptom;care facilities;care worker;care workers;chronic illness;clinical elevation;current experience;depressive symptom;distress symptom;distressing event;elderly patient;general distress symptom;health outcome;healthcare worker;healthcare workers;high depressive symptom;index of current experience;infection complication;initial infection;mental health;mental health outcome;mental health symptom;metropolitan detroit;online survey;peak initial infection;proxy index of current experience;psychological distress;psychosocial support;related symptom;relational need;residential healthcare workers;role of psychosocial support;severity of symptom;significant psychological distress;social support;stress symptom;symptom severity;trauma symptom;trauma symptom severity;unmet relational need
34611034	% of patient;acute illness;are associated;asymptomatic participant;cell death protein;cell number;central memory;clinical improvement;death protein;debilitating symptom;diagnostic assay;effector memory;em cell;emergence of multiple debilitating symptom;mild acute illness;multiple debilitating symptom;observational study;programmed cell death protein;standard diagnostic assay;structured questionnaire;t cell;t cell landscape;t cell perturbation;t cell subset
32590006	
34179404	aim of this study;alternative treatment;care professional;care provider;chronic condition;common reported change;condition management;content analysis;do patients receiving;early stage;health care;health care professional;health care provider;health outcome;level of care;limited evidence;long-term impact;major impact;major impact of treatment change;online survey;pa management;patient experience;patient health outcome;patients receiving;pernicious anemia;reported change;survey study;suspension of injection;treatment change;treatment of pa;united kingdom;usual treatment
35353955	abstract background;adequate reliability;canadian french version;clinical outcome;concurrent validity;construct validity;cultural adaptation;french version;general population;general population of quebec;internal consistency;large sample of citizen;negative correlation;online survey;present study;province of quebec;psychometric characteristic;psychometric test;purpose of this study;quota sampling;rasch analysis;routine evaluation;sample of citizen;sense of coherence;task force;translation process;unidimensional factor;unidimensional tool
34841422	ambulatory provider;cadre of rpm nurse;care provider;continuity of care;de-escalation of care;department visit;emergency department;emergency department visit;emotional support;emotional support to patient;health care;health emergency;high risk;high risk of serious complication;high-risk patient;home care;lean model;medical home;medical university;patient monitoring;positive patient;primary care;primary care provider;public health;public health emergency;remote patient monitoring;rpm nurse;serious complication;small cadre of rpm nurse;state-wide reach;support of ambulatory provider;urgent care;urgent care video visit;video visit
35495877	% agreement;% variability;abstract objective;analytical sensitivity;analytical specificity;antibody level;antibody response;arbitrary unit;assay concordance;assay precision;broad range;calibration result;chain reaction;clinical sensitivity;clinical specificity;clinical trial;conversion factor;ecl serology assay;fold difference;human sera;international standard;linear correlation;multiplex serology assay;n antigen;natural infection;overall fold difference;patient sample;pearson r;performance of a multiplex serology assay;polymerase chain reaction;positive patient;positive patient sample;present calibration result;quantitative serology assay;reference standard;relative accuracy;reproducible measurement;robust selectivity;serology assay;standard curve;vaccination abstract objective
32718042	acute respiratory disease;acute respiratory disease burden;annual vaccination;broad-spectrum preparation;conventional vaccine;development of new broad-spectrum preparation;disease burden;drug resistance;effective universal influenza vaccine;effectiveness of prophylaxis;global influenza vaccine;influenza pandemic;influenza prevention;influenza vaccine;narrow specificity of conventional vaccine;new broad-spectrum preparation;new points of departure;points of departure;renewed intensity;respiratory disease;significant acute respiratory disease burden;specificity of conventional vaccine;universal influenza vaccine;year to year
32613934	anatomical cardiac lesion;cardiac injury;cardiac lesion;cardiovascular disease;cardiovascular surgery;concomitant disease;high risk;management issue;neonatal age;paediatric cardiovascular surgery;people of all age;pulmonary disease;respiratory tract;respiratory tract infection;severe pulmonary disease;tract infection;unexpected outbreak;virus disease
34431693	acute respiratory syndrome;additional longitudinal sample;antibody durability;antibody level;antibody response;antibody titer;antigen response;are associated;binding antibody level;clinical parameter;convalescent antibody titer;convalescent individual;disease morbidity;female sex;functional antibody response;human antibody;human antibody response;in-depth evaluation;longitudinal sample;male donor;male sex;positive association;receptor binding;respiratory syndrome;robust antibody durability;severe acute respiratory syndrome;significant positive association;symptom grade;symptom onset;virus disease
33650676	fiberoptic bronchoscopy;intubation box
33932458	gross hematuria
32417594	
33337295	cdc high obesity program;high obesity program;mental health;new expert;obesity program;public health
33458805	% cream;% solution;acute respiratory syndrome;cutaneous skin cancer;effective viable treatment;effective viable treatment modality;in-person visit;male patient;onset of the pandemic;pandemic situation;respiratory syndrome;severe acute respiratory syndrome;skin cancer;skin cancer treatment;successful treatment;surgical visit;treatment modality;treatment of melanoma;viable treatment;virus disease
33706626	abstract introduction;attention of physician;b cell;cellular immune response;clinical approach;clinical trial;critical role;different patient;direct virus eradication;distinct clinical approach;essential element;global challenge;global pandemic;health emergency;high virulence;immune response;immune system;immunological mechanism;immunological memory;increase of mortality;new variant;physician prescription;positive result;possibility of distinct clinical approach;public health;public health emergency;rise of new variant;t cell;t cell response;traditional plant;vaccine development;virus eradication
35352012	effect of home education;home education;myopia progression
35392309	novel technologies impact;technologies impact
34706272	acute respiratory syndrome;adverse inflammatory consequence;anti-viral monoclonal antibody;cerebrospinal fluid;circulatory system;development of interstitial pneumonia;diabetic rhesus macaque;et al;graphical abstract;graphical abstract verma et al;high-risk population;immune activation;inflammatory consequence;interstitial pneumonia;monoclonal antibody;protective mechanism;respiratory syndrome;respiratory tract;rhesus macaque;severe acute respiratory syndrome;short-term immunity;t cell;t cell activation;verma et al;viral replication;virus disease
33542677	true promise
34711266	% attrition;% confidence interval;% of the uk population;accuracy of home bp;accuracy of protocol delivery;adherence to protocol;adherence to recommended exercise guideline;alternative treatment;alternative treatment option;annual health care cost;anti-hypertensive medication;blood pressure;care professional;care setting;cause of mortality;confidence interval;controlled feasibility study;controlled trial;delivery of a novel isometric exercise intervention;dietary advice;efficacy of this novel intervention;estimation of the variance of change;ethical approval;ethical approval iras id;exercise guideline;exercise intervention;exercise prescription;feasibility study;health care;health care cost;healthcare professional;home bp;ie viability;initial lifestyle advice;intervention viability;iras id;isometric exercise;isometric exercise intervention;isometric exercise prescription;isometric wall squat exercise;lifestyle advice;lifestyle change;medical contraindication;national treatment guidance;nhs primary care;nhs primary care setting;nhs setting;novel intervention;novel isometric exercise intervention;online version;participant experience;perception of intervention viability;primary care;primary care nhs setting;primary outcome;protocol delivery;recommended exercise guideline;recruitment rate;sample size;secondary outcome;significant medical contraindication;significant reduction;squat exercise;standard deviation;standard lifestyle advice;supplementary material;systolic bp;treatment guidance;treatment option;trial arm;trial registration;uk population;variance of change;wall squat exercise;y la
32386843	
35282893	acute respiratory syndrome;human lung cell;lung cell;lung injury;respiratory syndrome;severe acute respiratory syndrome;spike protein;viral uptake;virus disease
33742196	vitamin d
32357378	abstract background;acute respiratory distress syndrome;contaminated operation;difficult decision;distress syndrome;elective surgery;ethical surgical triage of patient;health concern;hospital ethicist;hospital system;low-grade cancer;mechanical ventilator;metropolitan hospital;miami hospital system;neck cancer;nonsurgical option;pandemic abstract;pandemic abstract background;protective equipment;public health;public health concern;respiratory distress;respiratory distress syndrome;surgical triage;surgical triage of patient;triage committee;tumor conference;urgent contaminated operation
34836825	antibody level;antibody titer;blood group;ccp therapy;ccp transfusion;ccp unit;clinical characteristic;cohort study;convalescent plasma;convalescent plasma therapy;cp therapy;cp transfusion;disease severity;early stage;effectiveness of ccp therapy;high antibody titer;hospitalization to ccp transfusion;igg antibody;igg antibody level;intubation variable;logistic regression;moderate severity;moderate type of disease;mortality rate;multivariate logistic regression;outcome of patient;progression scale;prospective cohort;prospective cohort study;severe patient;time interval;transfusion time;type of disease;unknown titer
35465974	available commercial immunoglobulin;commercial immunoglobulin
32562278	novel approach
32145217	adequate disinfection;isolation protocol;low digestive;public health;rectal scarab;t test
32357545	b-cell epitope;convalescent plasma;different mutation;drift variant;emergence of drift variant;epitope information;g variant;genetic drift;immune recognition;molecule approach;rna polymerase;small molecule;small molecule approach;spike protein;spike protein b-cell epitope;treatment new;vaccine development;various small molecule approach;virus genome
33882021	access to a digital behavior change intervention;anxiety score;behavior change;control group;controlled trial;controlled trial background;digital behavior;digital behavior change;digital behavior change intervention;digital eye strain;education information;eligible child;eye strain;health education;health education information;intervention group;local school;middle school;ocular relaxation;online learning;online schooling;peer sharing;physical activity;population intervention;primary outcome;school closure;secondary outcome;significant reduction;sleep quality;southern china;trial registration;worldwide school closure
34858231	% confidence interval;assessment of burnout;assessment of the prevalence of burnout;care personnel;care worker;care workers;cochrane library;complete assessment of the prevalence of burnout;confidence interval;diagnostic tool;emotional exhaustion;english language;english language paper;healthcare worker;healthcare workers;lack of pa;lack of personal accomplishment;overall prevalence;overall prevalence of burnout;personal accomplishment;pooled emotional exhaustion;pooled overall prevalence of burnout;prevalence of burnout;prevalence of total burnout;systematic review;systematic search;total burnout;uniform diagnostic tool;unique feature
34536426	
33465165	author summary;autoimmune disorder;cathepsin l;cell entry;cell surface;cell-culture system;cleavage site;clinical trial;entry process;functional difference;global public health;human clinical trial;mechanistic explanation;membrane fusion;public health;receptor binding;redundant pathway;s protein;second pathway;significant improvement;t cell;target cell;threat to global public health;viral entry;viral infection;vivo efficacy
34580550	ai model;ai system;applicability of ai system;artificial intelligence;artificial intelligence system;bilateral involvement;clinical ai system;clinical medicine;clinical setting;common pattern of involvement;consistent optimal diagnostic performance;current situation;diagnostic performance;dutch database;early diagnosis;external validation;important role;italian database;lack of application;multinational database;number of patient;optimal diagnostic performance;pattern of involvement;performance parameter;pneumonia case;practical artificial intelligence system;quality of service;radiology department;real-world condition;real-world evidence;remedy to the current situation;roc curve
32661235	alzheimer disease;antiviral drug;antiviral drug development;antiviral drug development stress protein;antiviral target;associated stress;biologic function of stress protein;cancer cell;cardiovascular disease;cellular homeostasis;cellular immunity;cellular process;chromatin remodelling;clinical evaluation;current progress;degenerative disease;double-edged sword;drug development;essential factor;function of stress protein;great interest;human cancer;human disease;infectious disease;intracellular immunity;large number;large number of cellular process;molecular chaperone;numerous virus;parkinson's disease;potential antiviral target;present progress;rna chaperone;rna export;rna polymerase;rna polymerase ii;s protein;stress protein;toxic stress;transcription regulation;virus infection;virus replication;virus reproduction
35330391	algorithm of patient;biochemical parameter;decision algorithm of patient;early predictor;inflammatory process;invasive mechanical ventilation;invasive ventilation;longitudinal work;main objective of this study;mechanical ventilation;metabolic syndrome;objective of this study;pathogenic mechanism;personalized treatment decision algorithm of patient;possible therapeutic target;presence of obesity;relation to the level;therapeutic target;time of admission;treatment decision algorithm of patient
34622413	disease spread;saudi arabia
32926122	acute lymphoblastic leukemia;acute lymphoblastic leukemia key points standard chemotherapy;acute respiratory distress syndrome;diagnosis of acute lymphoblastic leukemia;distress syndrome;key point;key points;key points standard chemotherapy;leukemia key points standard chemotherapy;lymphoblastic leukemia;lymphoblastic leukemia key points standard chemotherapy;new diagnosis of acute lymphoblastic leukemia;respiratory distress;respiratory distress syndrome;standard chemotherapy;successful management
34325612	clear health communication;devastating toll;educational background;health communication;health literacy;health literacy of adult;national survey;us national survey;vaccine hesitancy;vaccine safety
34174778	animated global health communication video;animated video;attention placebo control;baseline level;behavioral intent;clinical trial;controlled trial;controlled trial background;dissemination of public health message;do-nothing arm;effective pathway;engagement of trial participant;global health;global health communication;global health communication video;global reach of this health communication intervention;health communication;health communication intervention;high baseline level;high voluntary engagement of trial participant;innovative feature;international registered report identifier;knowledge question;list experiment;measurable change;media video intervention;online participant;placebo control;prevention knowledge;preventive behavior;primary endpoint;public health;public health message;rapid global health communication;reach of this health communication intervention;registered report identifier;report identifier;second primary endpoint;significant impact;social media;social media video intervention;trial participant;trial registration;united kingdom;united states;video intervention;voluntary engagement of trial participant
34713472	virus disease
34904908	clinical question;forum vii
34053251	acute respiratory syndrome;data source;disease transmission;distancing measure;early july;early phase;essential parameter;guiding intervention;imposition of social distancing;independent estimate;localized control;longitudinal example;multiple data source;multiple independent estimate;pandemic response;part of the theme issue;regional variability;reproduction number;respiratory syndrome;serial interval;serial interval distribution;severe acute respiratory syndrome;social distancing;social distancing measure;theme issue;uk starting;united kingdom
35114577	cystic fibrosis
32484943	
33322462	assistance to patient;care policy;care service;care system;clinical care;clinical management issue;community safety;context of limited health resource;death rate;emergency scenario;ethical challenge;ethical concern;government decision;government decision-maker;health care;health care decision-maker;health care policy;health care service;health care system;health resource;health worker;individual right;infected people;italian government decision-maker;law decree;legitimate question;limited health resource;management issue;mortality rate;order to privilege assistance to patient;ordinary care;planned hospitalization;priority of every government;privilege assistance to patient;public health;public health care;series of law decree;social contact;substantial measure;surge of infected people;virus disease
34758179	maternity care
32517888	grave con
34139069	
33972631	alternative therapy;animal bite;anti-viral antibody level;antibody content;antibody level;chronic clinical alteration;clinical alteration;clinical efficacy;clinical trial;convalescent plasma;cornerstone therapy;current global emergency;equine formulation;final product;global emergency;human convalescent plasma;maximum anti-viral antibody level;microbiological quality;n protein;parenteral use;passive immunotherapy;plasma precipitation;pool of human convalescent plasma;potential alternative therapy;pre-clinical quality profile;promising treatment;quality profile;receptor binding;recombinant protein;sem mosaic;technological strategy;viral recombinant protein
32639559	country vaccine entry requirement;different public health intervention;disease control;entry requirement;example of yellow fever;health diplomacy;international cooperation;overview of disease control;public health;public health intervention;quarantine to country vaccine entry requirement;vaccine entry requirement;yellow fever
34705530	biological basis;cancer treatment modality;career path;career pathway;clinical oncology teaching;coverage of relevant theoretical principle;cross-sectional survey;disruption to ro teaching;exposure to radiotherapy;exposure to radiotherapy department;few medical school;key cancer treatment modality;little exposure to radiotherapy department;long-term disruption to ro teaching;long-term impact;medical school;medical team;minimal coverage of relevant theoretical principle;multidisciplinary team;multidisciplinary team member;non-medical ro multidisciplinary team member;non-medical team member;oncology teaching;online survey;pandemic risk;radiation oncology;radiation oncology teaching;radiation oncology teaching provision;relevant theoretical principle;ro career pathway;ro module;ro multidisciplinary team member;ro teaching;ro teaching delivery;roi medical school;standalone ro module;team member;theoretical principle;trainee doctor;treatment modality;united kingdom;virus disease
33347319	african american;effectiveness of public health message;public health;public health message;recent study
32565264	acute respiratory distress syndrome;adjuvant therapy;appropriate preventive measure;bony structure;distress syndrome;facial pressure ulcer;facial skin;importance of appropriate preventive measure;level of the bony structure;pressure ulcer;preventive measure;prolonged pressure;prone position;prone positioning;respiratory distress;respiratory distress syndrome;result of prone positioning;risk of facial pressure ulcer;risk of pressure ulcer;vascular injury
35096642	acute respiratory syndrome;administration concentration;amino acid;ang i;infective area;kidney injury;pathology of the disease;respiratory syndrome;severe acute respiratory syndrome;specific administration concentration;transport amino acid;viral entry
32420955	area of calabria region;calabria region;central area of calabria region;epidemiological analysis;preliminary epidemiological analysis;virus disease
35434696	% male;blood sample;brazil background;brazilian multicenter cohort;clinical assessment;de janeiro;discharge remote visit;elderly people;high in-hospital mortality;high in-hospital mortality rate;high risk;hospital admission;hospital discharge;hospital mortality;in-hospital mortality;in-hospital mortality rate;interpretation high in-hospital mortality rate;mechanical ventilation;median time;mortality rate;multicenter cohort;multicenter study;nacional de;prospective multicenter study;public tertiary hospital;remote visit;rio de janeiro;severe outcome;sofa score;tertiary hospital
35487371	asthma control;poor asthma control
32583171	ct scan;ct scan lesion;initial negative pcr;initial pcr;negative initial pcr;negative pcr;utility of ct scan;viral rna
32437831	preliminary analysis
34519768	advanced age;advanced stage of lung damage;armed forces hospital;central china;clinical characteristic;clinical outcome;cross-sectional study;elderly population;exception of south africa;factor associated;fatal outcome;female rat;female ratio;forces hospital;history of diabetes;imaging finding;key point;key points;key points question;lung damage;main outcome;mild symptom;mortality rate;observational study;principal risk factor;risk factor;sectional study;severe symptom;severity of disease;south africa;stage of lung damage;sub-saharan africa
32467792	acute respiratory failure;atrioventricular nodal blockade;brash syndrome;constellation of bradycardia;elderly woman;global pandemic;nodal blockade;predominant concern;renal failure;respiratory failure;virus disease
35384599	1045 c;adjunct to cardiovascular risk factor;cardiac complication;cardiac injury;cardiac involvement;cardiological manifestation;cardiovascular complication;cardiovascular morbidity;cardiovascular risk;cardiovascular risk factor;elevated risk;few week;gene p;heart disease;importance of vaccination;importance of vaccination coverage;ischemic heart disease;metabolic derangement;mild mitral regurgitation;mitral regurgitation;occurrence of this complication;relevant cardiovascular risk factor;risk factor;severe cardiovascular complication;severe metabolic derangement;severity of occurrence of this complication;specific vaccination;unfortunate situation;vaccination coverage;vascular risk factor;vigilant follow-up;y el
32887260	acute respiratory distress syndrome;amount of protein present;care unit;cell therapy;combination of radiotherapy;control of hypoxia;distress syndrome;dramatic increase;em cell;hypothetical therapeutic strategy;intensive care;intensive care unit;irradiated tumor;life-threatening condition;mesenchymal cell;protein present;respiratory capacity;respiratory distress;respiratory distress syndrome;significant change;significant difference;stem cell;therapeutic strategy;threatening condition
32808505	affected area;author correction;cancer patient;cancer patients;management of ovarian cancer patient;ovarian cancer;ovarian cancer patient
34909404	acute respiratory syndrome;care service;clinic perspective;global pandemic;liver disease;respiratory infection;respiratory syndrome;severe acute respiratory syndrome;treatment of liver disease;virus disease
32352535	ace inhibitor;acute respiratory distress syndrome;angiotensin receptor blocker;atrial fibrillation;cardiac damage;cardiac injury;cardiovascular disease;cardiovascular risk;cardiovascular system;chronic pulmonary disease;clinical course;common complication;comprehensive review;continued monitoring of cardiac damage;creatine kinase;distress syndrome;early evaluation;endothelial dysfunction;fulminant myocarditis;heart failure;homologue of ace;inflammatory response;interstitial pneumonitis;male sex;mechanistic consideration;medical challenge;monitoring of cardiac damage;mortality increase;multiple organ;myocardial dysfunction;myocardial infarction;plaque instability;preventive measure;pulmonary disease;pulmonary embolism;receptor blocker;respiratory distress;respiratory distress syndrome;risk assessment;risk of severe infection;s protein;serine protease;severe acute respiratory distress syndrome;severe infection;social distancing;social isolation;treatment option;ventricular fibrillation;ventricular tachyarrhythmia;viral invasion;virus disease
33954065	acute respiratory syndrome;case report;development of urticarial lesion;mild severity;mild symptom;new literature;old patient;possible association;respiratory disease;respiratory illness;respiratory syndrome;set of symptom;severe acute respiratory syndrome;skin lesion;specific trigger;unique set of symptom;urticarial lesion;variety of skin lesion;virus disease;virus infection
35380165	abstract background;bitter farewell;care personnel;care professional;care provider;care worker;care workers;colaizzi approach;family member;fear of the future;healthcare professional;healthcare provider;healthcare worker;healthcare workers;indescribable fear;individual semi-structured interview;main theme;majority of people;medical centre;patient stone;perception of life;phenomenological design;present study;psychological tension;psychological well-being;purposeful sampling;qualitative research;qualitative study;semi-structured interview;spiritual growth;study abstract;support of people;vulnerable group
34594688	beijing municipality
34736445	advanced big data management mechanism;analysis technology;application framework;big data;big data management mechanism;big data technology;big data technology application framework;case study;china background;content analysis;data analysis;different countries;efficient application framework;emergency management;emergency management measure;empirical evidence;epidemic emergency;epidemic emergency management;file content analysis;hainan province;local government;management measure;management mechanism;practical epidemic emergency management;practical limitation;present study;traditional emergency management measure;value of the big data technology application framework
34273304	cohort study;college of paediatrics;estimated prevalence;fluid sample;funding uk research;group a;health research;health service;intensive care;key difference;longer-term outcome;median age;medical research;medical research council;multiple feature;national cohort study;national health service;national institute;nervous system;network of secure rapid-response notification portal;neurological consultation;neurological disorder;neurological feature;neurological investigation;neurological involvement;neurological manifestation;neurology group;notification portal;online network of secure rapid-response notification portal;paediatric neurologist;paediatric patient;peripheral nervous system;peripheral nervous system involvement;positive pcr;prevalence of these complication;primary neurological disorder;prospective national cohort study;psychiatric complication;psychiatric disorder;rapid-response notification portal;research council;royal college of paediatrics;secure rapid-response notification portal;similar overall;spinal fluid sample;study background;study group;uk research;wellcome trust
33626020	asymptomatic infection;c infection;case report;ct value;cycle threshold;detection of the viral rna;further research;pcr test;pcr testing;preferred method;preferred method of diagnosis;prolonged viral shedding;recent evidence;respiratory system;spectrum of case;symptomatic infection;therapeutic decision;throat sample;transmission dynamics;unclear implication;viral cultivation;viral rna;viral shedding
35433558	acute respiratory syndrome;adult infected household member;chain reaction;clinical epidemiology;cycle threshold;delta variant;delta variant b;delta variant case;distant branch;genome sequencing;geographic separation;household member;infected household member;north sumatra;paradigm shift;pediatric case;pediatric patient;polymerase chain reaction;real-time polymerase chain reaction;real-time polymerase chain reaction cycle threshold;respiratory syndrome;severe acute respiratory syndrome;temporal trend;virus disease
34096576	complement pathway;lupus enteritis;vascular injury
33244583	acute respiratory syndrome;deep learning;human cell;human gene;human transmission;infected human cell;intermediate host;malayan pangolin;new host;nucleotide mutation;pandemic outbreak;passage to human;respiratory disease;respiratory syndrome;rna sequence;severe acute respiratory syndrome;single nucleotide mutation;subset of human gene;viral infection;viral protein;virus disease
35535411	high risk;italian child;physical health;physical health of the world population;post-traumatic stress;post-traumatic stress disorder;sample of italian child;sleep behavior;sleep habit;stress disorder;total score;trauma reaction;trauma symptom;traumatic stress;world population;year of the pandemic
33880597	action plan;action planning forum;care provider;conclusion identification of key challenge;data collection;delayed access;diverse panel;diversion of resource;funding support;global initiative;group discussion;hands-on education;human resource;identification of key challenge;key challenge;key intervention;online action;online action planning forum;online education;personal protective equipment;planning forum;practice guideline;protective equipment;qualitative analysis;realistic intervention;small group discussion;surgical care;surgical care provider;trainee hands-on education
35411692	adequate justification;alternative method;alternative statistical analysis plan;alternative statistical method;batch of an rs;conventional statistical approach;demonstration purpose;drug administration;drug development;equivalence determination;four-way crossover;health emergency;hypothetical drug;interrupted study;mixed effect;potential impact;potential impact of study outcome;protocol change;public health;public health emergency;quantitative method;reference batch;reference standard;rs expiration;simulated scenario;simulation approach;simulation result;single batch of an rs;statistical analysis;statistical analysis plan;statistical approach;statistical method;study outcome;two-way crossover;uninterrupted study;unprecedented challenge;us food;virus disease
35035205	blind patriotism;chinese community;chinese people;cluster analysis;collective narcissism;conspiracy belief;context of the debate;degree of blind patriotism;demographic parameter;evaluation of the book;group c;group criticism;identity politics;majority rating of the book;motivated belief;negative evaluation of the book;objectivity of the book;online survey;overseas chinese community;potential use;rating of the book;turn lead;uncritical patriotism;western sentiment;wuhan diary
35259642	% irish respondent;% of irish respondent;% of uk respondent;being vaccine;civic responsibility;cross-sectional survey;current research;current vaccination programme;demographic information;formative research;gp influence;health official;health practitioner;hesitant individual;intention measure;ireland and;irish respondent;less positive vaccination attitude;multivariate analysis;online platform;peer influence;positive vaccination attitude;positive vaccination intention;public health;public health message;public health official;questionnaire battery;safety of the vaccine;sample of irish;significant role;success of vaccination uptake;uk respondent;useful resource;vaccination attitude;vaccination intention;vaccination program;vaccination programme;vaccination risk;vaccination uptake;vaccine acceptance;vaccine hesitancy;vaccine intention;vaccine resistance;vaccine resistant
35366438	adjusted analysis;china national knowledge infrastructure;cochrane library;comprehensive systematic search;economic ramification;health science database;knowledge infrastructure;mechanical ventilation;mortality rate;national knowledge infrastructure;profound health;related article;respiratory depression;science database;significant association;significant heterogeneity;systematic review;systematic search
35087975	amphotericin b;blood sugar control;blood sugar level;care center;case series;case series of patient;clinical feature;common complaint;corticosteroid use;early presentation;endoscopic sinus surgery;favorable outcome;functional endoscopic sinus surgery;history of corticosteroid use;history of diabetes;initiation of treatment;june 2021;kidney profile;male preponderance;mean age;mean age of patient;monitoring of serum electrolyte;ocular complaint;prompt diagnosis;regular follow-up;risk factor;serum electrolyte;sinus surgery;strict blood sugar control;successful surgery;sugar control;sugar level;tertiary care center;tertiary care center objective;timely initiation of treatment;treatment of pa;treatment of patient;understanding of the disease
35177037	care provider;care worker;care workers;collaborative care;community health center;comprehensive tb treatment;descriptive qualitative research design;different private clinic;focus group;focus group discussion;general practitioner;group discussion;health center;health insurance;health promotion;health regulator;health system;healthcare worker;healthcare workers;in-depth interview;involvement of private primary care provider;national health insurance;ongoing effort;patient referral;potential role;primary care;primary care provider;private clinic;private primary care;private primary care provider;programme indicator;public-private mix;qualitative research;qualitative research design;qualitative study;regional health regulator;representative of national health insurance;research design;solo general practitioner;staff member;sustainability of the programme;tb treatment;thematic analysis;yogyakarta city
32563690	taste disorder
33536979	adaptive orientation to creativity;additional stress;creative adaptation;creative anxiety;creative belief;creative growth mindset;creative teaching training institute;dispositional joy;distance learning;environmental support;face of setback;general negative affect;general positive affect;generating buoyancy;growth mindset;guidance of a summer creative teaching training institute;important relationship;important step;inevitable setback;loss of creativity;method study;mixed method study;negative affect;orientation to creativity;positive affect;school shutdown;secondary traumatic stress;sequential mixed method study;significant uncertainty;student creative belief;substantial capacity;summer creative teaching training institute;support of training;supportive role;teacher buoyancy;teacher creativity;teacher well-being;teaching training institute;training institute;traumatic stress;virus disease
34679466	active tb;care of a homeless shelter;clinical material;coincidence of tuberculosis;complex isolate;control programme;course of infection;current pandemic;day of hospitalisation;day of hospitalization;disadvantaged people;epidemiological investigation;global pandemic;homeless shelter;infectious disease;influence of active tb;mechanical ventilation;molecular epidemiological investigation;mycobacterium tuberculosis complex isolate;negative impact;negative impact of the current pandemic;outbreak of the global pandemic;oxygen therapy;population of patient;pulmonary tb;renal failure;respiratory failure;seventh day of hospitalization;therapeutic success;third day of hospitalisation;time of infection;transmission of tuberculosis;tuberculosis complex isolate
32680602	ayurvedic medicine;ayurvedic pharmacopoeia;ayurvedic treatment;body pain;care policy;case report;chinese medicine;contribution to scientific literature;herbal medicine;high fever;limited ayurvedic medicine;modern western medicine;pertinent medicine;policy maker;positive patient;progress of the disease;proven cure;scientific literature;severe body pain;severe cough;short period;stage of the disease;traditional chinese medicine;use of ayurvedic medicine;valuable contribution to scientific literature;variety of pertinent medicine;virus disease;western medicine;wide scope
32561113	antiviral therapy;blood transfusion;clinical practice;convalescent plasma;convalescent plasma transfusion;current potential therapeutic approach;current treatment;current treatment approach;health crisis;major health crisis;potential therapeutic approach;specific treatment;supportive intervention;therapeutic approach;treatment approach
33637290	early phase;experience of surgical research resident;research resident;surgical research resident;survey study
34790680	cardiovascular symptom;case control study;case series;central register of controlled trial;cochrane central register of controlled trial;cognitive impairment;considerable heterogeneity;control study;controlled trial;data collection;data collection approach;dermatological complaint;electronic database;functional impairment;general infection symptom;independent review;independent reviewer;infection symptom;literature review;methodological approach;number of individual;o'malley framework;observational study;persistent symptom;prevalence of symptom;prospective cohort;psychological disorder;pulmonary symptom;register of controlled trial;related symptom;reported symptom;respiratory symptom;retrospective observational study;review of the literature;review selection;sensory impairment;spectrum of symptom;spread of the pandemic;study design;symptom prevalence;systematic literature review;virus disease
32322046	analysis of related factor;body mass index;calf circumference;china background;combined diabetes;cross-sectional study;elderly inpatient;elderly patient;further regression analysis;independent risk factor;low albumin;low calf circumference;lymphocyte count;malnutrition group;malnutrition risk;mass index;mini nutritional assessment;nutritional assessment;nutritional status;nutritional status of elderly inpatient;nutritional support;prevalence of malnutrition;regression analysis;related factor;risk factor;risk of malnutrition;sectional study;statistical difference
34487685	% reduction;% uncertainty interval;annual decrease;annual mortality risk change;cost of inaction;current annual decrease;development goal;donor nation;economic dividend;economic impact;economic loss;economic loss of us;excess death;funding none;health loss;interpretation failure;life expectancy;life expectancy loss;mortality risk;mortality risk change;mortality target;period of analysis;private sector;risk change;sub-saharan africa;sustainable development;sustainable development goal;tuberculosis death;tuberculosis mortality;tuberculosis mortality target;tuberculosis programme;tuberculosis target;un sustainable development goal;uncertainty interval;y los
32275855	atomic detail;binding interface;binding mode;development of therapeutic countermeasure;entry receptor;functional b;graphical abstract;health concern;important structural information;key residue substitution;mode similar overall;n antigen;notable difference;public health;public health concern;receptor binding;residue substitution;s protein;significant public health concern;similar overall;spike protein;structural information;therapeutic countermeasure;viral pathogen;viral pathogenesis
32333026	cardiac death;sudden cardiac death
33621654	
35250772	attention to the cultivation of intimacy;certain topic;cognition preference;cognitive communion;concept of social integration;corresponding psychological foundation;cultivation of intimacy;different cognition preference;direct influence;empirical evidence;equation model;future online learning;guiding role;health regimen vc;intergenerational audience;large number;large number of intergenerational audience;negative impact;online learning;online survey;own thought;psychological antecedent;psychological foundation;psychological well-being;regimen vc;social integration;social integration status;social life;social need;structural equation model;telecommuting scenario;theoretical model;useable response;value orientation;vc audience
33588706	% confidence interval;attention to the mental well-being;care worker;care workers;confidence interval;disorder symptom;distress screening;healthcare institution;healthcare worker;healthcare workers;hope questionnaire;interactive system of orientation;light of stressful event;loneliness purpose;mental well-being;odds ratio;own value;pandemic distress;scientific reference;sense of social connectedness;simple tool;social connectedness;social isolation;stress disorder;stress disorder symptom;stressful event;support intervention;system of orientation;traumatic stress;virus disease
33505730	bacterial pneumonia;bilateral involvement;bilateral pneumothorax;care unit;case series;chest tube;consecutive case;ill patient;ill patients;imaging finding;incidence of pneumothorax;infection data;intensive care;intensive care unit;laboratory workup;management of pneumothorax;massive subcutaneous emphysema;pigtail catheter;related factor;risk factor;secondary bacterial pneumonia;spontaneous pneumothorax;subcutaneous emphysema;surgical chest tube;unilateral pneumothorax;virus disease
34271868	acute respiratory syndrome;additive explanation;black race;clinical management of patient;confirmed case;cross-sectional study;de janeiro;decision tree;dependent variable;early identification of patient;epidemiological variable;estimation difficulty;form of the disease;health system;health system information system;heart disease;identification of patient;independent variable;information system;lethality of the disease;management of patient;mortality rate;odds ratio;online version;relevance of each independent variable;respiratory syndrome;rio de janeiro;risk group;sectional study;severe acute respiratory syndrome;severe form;severe form of the disease;shapley additive explanation;skin color;state of rio de janeiro;supplementary material;system information system;unified health system information system
34729818	% confidence interval;abstract background;abstract background nursing home;anonymous study;background nursing home;clinical staff;confidence interval;cross-sectional anonymous study;cross-sectional anonymous study of republic of ireland nursing home staff;degree of moral injury;demographic information;disorder symptom;health organisation;high degree of moral injury;high level;high prevalence;home staff;index score;ireland abstract background nursing home;ireland nursing home staff;irish nursing home staff;key point;key points;low mood;mental health;mental health measure;mood disturbance;moral injury;mortality of resident;neglected workforce;nursing home;nursing home staff;nursing home staff mental health;nursing homes;online survey;pandemic high;pandemic high prevalence;poor wellbeing;post-traumatic stress;post-traumatic stress disorder;post-traumatic stress disorder symptom;post-traumatic stress symptom;republic of ireland abstract background nursing home;republic of ireland nursing home staff;significant difference;staff distress;staff group;staff healthcare;staff healthcare assistant;stress disorder;stress disorder symptom;stress symptom;suicidal ideation;suicide planning;third wave;traumatic stress;wellbeing index score;work ability;world health organisation
35055602	configuration of high burnout;determinant of burnout;different sector;educational sector;empirical paper;family source;high burnout;lack of support;low burnout;perception of an inability;principal determinant of burnout;prolonged impact;psychological stress;working source
32343658	active substance;antimalarial drug chloroquine;assessment of the ongoing clinical trial;clinical benefit;clinical trial;conceivable treatment approach;conclusion clinical trial;different purpose;drug chloroquine;drug use;effective drug;fusion of the virus;human cell;initial finding;late april;literature search;number of substance;ongoing clinical trial;particular agent;potential therapeutic efficacy;protozoan infection;selective literature search;standard supportive treatment;study background;supportive treatment;therapeutic efficacy;therapeutic use of any particular agent;treatment approach;true clinical benefit;use of any particular agent;viral infection
32583423	collective protest;creation of new group;government failure;identity process;illegitimate treatment;increase compliance;negative relation;new group;normative behaviour;response to illegitimate treatment;safe normative behaviour;subsequent collective protest;vulnerable group
32315756	asymptomatic carrier;asymptomatic case;asymptomatic subject;care unit;contribution of the asymptomatic carrier;fatality rate;health organization;healthy people;house quarantine;human immune system;immune system;in-house quarantine;intensive-care unit;positive subject;potential contribution of the asymptomatic carrier;private residence;public place;symptomatic case;united states;viral transmission;virus shedding;world health organization
35151081	acute respiratory syndrome;circle amplification;complicated temperature control;diagnosis of infected individual;early diagnosis;early diagnosis of infected individual;effective therapeutics;exponential rolling circle amplification;false-negative result;further use;gene amplification;graphical abstract;great potential;great potential of the method;high specificity;important part of the pandemic control;infected individual;isothermal gene amplification;isothermal process;lack of effect;lack of effective therapeutics;large-scale screening;long processing time;ms assay;negative result;pandemic control;part of the pandemic control;processing time;respiratory syndrome;risk of false-negative result;rolling circle amplification;severe acute respiratory syndrome;single test;temperature control;three-way junction
32823922	acute period of recession;annual household income;average annual household income;average pure technical efficiency;binomial distribution;crisis period;economic crisis period;efficiency frontier;efficiency of scale;envelopment analysis;frontier of efficiency;frontier of efficiency of a hospital;frontier of technical efficiency;health system;health system hospital;hospital efficiency;hospital variable;hospitals objective;household income;linear mixed model;link function;mixed model;multilevel analysis;national health system;national health system hospital;overall technical efficiency;ownership structure;ownership structure of hospital;period of recession;ppp formula;ppp hospital;ppp model;private hospital;public hospital;public-private partnership;pure efficiency;pure technical efficiency;regional characteristic;regional variable;spanish economy;spanish national health system;spanish national health system hospitals objective;substantial difference;system hospital;technical efficiency;technical efficiency frontier;two-year period
34280038	acute respiratory syndrome;billion sequence;blood cell;blood mononuclear cell;characterization of severe infection case;clinical characterization of severe infection case;extensive viral infection of lymphocyte;flu pandemic;form of trafficking;healthy control;human rna;immune presentation;infection case;lavage specimen;mononuclear cell;multiple organ;multiple organ failure;organ failure;pandemic of an unprecedented scale;peripheral blood cell;peripheral blood mononuclear cell;possibility of extensive viral infection of lymphocyte;respiratory complication;respiratory syndrome;rna normalization;septic shock;severe acute respiratory syndrome;severe infection;severe infection case;third virus;total human rna;total human rna abundance;unprecedented scale;various sample;viral infection;viral infection of lymphocyte;viral rna;viral spike
34424156	acute respiratory syndrome;barrier disruption;blood-brain barrier;cardiovascular system;causative agent;crucial role;dengue virus;developmental sequela;endothelial cell;endothelial cell barrier;gene p;gene product;global pandemic;human immunodeficiency virus;human pathogen;immunodeficiency syndrome;immunodeficiency virus;important human pathogen;japanese encephalitis;japanese encephalitis virus;long-standing global pandemic;loss of vascular integrity;organ tropism;pathogenic mechanism;penetration of the blood-brain barrier;respiratory syndrome;retrovirus human immunodeficiency virus;severe acute respiratory syndrome;vascular integrity;vascular leakage;viral disease;viral gene product;viral pathogen;viral pathogenesis;viral pathogenesis virus;viral penetration of the blood-brain barrier;virus disease
35448162	abstract patient;acute respiratory syndrome;al patient;antiviral agent;case series;case series analysis;clinical benefit;clinical effect;comprehensive treatment;controlled trial;delta variant;effectiveness of the latter treatment;global health;global health burden;hematologic diagnosis;hematological patient;high risk;infected patient;latter treatment;malignant hematologic diagnosis;management of patient;monoclonal antibody;monoclonal antibody use;omicron variant;oxygen supplementation;potential benefit;respiratory syndrome;retrospective case series analysis;series analysis;severe acute respiratory syndrome;specific protein;university hospital;viral surface;virus disease;vulnerable cohort
32436576	implementation science
35482656	air vehicle;care need;delivery of drug;delivery process;delivery urgent medicine;development process;development process of medical drone service;direct physical contact;drone interaction;drone s direction;drone service;effective new way;effective new way to delivery urgent medicine;experimental manner;great challenge;human drone interaction;important issue;integral part of the whole development process of medical drone service;medical delivery;medical device;medical drone service;new way;part of the whole development process of medical drone service;physical contact;potential of drone;present study;research article;rural area;s direction;shortage of skilled worker;skilled worker;technology-driven approach;unmanned air vehicle;urgent medicine;usefulness of the system;user experience;user experience of drone;whole development process of medical drone service;year of publication
32454066	potential target
32813879	% confidence interval;acute respiratory syndrome;are associated;bcg vaccination;bcg vaccination status;bcg vaccination status of subject;bcg vaccination summary;body mass index;chain reaction;chest tomography;concomitant disease;confidence interval;cross-sectional study;disease severity;income rate;low income;mass index;mean age;mild disease;multivariate analysis;nasopharyngeal sample;odds ratio;pneumonia severity;polymerase chain reaction;pulmonary infiltrate;rate of case;respiratory syndrome;retrospective cross-sectional study;routine bcg vaccination summary;sectional study;severe acute respiratory syndrome;severe disease;smoking status;standard deviation;state hospital;study population;vaccination status;virus disease
33363552	advent of new tool;brief review of the advance;cas system;current perspective;delivery system;dioecious plant;distinct approach;engineering of hemp;few report;gene delivery system;hemp metabolic engineering;hemp secondary metabolite production;industrial hemp;industrial sector;metabolic engineering;metabolic engineering of hemp;metabolite production;new tool;obvious impact;phenolic compound;physiological function;psychoactive compound;recent status;renewed interest;review of the advance;secondary metabolite production;special emphasis;successful metabolic engineering of hemp;synthetic biology;transient gene delivery system;treatment of viral disease;viral disease
32558002	abstract background;academy of neurology;acute cerebrovascular disorder;associated neurological sign;cerebrovascular disorder;clinical feature;conclusion neurologist;contribution of neurological manifestation;disease characteristic;emergency room;european academy of neurology;general symptom;impaired consciousness;infection abstract background;management of neurological issue;multiple general symptom;neurological complication;neurological disease characteristic;neurological finding;neurological issue;neurological manifestation;neurological sign;neurological symptom;on-line survey;prevalence of patient;prospective registry;psychomotor agitation;task force;worldwide physician
34678266	% confidence interval;% increase;adequate staffing;adverse health consequence;aide shortage;association of infection control factor;bed occupancy rate;confidence interval;cross-sectional analysis;design cross-sectional analysis;distribution of personal protective equipment;equipment access;final quarter;health consequence;home resident;infection control;infection control factor;last quarter;linear model;logistic regression;next surge;nursing home;nursing home resident;nursing homes;occupancy rate;odds ratio;personal protective equipment;prevention of infection;protective equipment;protective equipment access;steep increase;third surge;third surge objective;third surge of the pandemic;us nursing homes;vulnerable nursing home resident
32145156	assessment of epidemic
35017876	acute respiratory syndrome;case presentation;chain reaction;clinical improvement;facial nerve palsy;facial paresis;hospital stay;magnetic resonance;magnetic resonance imaging;muscle involvement;nasopharyngeal swab;nerve palsy;neurological manifestation;orbicular muscle involvement;polymerase chain reaction;possible association;real-time reverse transcription polymerase chain reaction;recent history;recent history of diarrhea;resonance imaging;respiratory syndrome;reverse transcription polymerase chain reaction;right facial paresis;severe acute respiratory syndrome;structural change;transcription polymerase chain reaction;viral etiology
33735264	adherence to the requirement;are associated;background healthcare worker;care worker;care workers;ct value;cycle threshold;duration of inpatient;duration of symptom;enhanced infectivity;exposure to someone;healthcare worker;healthcare workers;high viral load;infection prevention;infection prevention program;median ct value;nasopharyngeal swab;peak infectivity;personal protection;personal protection equipment;positive nasopharyngeal swab;short duration of symptom;symptom duration;symptom duration of inpatient;viral load;virus disease
33563638	% attack rate;active health care worker;acute respiratory syndrome;attack rate;care worker;care workers;chain reaction;clinical course;clinical description;clinical outcome;descriptive study;detailed clinical description;emergency visit;future wave;health care;health care worker;health care workers;hospital admission;immunoglobulin g;immunoglobulin g serology;large group;median age;multiple individual;negative swab;observational study;physical distancing;polymerase chain reaction;probable case;public health;public health measure;respiratory syndrome;reverse transcription polymerase chain reaction;ribonucleic acid;severe acute respiratory syndrome;shared meal;size of social gathering;social event;social gathering;specific symptom;standardized interview;study background;t test;testing result;transcription polymerase chain reaction;travel history;virus disease
34432842	adherence to mitigation measure;adjusted logistic regression model;behavior change;cultural aspect;different pandemic context;diverse language region;french-speaking part;general health;health care;health care use;health consequence;incidence pattern;interaction effect;lack of energy;language region;logistic regression;logistic regression model;long-term population health consequence;mental health;mitigation measure;mitigation period;online survey;pandemic context;pandemic phase;panel study;physical activity;policy making;poor quality of life;population health;population health consequence;pre-specified interaction effect;presence of poor quality of life;present study;quality of life;regression model;selected study outcome;social behavior;social behaviour;social monitor;socioeconomic aspect;study background;study outcome;unknown long-term population health consequence
33636357	clinical course;course of disease;critical disease;high rate;human corona;impact of prior infection;infected individual;intensive care;moderate disease;outpatient setting;prior infection;proportion of patient;severe course;severe course of disease;substantial proportion of patient
32686375	arterial oxygen saturation;attachment of a transparent film;case report;case report of tracheostomy;contagious viral disease;fourteen day;gradual weakness of respiratory muscle;graphical abstract;health organization;medical staff;medical staff member;oxygen saturation;positive pressure ventilation;pressure ventilation;report of tracheostomy;respiratory muscle;respiratory system;risk of transmission;risk of transmission of this contagious viral disease;routine safety measure;safety measure;staff member;surgical field;transmission of this contagious viral disease;transparent film;tube position;various vital organ;viral disease;virus disease;vital organ;weakness of respiratory muscle;world health organization
33912196	biological standard;clinical report;clinical testing;development of vaccine;effective vaccine;effective vaccine candidate;global pandemic;human use;importance of biological standard;next generation;performance of vaccine;second wave;vaccination program;vaccine candidate;various guideline
32665985	% specific;accuracy of the assay;analyzer tool;automated analysis;clinical sample;computational tool;control reference gene;detection assay;early diagnosis;graphical user interface;human rna;infected patient;infectious disease;internal control reference gene;large number;large number of clinical sample;real-time pcr;reference gene;total human rna;turnaround time;unbiased manner;user interface;viral transcript
34193982	account preventive measure;age child;annual mp amount;detached house;diagnosis of myopia;digital device;education program;effect of home education;equivalent value;front of a screen;h of outdoor time;history of myopia;home confinement;home education;home education period;mean age;mp amount;myopia progression;open air;outdoor time;pandemic objective;pandemic restriction;preventive measure;refractive error;right eye;school age child;school child;spherical equivalent value
34717886	early mortality;early mortality risk stratification;mortality risk;mortality risk stratification;risk stratification
34976499	48 bau;95 bau;acute respiratory syndrome;antibody kinetics;antibody level;antibody titer;antibody unit;binding antibody unit;blood sample;booster dose;breakthrough infection;care professional;care provider;eighty-six participant;further research;geometric mean igg titer;global population;half of the global population;healthcare professional;healthcare provider;igg titer;immunoglobulin g;linear mixed model;linear mixed model analysis;longitudinal study;longitudinal study monitoring;mean age;mean igg titer;mean titer;medical science;medical staff;miracle story;mixed model;mixed model analysis;optimal timing;paramedical staff;potential benefit;predictor of igg titer;prospective longitudinal study monitoring;respiratory syndrome;sanitary worker;second dose;severe acute respiratory syndrome;significant factor;significant predictor of igg titer;spike protein;substantial decline;underweight person;vaccine dose;viral particle;virus disease
34200791	% decrease;acute bout of exercise;anti-inflammatory response;bout of exercise;chronic low-grade systemic inflammation;effect of exercise;high morbidity;important role;inflammatory response;isometric training system;long-term effect;long-term effect of exercise;low-grade systemic inflammation;lung function;lung involvement;minimal lung involvement;period of time;potential improvement;regular exercise;rehabilitation quality;skeletal muscle;systemic inflammation;target tissue;theoretical construct;training system;virus disease
34453842	accelerating change;pain curriculum
33989322	business closure;business shutdown;closed business;closed sector;effectiveness of business shutdown;exposure to closed sector;implied life saving;large effect;life saving;mortality rate;selected sector
34624245	paulo declaration;planetary health;sao paulo declaration
33930636	c rise;case incidence;causal effect of certain weather factor;certain weather factor;climatological variable;continental u;daily temperature;daily wind speed;developed econometric approach;econometric approach;effect of certain weather factor;empirical evidence;environmental factor;growth rate;growth rate of infection;immense research effort;individual weather measure;large deviation;marginal increase;negative relation;negative relationship;percent drop;relative humidity;research effort;sensitivity check;significant negative relationship;similar period;spread of the disease;united states;weather factor;weather measure;weather variable;wind speed
35601571	30-day mortality;adult patient;care unit;cohort analysis;comparison to the prophylaxis;day mortality;dose group;duration of mechanical ventilation;final analysis;group a;hospital length of stay;hospital los;impact of therapeutic dose;intensive care;intensive care unit;length of stay;major bleeding;mechanical ventilation;primary endpoint;prophylaxis dose group;retrospective cohort analysis;therapeutic dose
34281535	benefit assessment;body of literature;broad spectrum;broad spectrum of challenge;care setting;clinical research;clinical research ethic;consent procedure;current situation;development of hands-on guidance;difficult benefit assessment;empirical research;established principle;ethics committee;fair selection of trial participant;favourable risk-benefit ratio;field of research ethic;further stakeholder engagement;german rec;hands-on guidance;improved local;inclusion of vulnerable group;independent review;infection measure;informed consent;intensive care;intensive care setting;isolation measure;lack of coordination;lack of time;medical research;modified consent procedure;national coordination;online version;overall response rate;potential solution;practical relevance of these challenge;priority setting;provisional study planning;qualitative survey;relevance of these challenge;research community;research ethic;research ethics committee;response rate;risk-benefit ratio;scientific validity;selection of trial participant;social value;stakeholder engagement;strict isolation measure;study participant;study planning;study proposal;supplementary material;synthesis of challenge;text analysis;thematic text analysis;trial participant;vulnerable group
32050635	acute respiratory syndrome;case fatality;case fatality rate;clinical effect;clinical trial;early december;early stage;fatality rate;further investigation;human corona;infant outcome;infected person;limited experience;majority of death;middle east;middle east respiratory syndrome;natural aerosol;neonatal morbidity;obstetrical outcome;pneumonia of unknown cause;poor obstetrical outcome;respiratory syndrome;severe acute respiratory syndrome;special population;unknown cause;virus infection
34228112	abstract background;analysis of social;baseline attitude;baseline intention;baseline to follow-up;behavioral control;distancing behavior;future research;gap abstract background;longitudinal design;non-hispanic white;non-white participant;planned behavior;positive attitude;present study;protective behavior;psychological factor;significant decrease;similar viral outbreak;social distance;social distancing;social distancing attitude;social distancing behavior;stable intention;subjective norm;suburban area;theory of planned behavior;urban area;viral outbreak;white participant
35566787	aim of this study;alpha period;alpha variant;cohort study;different period;emergence of new variant;gamma period;gamma variant;iii maternity hospital;impact of these strain;international retrospective cohort study;major source of concern;maternity hospital;neonatal outcome;new variant;newborn child;obstetrical context;perinatal context;predominance of the alpha variant;primary aim;primary aim of this study;rapid emergence of new variant;retrospective cohort study;second period;secondary aim;source of concern;statistical difference;strain predominance;twelve time;type iii maternity hospital;variant period
32842607	ability of national public health crisis governance;attention to the core value of order;auxiliary support of major public health crisis event;centralization of power;communication of different subject;control of local government;core value of order;crisis governance;crisis governance system;crisis management;decision-making mechanism;different subject;dilemma of a public health crisis;effectiveness of local governance;essence of the public health crisis governance system;governance dilemma of a public health crisis;governance structure;health crisis;health crisis governance system;information disclosure;joint participation;local governance;local government;main reason;major public health crisis;major public health crisis event;national public;national public health crisis governance;new characteristic;new era;optimization of a decision-making mechanism;public health;public health crisis;public health crisis governance;public health crisis governance system;response to a public health crisis;support of major public health crisis event;temporary disruption;value of order
33704627	additional risk;attention to treatment of these patient;cancer care;cancer mortality;cancer patient;cancer patients;care delivery;care service;care system;global cancer mortality;healthcare system;hidden curve;infectious disease;mathematical model;mitigation period;neck cancer;neck cancer model;number of untreated patient;oncology care;online practical tool;online version;peak of the pandemic;practical tool;rapid spread;risk of cancer patient;risk of death;substantial attention to treatment of these patient;supplementary material;time-dependent disease;treatment initiation;treatment of these patient;untreated patient
32068012	pneumonia emergency
32476155	effect of the outbreak;era abstract;major impact;management of patient;ovarian cancer;severe morbidity;surgical treatment;virus disease
33306721	% male;% white;active role;clinical service;cohort study;community-based clinical service;community-based service;general health;infection background;median age;mental function;mental health;muscular pain;new jersey;persistence of symptom;persistent symptom;physical health;prospective cohort;prospective cohort study;psychosocial function;quality of life;quality of life parameter;social active role
34595468	acute kidney;acute kidney injury;admission to intensive care unit;aggressive intervention;are associated;blood cell;cardiovascular disease;care unit;chronic obstructive pulmonary disease;confirmed case;disease outcome;distribution width;general population;hepatitis b;high rate;high rate of hospitalization;high red blood cell distribution width;independent prognostic factor;independent prognostic factor of hospitalization;intensive care;intensive care unit;kidney injury;obstructive pulmonary disease;patras university hospital;prognostic factor;pulmonary disease;rate of hospitalization;red blood cell;red blood cell distribution;red blood cell distribution width;severe disease;university hospital;virus disease
34634404	above recommendation;acute respiratory syndrome;application of above recommendation;comprehensive application of above recommendation;dense population;further improvement of pandemic response;general precaution;general public;health of general public;improvement of pandemic response;large personal mobility;operation management;outdoor place;pandemic response;personal mobility;personal protection;perspective of operation management;public place;regard of risk level;respiratory syndrome;risk level;service place;severe acute respiratory syndrome;social distancing;specific precaution;virus disease
34343468	% of case;case fatality;case fatality rate;case report;clinical setting;elderly people;fatality rate;intensive care;magnitude of the problem;mechanical ventilator;ongoing conflict;ongoing yemeni armed conflict;ongoing yemeni armed conflict objective;particular hypertension;poor outcome;preventive measure;severe case;total case;true magnitude of the problem;virus disease;yemeni armed;yemeni armed conflict;young adult
34515235	
33203639	% of the participant;adverse event;amount of consultation;amount of online consultation;antenatal care contingency plan;appropriate antenatal care contingency plan;care contingency plan;communication platform;confirmed case;contingency plan;cross-sectional study;different area;different trimester;distribution of the amount of online consultation;emergency of international concern;epidemic area;free online communication platform;health emergency;health service;international concern;irreversible obstetric adverse event;medical care;medical care consultation;obstetric adverse event;obstetric consultation;online communication platform;online consultation;online medical care consultation;online obstetric consultation;part of the survey;primary outcome;professional obstetrician;public health;public health emergency;public health emergency of international concern;representative area;satisfaction part of the survey;second category;sectional study;severe epidemic area;severity of the epidemic;statistical analysis;various severity of the epidemic;yi tong;yue yi tong
35565040	actual usage;anonymous participant;area of the vicinity;assessment mobile application;contact tracing;convenience sampling;effort expectancy;health-related mobile application;hedonic motivation;important tool;integrated framework;integration of protection motivation theory;latent factor;latent variable;mobile application;mobile contact;motivation theory;performance expectancy;preventive measure;protection motivation;protection motivation theory;risk assessment;significant effect;significant latent factor;social influence;strict implementation;theory of acceptance;tracing application;unified theory of acceptance;use of technology;virus spread
33336018	acute respiratory syndrome;cancer patient;cancer patients;clinical symptom;different normal tissue;expression level;gastrointestinal tumor;health problem;low expression;lung cancer;malignant tumor;malignant tumor patient;normal tissue;protein expression level;public health;public health problem;rate of severe event;regeneration index;renal cancer;respiratory syndrome;seminal vesicle;serious public health problem;severe acute respiratory syndrome;severe event;situation of malignant tumor patient;symptom severity;urinary system
33862667	healthy peer;less anxiety;somatic symptom;somatic symptom disorder
35086121	activity questionnaire;behavioral factor;continuous objective measurement of the visual environment;daily duration;daily light exposure;day of the week;device use;different behavior;diopter hour;electronic device;electronic device use;forty child;group a;high resolution;important consideration;intermediate viewing;light exposure;measurement of activity;measurement of near viewing;measurement of the visual environment;near viewing;numerous behavioral factor;objective measure;objective measurement of activity;objective measurement of near viewing;objective measurement of the visual environment;objective method;purpose numerous behavioral factor;purpose of this study;refractive error;refractive error group;refractive error pathogenesis;significance wearable sensor;sleep duration;subjective measure;united states;visual environment;wearable sensor
33513875	acute myeloid leukemia;acute respiratory distress syndrome;distress syndrome;few week;hematological malignancy;hematological malignancy viral infection;male patient;myeloid leukemia;old male;old male patient;past few week;pulmonary aspergillosis;pulmonary infection;respiratory distress;respiratory distress syndrome;secondary acute myeloid leukemia;secondary pulmonary aspergillosis;secondary pulmonary infection;viral infection
32395098	adjuvant alum;airborne pathogen;avian virus;cellular immunity;cellular uptake;conventional adjuvant alum;delivery system;fitting inhalation immunization;high level;inhalation immunization;life-threatening epidemic;lung inflammation;mucosal level;obvious lung inflammation;pulmonary vaccination;pulmonary vaccine;respiratory system;side effect;vaginal fluid;vitro ans;y el
34866771	general misperception;literacy factor;locus of control;media literacy factor;mediation model;misinformation circulation;misperception research;practical implication;public health;social media
32379015	effective preparation;enormous impact;entire world;escalation of case;face of a rapid escalation of case;next wave;ongoing pandemic;peak of transmission;preventive measure;rapid escalation of case;scientific evidence;second wave;second wave of infection;virus disease
35262049	preliminary planning
33560863	10-day course;adverse event;aggregate certainty of evidence;certainty of evidence;controlled trial;data extraction;data source;data synthesis;disease severity;disease severity definition;drug cost;final result;funding source;hospital length of stay;large reduction;length of stay;living rapid review;mechanical ventilation;moderate decrease;moderate increase;mortality difference;new evidence;patients receiving;percentage of patient;preliminary report;proportion of patient;rapid review;review method;risk of bias;risk ratio;serious adverse event;serious harm;small reduction;time to recovery;update of a living rapid review;virus disease
35126030	domestic violence;mental health
34976906	action plan;assessment of a brazilian pilot massive open online course;biomass burning;brazilian pilot massive open online course;brazilian portuguese;care professional;climate change;content module;course database;environmental crisis;essential question;extensive fire;face of these multiple challenge;forum discussion;forum interaction;fundamental health determinant;global online pivot;health area;health care;health determinant;health education;health profession;health professional;infectious disease;informed consent;local plan;major topic;majority of the participant;massive deforestation;massive open online course;mental health;multiple challenge;natural system;ongoing sustainability program;online course;online pivot;open online course;open perspective of the course;optional action plan;perspective of the course;ph education;pilot massive open online course;planetary challenge;planetary health;primary care;primary care professional;primary health care;profile of participant;sustainability program;timely resource;total load
34533996	acid receptor;available preclinical drug;cell type;conditional ko;current available preclinical drug;epithelial cell;innate immunity;interferon production;lipid metabolite;lung fibrosis;multiple cell type;multiple virus;preclinical drug;restrained type;rock kinase;role of lipid metabolite;various virus infection;viral infection;virus infection;vital role of lipid metabolite
35261542	% confidence interval;adverse clinical effect;clinical effect;clinical outcome;clinical symptom;confidence interval;critical illness;definite outcome;effect model;effect size;electronic database;equivalent unit;fibrinogen equivalent unit;high chance;human transmission;inflammatory marker;initiation of treatment;laboratory parameter;literature search;mean score;mean va;mean value;millilitre fibrinogen equivalent unit;overall effect;overall effect size;poor clinical outcome;progression to critical illness;proper management;random effect;random effect model;regression analysis;risk factor;risk of any mortality;risk stratification;serum level;significant elevation;standardized difference;study size
35458549	acidic environment of endosome;action of the alkaloid;antiviral action;antiviral effect;binding site;cell attachment;cell attachment of vector particle;dextran sulfate;envelope glycoprotein of human immunodeficiency virus type;environment of endosome;final action of the alkaloid;further use;fusion loop;glycoprotein change;glycoprotein of human immunodeficiency virus type;human immunodeficiency virus;human immunodeficiency virus type;immunodeficiency virus;marine alkaloid;rna virus;vector particle;viral effect;viral vector;virus replication
34267316	atomic model;deep learning;deep learning approach;density map;different experimental map;electron microscopy;et al;experimental map;local quality;local quality of density map;loss of contrast;map local quality;microscopy density;microscopy density map;noise level;novel structure;popular approach;protein structure modeling;quality of density map;respective atomic model;rna polymerase;single step;structure modeling;useful tool;volume post-processing
34717713	acute respiratory syndrome;airborne virus;airway protection;analysis of the survey;aspect of new viral variant;care worker;care workers;chain reaction;cohort study;contagious airborne virus;direct patient contact;effectiveness of new vaccine;emergency medical service;emergency situation;ems worker;exposed medical staff;exposure to patient;face piece protection;face piece protection class;filter efficiency;flu symptom;graphical abstract;harmful condition;health care;health care worker;health care workers;high class;history of a positive pcr;history of positive polymerase chain reaction;hospital staff;medical service;medical staff;method this;new vaccine;new viral variant;observational cohort study;patient care;patient contact;personal belief;physical airway protection;piece protection;polymerase chain reaction;positive contact;positive patient;positive pcr;positive polymerase chain reaction;respiratory syndrome;severe acute respiratory syndrome;significance of physical airway protection;transportation service;unclear effectiveness of new vaccine;viral variant;virus disease
32319129	allergy treatment;available asthma;care of these patient;care provider;chronic disease;current stage of knowledge;disease control;healthcare provider;nationwide confinement;optimal disease control;primary clinician;regular treatment plan;respiratory virus;respiratory virus epidemic;risk factor;risk of severe disease;severe asthma;severe disease;severe symptom;special attention;stage of knowledge;treatment guideline;treatment plan;unprecedented pandemic;usual treatment;usual treatment guideline;virus epidemic
32530130	
33536042	activity impairment questionnaire;adult subject;construct validity;course of the disease;functional limitation;functional status;functional status scale;gradual increase;health-related quality of life;impairment questionnaire;intensity of symptom;number of subject;online panel;online survey;onset of symptom;persistent symptom;quality of life;related symptom;set of symptom;statistical association;symptom diary;symptomatic adult;utrecht symptom diary;work productivity
34274212	% of young adult;address concern;household pulse survey participant;importance of vaccination;public health;public health intervention;pulse survey participant;related perspective;representative survey;side effect;survey participant;unvaccinated respondent;young adult;young adult intention;young adult perspective
35317712	access to information technology infrastructure;arduous barrier;article screening;assessment design;clinical setting;duplicate removal;electronic database;future research;graduate medical education;information technology infrastructure;initial search;key term;lack of access to information technology infrastructure;lack of infrastructure;medical education;medical student;medical student education;national government;negative effect;new curriculum;new technology;particular support;patient contact;preferred reporting item;range of factor;reporting item;review of the literature;student education;study characteristic;systematic review;systematic reviews;technology infrastructure;undergraduate medical education;use of new technology
32321654	virus disease
32634003	care worker;care workers;component of holistic health management;contemporary perspective;domain of religious belief;end of life;health challenge;health management;healthcare worker;healthcare workers;heightened stress;holistic health management;human care;human psyche;part of human care;part of the domain of religious belief;part of the human psyche;personal adversity;philosophical belief;provision of compassion;quality of life;religious belief;spiritual care;spiritual care deal;strong influence;unprecedented health challenge;virus disease;vital component of holistic health management;widespread anxiety
32298273	acute respiratory syndrome;available single-cell rna sequencing;capacity of vertical transmission;cell type;clinical practice;essential role;fetal heart;fetal organ;global public health;global public health concern;health concern;human fetal heart;human infection;interface cell;multiple fetal organ;new type of pneumonia;online available single-cell rna sequencing;person-to-person transmission;placenta dysfunction;present study;public health;public health concern;respiratory syndrome;rna sequencing;severe acute respiratory syndrome;single-cell rna sequencing;type of pneumonia;vertical transmission
32442894	effective response;future pandemic;global well-being;health consequence;mental health;mental health consequence;natural experiment;planned psychiatric research;psychiatric research;temporary halt;threat to global well-being;unprecedented threat to global well-being
35336843	albumin level;animal model;aseptic abscess;clinical condition;critical parameter;damaged tissue;defense response;different stage;emergency response;gene expression;hepatic synthesis;ill patient;ill patients;induction of hepatic synthesis;injection of turpentine oil;intramuscular injection of turpentine oil;laboratory change;model of septicemia;moderate increase;noxious agent;pathological condition;present study;prognosis of patient;prognostic purpose;rat liver;serum albumin level;serum level;severity of clinical condition;similar trend;striking increase;tissue damage;transient emergency response;turpentine oil
33503627	ace inhibitor;asymptomatic patient;background ckd;blood analysis;chest radiography;clinical feature;clinical spectrum;hemodialysis patient;initial negative pcr;lymphocyte count;nasopharyngeal swab;nasopharyngeal swab pcr;negative pcr;observational study;overall mortality;oxygen saturation;patients background;pcr test;positive patient;retrospective observational study;risk factor;symptomatic patient;use of ace inhibitor
34288285	% of the responder;% of those aged;abstract background;adverse event;age group;anonymous survey;being of mild severity;being sensory disturbance;cohort of ms patient;early experience;few day;frequent being sensory disturbance;general population;israel abstract background;mild severity;ms center;ms patient;multiple sclerosis;neurological symptom;overall rate;overall rate of adverse event;participant age;purpose of this study;safety profile;sensory disturbance;specific question;specific treatment;spectrum of adverse event;tertiary ms center
34532354	career path;conceptual insight;data collection;digital lab;digital labor platform;freelance worker;gender difference;household change;labor platform;occupational difference;ongoing panel study;online freelancer;panel study;purposive sampling;source of work;sustainable source of work;viable career path;work flexibility
35444637	aim of the study;cell surface;clinical outcome;clinical utility;control group;early stage;early stage of the disease;healthy donor;hospital admission;inflammatory process;laboratory parameter;lethality rate;lineage activation;longitudinal evaluation;macrophage lineage activation;mechanical ventilation;monoclonal antibody;patients background;plasmatic level;plasmatic levels;regulation of inflammatory process;scavenger receptor;significant reduction;soluble form;stage of the disease
35095628	adoption of health behavior;adoption of individual behavior;belief model;careful attention;cultural psychology approach;effect of demographic;effectiveness of the health belief model;general linear model;health behavior;health belief;health belief model;health belief variable;health official;health system;important location specific effect;individual behavior;individual difference;individual difference pattern;linear model;local norm;location specific effect;observed health belief variable;online questionnaire;path model;prevention behavior;preventive behavior;protective behavior;psychology approach;random effect;recommended behavior;relevance of the health belief model;simultaneous measurement;specific effect;spread of the virus;valid answer;validity of the hbm;variety of behavior
35126566	% of the energy;air flow;air flowrate;air sterilization;air to the temperature;airborne pathogen;big variety of microorganism;capacity of the sterilizer;cell temperature;commercial sterilization device;computer simulation;dependence of inactivation;efficiency heat recovery exchanger;function of the heat transfer parameter;heat recovery;heat recovery efficiency;heat recovery exchanger;heat transfer area;heat transfer parameter;high efficiency heat recovery exchanger;inactivation of pathogen;inactivation of virus;incorporation of a heat recovery exchanger;main process variable;mathematical model;maximum air flowrate;maximum capacity of the sterilizer;maximum power consumption;minimum sanitization efficiency;nature of the thermal inactivation of virus;power consumption;process variable;removal degree;sanitization efficiency;sanitization of air;sanitization temperature;simulation of thermal sanitization of air;simulation result;state of the sterilizer;steady state of the sterilizer;sterilization device;strong function of the heat transfer parameter;technique of air sterilization;thermal effect;thermal inactivation of pathogen;thermal inactivation of virus;thermal sanitization of air;thermal sterilization device;transfer area;transfer parameter;variety of microorganism
32787601	general practitioner;regular care
33872188	availability estimate;biden administration;compliance to vaccine;contact network;counterintuitive situation;cumulative infection growth;current availability estimate;current evidence;daily vaccine capacity;different federal plan;drug administration;effectiveness of a nationwide vaccine campaign;federal plan;former trump administration;growth model;growth rate;high compliance;individual heterogeneity;infection growth;intervention scenario;life return;logistic growth model;logistical challenge;multiplicity of contact network;nationwide vaccine campaign;normal life;number of infection;operation warp speed;population compliance;population compliance to vaccine;possible impact;possible outcome;presence of the vaccine intervention;range of possible impact;rate of immunity;return to normalcy;significant reduction;simulation logic;state government;study background;total infection;total number;total number of infection;trump administration;unintended consequence;united states;unprecedented nationwide vaccine campaign;vaccination campaign;vaccination intervention;vaccination plan;vaccination strategy;vaccine availability;vaccine availability estimate;vaccine campaign;vaccine capacity;vaccine compliance;vaccine intervention;warp speed;willingness of the population
35538681	acute respiratory syndrome;antiviral drug;clinical trial;development of vaccine;effective vaccine;effective way;fatality rate;fusion of the viral membrane;host cell;immune mechanism;intellectual groundwork;long-term solution;multiple organ;multiple organ failure;ongoing development of vaccine;organ failure;possible therapeutic approach;potential candidate;potential drug;protein synthesis;protein-based vaccine;respiratory failure;respiratory syndrome;rna polymerase;rna virus;severe acute respiratory syndrome;subunit vaccine;t cell;therapeutic approach;viral disease;viral membrane;viral protein;viral protein synthesis;virus disease;virus vaccine;virus-like particle
34196793	auf eine;deutschen gesellschaft;deutsches register;fur die;und ist;war und ist
34202707	care provider;communication process;conversation dynamics;data collection;different reviewer;face-to-face interaction;focus group;focus group communication process;focus group research;footage of a focus group;group c;group research;lightning strike;primary care;primary care provider;qualitative research;skilled moderator;type of exchange;viable option;video footage of a focus group
32412909	access to outside provider;audiovisual program;behavioral health;behavioral health issue;care delivery;care quality;electronic health;electronic health record;electronic health record system;flexible option;full integration of electronic health record system;health issue;health record;health record system;home care;home care delivery;home staff;information sharing;integration of electronic health record system;medicaid services regulation waiver;nursing home;nursing home care delivery;nursing home staff;online learning;online resource;outside provider;record system;regulation waiver;remote monitoring;services regulation waiver;social connectedness;social isolation;staff education;technology adaptation;virus disease;workforce stress
33928916	abstract background;acute respiratory syndrome;administration of each dose;adverse event;adverse reaction;ae incidence;antibody response;chinese adult;clinical trial;controlled trial;efficacy trial;foot fracture;healthy adult;healthy chinese adult;immune response;immunoglobulin g;intensity of grade;primary safety endpoint;proportion of participant;respiratory syndrome;robust immune response;safe vaccine;safety endpoint;second dose;serious ae;severe acute respiratory syndrome;significant antibody response;significant morbidity;similar ae incidence;t test;treatment group;trial registration;upcoming phase;urgent development;vaccine dose
35441127	% of the asymptomatic group;antibody response;asymptomatic elder;asymptomatic group;buenos aires;c infection;clinical risk factor;cumulative probability;cycle threshold;dementia status;different trend;disease progression;eligible asymptomatic elder;factor associated;geriatric institution;high mortality;hospitalization rate;infected elder;infected individual;logistic regression;logistic regression model;mean cycle threshold;medical surveillance team;regression model;related death;risk factor;severe disease;significant different trend;surveillance team;symptom development;symptomatic infection;symptomatic patient;viral clearance
33461214	acute respiratory syndrome;american pathologist;antibody assay;assay manufacturer;assay methodology;cap microbiology;clinical testing;college of american pathologist;comparable performance;development of a new proficiency testing survey;diagnostic immunology;etiological agent;excellent agreement;initial result;laboratory performance;negative sample;new proficiency testing survey;overall excellent agreement;pandemic virus;performance of these serologic assay;proficiency testing program context;proficiency testing survey;program context;qualitative agreement;qualitative result;respiratory syndrome;serologic assay;serologic testing;serology survey;severe acute respiratory syndrome;specific target antigen;supplemental question;target antigen;testing program;testing program context;testing survey;total antibody;total antibody assay;virus disease
34178343	% confidence interval;% of the health care worker;% of the respondent;average monthly income;bachelor of science degree;care professional;care worker;care workers;confidence interval;control method;corona virus;corona virus disease;cross-sectional study;favorable attitude;health care;health care professional;health care worker;health care workers;logistic regression;monthly income;northeast ethiopia;odds ratio;outcome variable;poor practice;science degree;sectional study;significant factor;south wollo zone;south wollo zone hospitals;structured questionnaire;unfavorable attitude;virus disease;wollo zone
35507290	54-year-old man;acute chest pain;acute pericarditis;cardiac involvement;chest pain;diagnosis of acute pericarditis;different cause;end stage kidney disease;etiology of acute pericarditis;involved organ;kidney disease;numerous organ;peritoneal dialysis;segment elevation;st segment elevation;stage kidney disease;uremic pericarditis;variety of manifestation;viral infection;widespread st segment elevation
35294728	assessment of the individual;common symptom;continual symptom;current study;endurance of symptom;great importance;half of the participant;high proportion;high proportion of individual;incessant symptom;occurrence of complication;proper assessment of the individual;saudi arabia;severity of continual symptom;vaccine efficiency
35493814	abnormal energy metabolism;animal experiment;attenuation of mitochondrial dysfunction;chronic fatigue;chronic fatigue syndrome;clinical trial;cognitive dysfunction;development of new substance;effective medical gas;energy metabolism;fatigue syndrome;further clinical trial;healthy people;hydroxyl radical;literature review;literature review myalgic encephalomyelitis;major role;medical gas;mitochondrial dysfunction;molecular hydrogen;myalgic encephalomyelitis;new substance;oxygen specie;potent oxidant;reactive oxygen specie;satisfactory outcome;sleep disturbance;treatment of myalgic encephalomyelitis
32200654	kinetics of viral clearance;resolution of symptom;viral clearance;virus infection
34881206	acute respiratory syndrome;arab adolescent;arab boy;cardiac improvement;clinical picture;critical condition;gastrointestinal symptom;high-grade fever;inflammatory marker;inflammatory syndrome;intravenous immunoglobulin;laboratory profile;new syndrome;organ dysfunction;pcr test;pcr testing;positive serologic testing;remarkable cardiac improvement;reported case;respiratory syndrome;serologic testing;severe acute respiratory syndrome;significant alleviation;significant elevation;significant elevation of inflammatory marker;virus transmission
32532625	parkinson's disease
32527570	inflammatory response;nasal priming;nasopharyngeal swab;new insight;risk factor;smoking exposure;systemic inflammatory response;viral nasal priming
34804509	competitive politics;failed institution
34415553	% of the wastewater sample;abundant rna virus;acute respiratory syndrome;combined virus concentration method;concentration method;environmental surveillance;epidemiology approach;fecal shedding of infected individual;infected individual;mild mottle virus;mottle virus;municipal wastewater treatment plant;pepper mild mottle virus;physicochemical variable;quintana roo;respiratory syndrome;result of fecal shedding of infected individual;rna detection;rna isolation;rna virus;sequential filtration;severe acute respiratory syndrome;shedding of infected individual;southeast mexico;treatment plan;treatment plant;viral concentration;viral concentration method;virus concentration method;wastewater sample;wastewater treatment plant
35127890	agency of individual;basis of right;care need;care-related need;disabled adult;human need;lens of public policy support;long-term care;old practice;policy response;private agency of individual;public policy;public policy support;public rhetoric;research question;reversion to old practice;secondary position;social policy;strong place;understanding of care;young child
34345109	college student;mental health
32685880	available diagnostic marker;diagnostic marker;different stage;future treatment option;hemostatic issue;ill patient;ill patients;treatment option;virus disease
32721925	al patient;care provider;care resource;chronic disease;chronic disease condition;clinic visit;critical patient;digital technology;disease condition;health care;health care provider;health care resource;health service;home isolation;hospital visit;innovative design;mild symptom;noncritical patient;remote monitoring;routine clinic visit;sense of connection;video consultation;virus disease
32398902	% of participant;accurate information;commune health center;control measure;disease cluster;disease spread;full text;health center;health collaborator;health gatekeeper;health problem;health provider;health service;high risk;high risk of disease;industrial site;industrial worker;industrial zone;infected industrial worker;intervention package;local health gatekeeper;next disease cluster;occupational disease;protective equipment;related paper;respiratory system;respiratory system problem;risk of industrial site;search strategy;search term;severe condition;testing center;timely effort;traditional health provider;used method;vietnamese industrial worker;village health collaborator
33595076	difficult situation;ent article;pandemic abstract;pandemic impact;recent article
33547335	access to an online risk calculator;adverse outcome;adverse outcome risk;adverse outcome risk prediction model;body mass index;care system;care unit;common risk factor;different stage;disease progression;european cohort;external validation;fair predictive performance;further analysis;healthcare system;hospital admission;intensive care;intensive care unit;machine learning;mass index;mechanical ventilation;ml model;mortality prediction;online risk calculator;organ dysfunction;outcome risk;pcr test;positive case;positive test;prediction model;predictive performance;prognostication patient;risk calculator;risk factor;risk feature;risk of death;severe disease;similar metric;suboptimal performance;top risk feature;united kingdom;use of mechanical ventilation
34029345	african american;african american respondent;broad public uptake of immunization;classification algorithm;clinical study;forest classification algorithm;health provider;importance of understanding factor;lack of willingness;logistic regression;longitudinal clinical study;mobile application;positive result;public uptake of immunization;random forest;random forest classification algorithm;study participant;success of vaccination effort;trial registration;understanding factor;uneven vaccine uptake;uptake of immunization;vaccination effort;vaccine acceptance;vaccine assessment;vaccine outcome;vaccine outcome study;vaccine safety;vaccine uptake;vaccine willingness
33623608	case identification;chest ct;disease prevalence;implementation of targeted preventive measure;international organization;management algorithm;mass screening;pcr test;philanthropic donator;potential solution;preventive measure;screening capacity;screening purpose;sub-saharan africa;targeted preventive measure;useful tool
34031119	additional outcome;adult patient;adverse clinical outcome;annular plane systolic excursion;area change;chronic pulmonary embolism;clinical outcome;cubic spline regression model;emerging evidence;ethics approval;ethics committee;fractional area change;free wall longitudinal strain;group a;imaging rv involvement;incidence of rv involvement;included study;institutional review board;introduction emerging evidence;isi knowledge;longitudinal strain;patient characteristic;peer-reviewed journal;plane systolic excursion;primary outcome;prognostic effect;prognostic effect of imaging rv involvement;pulmonary embolism;pulmonary hypertension;registration number;regression model;related risk factor;review board;right ventricular involvement;risk factor;risk of mortality;rv diameter;rv involvement;rv involvement incidence;rv parameter;secondary outcome;spline regression model;study design;systematic review;systematic review introduction emerging evidence;systematic review protocol;systolic excursion;tricuspid annular plane systolic excursion;ventricular involvement;wall longitudinal strain
35186672	39-year-old patient;adverse event;case report;clinical experience;course completion;csf analysis;further vaccination;herpes zoster;herpes zoster infection;herpes zoster meningitis;herpes zoster reactivation post vaccination;informed decision;knowledge of the safety profile of these vaccine;medical history;meningitis post;novel technology;old patient;pcr test;pcr testing;post vaccination;reactivation post vaccination;reported case;resolution of symptom;risk of herpes zoster infection;rna vaccine;safety profile;safety profile of these vaccine;second dose;sharing of clinical experience;side effect;subsequent successful vaccination course completion;successful vaccination course completion;suspected side effect;time of writing;vaccination course completion;vesicular rash;young patient;young patient of herpes zoster meningitis;zoster meningitis
34202298	acceptable level;anonymous survey;awareness program;being physician;care worker;care workers;central role;certain group;collective responsibility;conspiracy belief;cross-sectional study;current study;decisive factor;educational level;embrace of vaccine conspiracy belief;focused awareness program;general public;group b;group being physician;healthcare worker;healthcare workers;high level;high rate;laboratory worker;majority of participant;middle east;news release;number of study;ongoing pandemic;online anonymous survey;overall rate;private sector;psychological determinant;risk group;rna vaccine;sampling strategy;sectional study;social media;social media platform;study participant;total number;total number of study participant;tv program;vaccine acceptance;vaccine conspiracy belief;vaccine hesitancy;vaccine technology;virus disease
35128319	current application;dry nose;dry throat;flow rate;fraction of inspired oxygen;inspired oxygen;mechanical ventilation;nasal cannula;nasal oxygen;nasal oxygenation;nasal pain;oxygen therapy;respiratory failure;standard oxygen therapy;type of oxygen therapy;variety of benefit
35304067	midwifery care;special issue
33833246	adequate sample of capillary blood;alternative to venepuncture;blood collection;blood sample;blood spot;capillary blood;capillary blood sample;feasible alternative to venepuncture;filter paper;flow test;immune response;in-person blood collection;kappa coefficient;large-scale testing;lateral flow test;limited sensitivity of lateral flow test;lithium heparin;near-perfect agreement;post sampling;powerful tool;reference standard;reliable alternative;room temperature;sample of capillary blood;sensitivity of lateral flow test;serological assessment;serological testing;serology serological testing;storage of capillary blood;venous blood
34720746	animal protein;aquaculture supply chain;chain component;control measure;design reconstruction plan;economic distress;external scale mitigation measure;food insecurity;food security;food supply chain;global assessment;global pandemic;high-quality animal protein;intensive method;main supply chain component;mitigation measure;mitigation solution;multiple sector;perishable food supply chain;potential supply-side disruption;priori option;production of high-quality animal protein;production pipeline;rapid global assessment;reconstruction plan;resilience of the sector;resilience pattern;ripple effect;scale mitigation measure;sea-based system;set of a priori option;socio-economic conflict;spatial scale;supply chain;supply chain component;supply-side disruption;survey response;synchronous impact
34890441	adjusted risk ratio;complete symptom assessment;demographic characteristic;host characteristic;host factor;intervention prioritization;introduction symptom;large outpatient population;large outpatient testing program;loss of taste;modified poisson regression;nasal congestion;negative test result;outpatient population;outpatient testing program;patient population;pcr test;pcr testing;poisson regression;presence of chill;proportion positive;reported symptom;risk ratio;rna detection;rna pcr;southeastern us;symptom assessment;symptom burden;symptom combination;symptom presentation;symptomatic adult;t test;test result;testing capacity;testing program;time of testing;y los
32381073	case presentation;clinical characteristic;clinical recovery;disappearance of symptom;extended period of time;few case;household transmission;lymphocyte count;nasopharyngeal swab;pediatric case;people of all age;period of time;symptom of fever;virus disease;virus infection
35327811	adequate coping;adverse situation;aim of the study;comparative analysis;depression variable;emotional symptomatology;equation model;health issue;high level;influence life satisfaction;life satisfaction;low level;models i;physical health;physical health issue;qualitative comparative analysis;sem model;statistical method;structural equation model
32511859	bipolar disorder;global health;global health emergency;health emergency;potential impact;potential impact of the measure;rapid spread;special attention
33586790	abstract technology;access to service;addition to in-person service;care delivery;care system;chronic disease;general concern;health education;health organization;health outcome;health sector;healthcare system;imperative abstract technology;in-person service;mission of equity;primary care;primary care consultation;remote access to service;social distancing;social distancing rule;world health organization
32503857	clinical feature;rheumatic disease
34888708	fur die;mit den
34308825	community member;cross-sectional study;demographic characteristic;descriptive cross-sectional study;descriptive statistic;disease control;handling distrust;high level;high level of trust;level of significance;level of trust;low level;low level of trust;nigeria centre;ondo state;risk communication;risk communication effort;sectional study;virus disease
33659612	classroom lesson;classroom teaching;corona crisis;degree of acceptance;digital format;digital learning format;digital platform;further education;high degree of acceptance;learning format;new digital learning format;online questionnaire;online tutorial;pandemic condition;peer teaching;peer teaching of practical skill;practical skill;present challenge;regard to the interaction;regard to the teaching of practical skill;short time;standardized online questionnaire;substitution of peer teaching;teaching of practical skill;virtual classroom;vocational school
34475334	admission to the intensive care unit;assist device;assist device supplemental digital content;balloon pump;binary regression logistic analysis;care unit;clinical course;day mortality;device supplemental digital content;digital content;index hospitalization;inotropic support;intensive care;intensive care unit;intra-aortic balloon pump;ischemic stroke;left ventricular assist device;left ventricular assist device supplemental digital content;logistic analysis;lvad implantation;lvad patient;mechanical ventilation;odds ratio;postoperative course;prolonged postoperative course;pump thrombosis;purpose of this study;regression logistic analysis;retrospective review;risk of morbidity;severe disease;study period;supplemental digital content;suspected pump thrombosis;time of surgery;ventricular assist device;ventricular assist device supplemental digital content;virus disease
35332047	cancer care;cancer diagnosis;cancer pathway;cancer referral;cancer registry;care analysis;care law;clinical practice;cohort study;data analysis;detection of new cancer;different area;dire need;end of january;equity pack;inverse care law;local area;local area index;multiple deprivation;new cancer;non-pharmaceutical intervention;outcome measure;practice research;presence of the inverse care law;primary care;primary care analysis;primary care consultation;primary care contact;random sample;referral rate;role of primary care;routine referral;routine referral rate;secondary data;secondary data analysis;start of the pandemic;urgent cancer referral;urgent referral;wait referral
33641513	anonymous online survey;anxiety symptom;chronic condition;emotional support;financial strain;high risk;online survey;person of color;public health;regression model;severe illness;severe loneliness
32259124	% effective isolation rate;% of the population;baseline scenario;behavior change;community behavior change;confirmed case;considerable decrease;control intervention;control measure;cumulative number of death;daily situation;dynamic model;effect of climate;effective control measure;effective isolation;effective isolation rate;epidemic trend;extent of population isolation;further detail;health issue;infected case;infected individual;isolation rate;isolation rate increase;modeling result;new case;number of death;number of infected case;number of new case;population isolation;preventive effort;reproductive number;serious health issue;set of dynamic model;short-term planning;situation report;social distancing;total number;total number of death;total number of infected individual;virus disease
33532356	ability of cq;antimalarial drug chloroquine;antimalarial drug chloroquine phosphate;cq level;cq phosphate;drug chloroquine;free cq phosphate;gel formulation;high-performance liquid chromatography;kidney dysfunction;kidney function;liquid chromatography;prophylactic candidate;prophylactic drug;prophylactic treatment;release of cq;single dose;spread of this disease;susceptible people;sustained prophylactic candidate;sustained release of cq
33668405	adoptive host human cell;cell line;comparison to pig cell;comparison to porcine cell;comparison to the primary pig host cell;different host;epithelial cell;established host swine cell;expression profile;gene expression;host cell;host human cell;host swine cell;human cell;human intestinal epithelial cell;important foundation;infected cell;infectious disease;infectious disease of swine;interferon pathway;intestinal epithelial cell;intestinal lineage;phylogenetic analysis;pig cell;pig host cell;porcine cell;porcine host;porcine intestinal epithelial cell;primary pig host cell;response pathway;swine cell;t cell;total rna;transcription factor;transcription factor family;transcriptional level;viral infection;virus infection;virus production
35247550	biological image of a complex viral survival system;case report;complex viral survival system;generation sequencing;genetic mutation;genetic observation;high rate;image of a complex viral survival system;immune selective pressure;lung sample;mutation rate;nasal swab;nasopharyngeal sample;next generation;next generation sequencing;nucleotide polymorphism;replicase gene;reverse transcription lamp;selective pressure;survival system;transcription lamp;viral rna;viral survival system;virus lineage
34762561	% confidence interval;abstract aim;clinical outcome;confidence interval;controlled trial;current sample size;electronic database;form of a systematic review;hospital admission;june 2021;language restriction;literature search;low risk;low risk of bias;monoclonal antibody;odds ratio;overall evidence;overall low risk of bias;overall risk;overall risk of bias;risk of bias;risk of hospital;risk of hospital admission;risk of mortality;sample size;significant difference;significant reduction;systematic literature search;systematic review;y el
34790435	accreditation council;care professional;care system;continuing medical education;critical training;education design;education provider;health system;health system leader;healthcare professional;healthcare system;important part of the solution;leadership role;learning environment;medical education;medical misinformation;new skill;part of the solution;recent history;regulator to facilitator;unprecedented challenge;valid content
33112948	abstract background;access to domestic help;content analysis;dedicated support;domestic help;family member;india abstract background;innovative attempt;lack of dedicated support;long distance;need of help;new setup;number of need;people of all age;quantitative content analysis;recent event;research design;social media;time of crisis;urgent care
34430154	acute management of the disease;acute pericarditis;acute respiratory syndrome;atypical case;autoimmune disease;awareness of this rare complication;cardiac manifestation;management of the disease;medical history;medical history of autoimmune disease;rare complication;renal transplant;respiratory complication;respiratory syndrome;severe acute respiratory syndrome;standard of therapy;successful treatment;successful treatment regimen;transplant recipient
33684592	activation syndrome;clinical distinction;clinical feature;comparison of clinical feature;context of rheumatic disease;diverse condition;endothelial injury;form of css;human pathogen;idiopathic arthritis;immunologic parameter;juvenile idiopathic arthritis;macrophage activation syndrome;mixed result;multiple organ;multiple organ dysfunction;multiple organ dysfunction syndrome;new insight;organ dysfunction;past decade;prototypic form of css;rheumatic disease;storm syndrome;subset of patient;systemic juvenile idiopathic arthritis;treatment of ma
33527783	access to technology;care professional;easy access to technology;graphical abstract;healthcare professional;key aspect;past decade;promotion of research;social media;vast audience;virus disease;visual appeal
34817406	academic challenge;academic health center;access to housing;appreciation of student;communal resilience;devastating impact;escalation of racism;favor of student;financial constraint;graduate medical education;hate crime;health center;health framework;health profession;health risk;health to public health;impact access to housing;individual level;infection prevention;key determinant;light of the spike;medical education;neighborhood safety;personal health risk;premedical education;public health;racial justice;response to the pandemic;risk factor;social determinant;social need;social risk factor;student health to public health;well-being to the power
35002970	adult patient;clinical improvement;clinical outcome;clinical trial;clinical trial registration;eligible patient;group c;hazard ratio;hospital mortality;in-hospital mortality;israeli hospital;mean age;median time;median time to clinical improvement;mg po;odds ratio;ordinal scale;primary outcome;standard of care;standard of care group;standard of care therapy;standard therapy;time to clinical improvement;trial registration;virus disease
32694498	67-year-old man;abnormal coagulability;abnormal coagulation;acute respiratory distress syndrome;acute respiratory syndrome;affected patient;cardiac arrest;cardiac injury;care measure;care unit;case report;clinical course;clinical picture;clinical procedure;comfort care measure;comprehensive workup;critical care;disease severity;distress syndrome;evidence of severe lung disease;face of an unfavorable clinical picture;intensive care;intensive care unit;intensive care unit admission;lung disease;mechanical ventilation;moderate symptom;multiple thrombotic event;new york;onset confusion;outpatient site;pandemic respiratory illness;patient demise;positive test;positive testing;principal instigator;progression of disease severity;pulmonary embolism;radiographic evidence of severe lung disease;respiratory distress;respiratory distress syndrome;respiratory illness;respiratory syndrome;return to spontaneous circulation;seizure activity;severe acute respiratory syndrome;severe lung disease;sore throat;spontaneous circulation;sudden onset confusion;thrombotic event;unfavorable clinical picture;viral pathogen;virus disease
34831965	adherence to treatment;adult patient;affected patient;african patient;appointment setting service;cape town;care provider;care service;care service provider;care system;complete patient adherence to treatment;compliance behaviour;current study;data analysis;dearth of evidence;dr treatment;eye care;factor associated;health care;health care service;health care service provider;health care system;health care system of cape town;in-depth interview;key informant;patient adherence to treatment;poor referral management;poor state of health;primary eye care;primary eye care provider;public health;public health care;public health care system;public health care system of cape town;qualitative research;qualitative research approach;referral management;related factor;research approach;retinal screening service;retinal screenings;screening service;semi-structured in-depth interview;service provider;setting service;south africa;south africa complete patient adherence to treatment;south african patient;state of health;suboptimal information;telephone call;treatment compliance;uptake of treatment;vision loss
34659041	average age;digital lab;direct effect;existing theory;forgiveness of situation;harvard digital lab;indirect effect;indirect pathway;intricate interconnection;late adulthood;latent mental health variable;mental health;mental health variable;min survey;new insight;part of the harvard digital lab;positive psychological process;potential role;potential role of forgiveness of situation;presence of meaning;present study;psychological distress;psychological process;purpose of this study;sciences panel;serial indirect pathway;social science;social sciences panel;stress appraisal;stress perception;theoretical relevance;unique potential role of forgiveness of situation
35008724	acute respiratory syndrome;analysis of the catalytic mechanism;antiviral therapy;binding enzyme;calculated free energy barrier;cap modification;catalytic mechanism;catalytic mechanism of the rna cap modification;central importance;detailed molecular analysis of the catalytic mechanism;drug discovery;drug discovery project;experimental observation;free energy;free energy barrier;host innate immune restriction;hybrid quantum mechanic;immune restriction;inhibition of key enzyme;innate immune restriction;key enzyme;mechanism of the rna cap modification;molecular analysis of the catalytic mechanism;molecular mechanic;molecular mechanics;nonstructural protein;potential target;quantum mechanic;respiratory syndrome;rna cap modification;severe acute respiratory syndrome;structural protein;ts stabilization;viral replication;virus replication
35284208	chronic spontaneous urticaria;spontaneous urticaria
32096566	aim of this study;doubling time;effective reproduction number;effective reproductive number;estimated effective reproductive number;estimated mean doubling time of the epidemic;estimated mean evolutionary rate;estimated r value;evolutionary dynamics;evolutionary rate;exponential growth;global initiative;influenza data;mean doubling time;mean doubling time of the epidemic;mean evolutionary rate;new infection;origin of the epidemic;probable origin of the epidemic;r value;rate of viral evolution;reproduction number;reproductive number;skyline method;temporal origin;tree root;usefulness of phylogeny;viral evolution
32418675	skin cancer;systemic treatment
33279282	chest ct;halo sign
34780978	clinical trial;emerging evidence;lack of efficacy;landscape of trial;medical community;medical evidence;national institute;pandemic environment;patient recruitment;political interest;potential regulatory recommendation;regulatory board;regulatory recommendation;significant proportion;study design
35370005	altered enzyme;antibody neutralization;binding affinity;comparison to wild type;current vaccine;emergence of new variant;extensive simulation;g variant;immune escape;majority of the case;management of the disease;mechanistic insight;molecular dynamic;molecular dynamics;molecular interaction;neutralization potential;new variant;novel mechanistic insight;second wave;second wave of infection;spike protein;structural alteration;structural alteration of the spike protein;vaccine efficacy;viral replication;wild type
32377486	adverse implication;care system;care worker;care workers;chief focus;concrete action;confirmed case;critical issue of physician burnout;crude mortality ratio;development of treatment;estimated crude mortality ratio;healthcare system;healthcare worker;healthcare workers;immense sense of fear;issue of physician;issue of physician burnout;little attention;long-term adverse implication;mortality ratio;number of case;psychological well-being;resident burnout;sense of fear;significant step;wuhan city;wuhan city of china
34011221	aftermath of the pandemic;aim of this review;care service;care setting;care system;care worker;care workers;category heading;contact tracing;effective communication;focus of the policy;healthcare system;healthcare worker;healthcare workers;infection prevention;key focus;key information;pandemic condition;pandemic response;policy development;policy implementation;psychological support;public health;rapid review;residential care setting;service delivery;support of vulnerable group;target population;vulnerable group
34846280	alpha lineage;alpha variant;alpha variant of concern;analysis of the alpha lineage;analysis of the lineage;beta variant of concern;case number;combined population;depth analysis of the alpha lineage;diagnostic pcr cutoff value;genome sequencing;low level;low level of beta;low-density genome sequencing;main effect;multiple separate introduction;pcr cutoff;pcr cutoff value;period of time;recent transmission;separate introduction;severe third wave of infection;snapshot assessment;south africa;subsequent establishment;surveillance of variant;sustained transmission;third wave;third wave of infection;travel history;variant of concern;week of april
34778740	application of seizure detection algorithm;closure of epilepsy;detection algorithm;epileptiform activity;high yield;hospital exposure;hospital-based contagion;inpatient video;mobile heath;paradigm shift;paradigm shift to mobile heath;portable device;potential hospital-based contagion;real-time access;secure transmission;seizure detection algorithm;small portable device;technological advance;temporary closure of epilepsy;united states
34958284	absolute certainty;administration of therapeutics;african admixture;african clinical practice;african clinical setting;african patient;african population;african subpopulation;allelic discrimination;black african;clinical practice;clinical setting;combination of allelic discrimination;drug treatment;drug treatment regimen;european population;fragment length polymorphism;further development;genetic variant;heart failure;hiv infection;length polymorphism;likely increase;marked variation;mass array;medical setting;medicine research;mixed ancestry;mixed ancestry group;modern therapeutics;multiple drug treatment regimen;naturalistic design;near future;nucleotide polymorphism;past precision medicine research;personalized medicine;personalized medicine research;precision medicine;precision medicine research;profile of genetic variant;real-life clinical practice;restriction fragment length polymorphism;safe administration of therapeutics;sanger sequencing;single nucleotide polymorphism;southern africa;spectrum of drug;strong support;worldwide modern therapeutics
35178468	active pandemic;acute respiratory distress syndrome;airway management;airway simulation;anesthesiology resident;clinical practice;confidence score;correct answer;distress syndrome;effective method;experiential training;interpersonal communication;knowledge question;personal protective equipment;protective equipment;questionnaire response rate;rank test;resource management;respiratory distress;respiratory distress syndrome;response rate;simulation session;simulation training;statistical analysis;twenty-four resident
33082265	association of different medication class;author line;bowel disease;care unit;clinical course;combination therapy;conclusion combination therapy;different medication class;different risk;equation accounting;estimating equation accounting;inflammatory bowel disease;intensive care;intensive care unit;intensive care unit admission;international registry;international registry objective;large population;mean age;medication class;necrosis factor;random effect;reference group;research exclusion;risk estimate;significant difference;tnf antagonist;tumour necrosis factor;ventilator use
32387494	care professional;endoscopy unit;healthcare professional
35015782	altered consciousness level;chain reaction;chronic renal insufficiency;consciousness level;egyptian patient;independent negative predictor;independent predictor;laboratory characteristic;linear model;logistic regression;logistic regression model;negative predictor;odds ratio;polymerase chain reaction;regression model;renal insufficiency;retrospective study;statistical significance;stepwise logistic regression;stepwise logistic regression modeling;therapeutic dose;use of anticoagulant;virus disease
33877966	low level;new test;part of a new test;test advanced;viral load
33963992	acute exposure to airborne pollutant;acute exposure to ambient atmospheric pollutant;additive model;airborne pollutant;ambient atmospheric pollutant;atmospheric pollutant;confirmed case;effect of airborne pollutant;environmental factor;exposure to airborne pollutant;exposure to ambient atmospheric pollutant;further adjustment;human health;multicity level;online version;poisson distribution;pollutant concentration;relative humidity;relative risk;supplementary material
34866720	access to green area;access to urban green space;access to urban park;alternative measure;case study;city of trento;crowded green area;different distance;different restriction;different target population;distance threshold;emergency condition;green area;green space;green space access;green space deprivation;major effect;maximum travel distance;negative effect;number of crowded green area;off-the-shelf measure;percentage of people;physical distancing;physical distancing time;policy intervention;policy scenario;private garden;public use;restricted access to urban park;target population;travel distance;travel restriction;urban green area;urban green space;urban park;urban planning
33765004	% of new case;different individual;different subpopulation;early stage;fraction of infected individual;growth rate;infected individual;infectious individual;majority of new infection;mean infectiousness;new case;new infection;new secondary infection;number of epidemic;secondary infection;simple method;small fraction of infected individual;standard deviation;united states
34183871	acute respiratory syndrome;antiviral treatment;inactivation strategy;lack of long-term toxicity;long-term toxicity;major challenge;major challenge to the public health;ongoing pandemic;photodynamic viral inactivation;proven antiviral treatment;public health;resistance to virus mutation;respiratory syndrome;severe acute respiratory syndrome;unique advantage;viral inactivation;viral inactivation strategy;viral infection;virus disease;virus mutation
32657272	business trip;disease prevention;diversification of job;family reunion;geography of migration;growth of tourism;population movement;rapid growth of tourism
34912863	acute phase;cardiac structure;cohort study;diastolic velocity;early diastolic velocity;early velocity;functional parameter;global longitudinal strain;healthy control;longitudinal strain;mitral annulus;mitral inflow;myocardial injury;myocardial strain assessment;observational cohort study;peak early velocity;prospective observational cohort study;ratio of peak early velocity;risk factor;rv dimension;septal mitral annulus;serum concentration;significant difference;strain assessment;virus disease
32582382	acceptable delay;adverse outcome;amount of delay;care professional;categorization system;close communication;common elective paediatric orthopaedic condition;common orthopaedic condition;common paediatric orthopaedic condition;consensus statement;continuous monitoring of the patient;elective case;elective condition;elective paediatric orthopaedic condition;experienced surgeon;expertise of experienced surgeon;gravity of each situation;healthcare professional;key role;length of delay;life-threatening pandemic;midst of a crisis;monitoring of the patient;orthopaedic condition;paediatric orthopaedic condition;peer review;period of resource reallocation;resource reallocation;review of the literature;safe delay;social distancing;threatening condition;travel restriction;treatment of common orthopaedic condition;treatment of common paediatric orthopaedic condition
34541765	additional support;austin health;care delivery;case illustration;clinic staff;downstream effect;ethical challenge;ethical dilemma;healthcare institution;host of new ethical challenge;large organisation;moral distress;new ethical challenge;non-confrontational platform;practical ethical challenge;screening service;shared experience;unusual situation
33231569	cathepsin b;cathepsin l;cell carcinoma;cervical squamous cell carcinoma;copy number alteration;dna methylation;gene expression;genetic alteration;immune subtype;individual risk factor;infection risk;international challenge;negative correlation;negative correlation of gene expression;number alteration;pancreatic adenocarcinoma;positive correlation;potential risk;risk factor;rna expression;squamous cell carcinoma;stomach adenocarcinoma
34000814	767 cerebrovascular disease death;adverse effect;asian population;cardiovascular health of diverse population;cerebrovascular disease;cerebrovascular disease death;corresponding month;corresponding period;digital content;direct effect;disproportionate rise;diverse population;early phase;ethnic population;health of diverse population;health statistics;heart disease;heart disease death;hispanic individual;hispanic population;historical control;indirect effect;interaction term;long-term adverse effect;modified poisson model;national center;non-hispanic asian;non-hispanic black;non-hispanic white;non-hispanic white population;pandemic period;poisson model;public health;relative increase;risk ratio;standardized death;supplemental digital content;united states;united states supplemental digital content
32405517	guidelines group
34046108	adverse outcome;cardiovascular disease;cardiovascular manifestation;evidence of myocardial injury;long-term consequence;myocardial injury;paramount importance;risk factor;varied cardiovascular manifestation;virus disease
32078069	alternative medication;case death;comprehensive information;current status;efficient epidemiological control;epidemiological control;epidemiology of origin;family home;few week;hubei province;new virus;person-to-person transmission;surveillance network;virus genome
34281002	aim of this epidemiological retrospective cohort study;care center;code access;cohort study;color code;coma scale;common health problem;emergency access;emergency room;epidemiological retrospective cohort study;glasgow coma scale;glasgow coma scale score;grade score;green code access;health care;health care center;health problem;hospital emergency room;mean age;organization of hospital;pandemic outbreak;pandemic period;patient age;public health;public health intervention;relative color code;retrospective cohort study;scale score;type of discharge;type of emergency access;virus disease
34453317	abstract background;activity of antibody response;acute respiratory syndrome;antibody repertoire;antibody response;critical importance;degree of protective immunity;design of effective vaccine;design of vaccine;effective vaccine;evaluation of the degree of protective immunity;exposure to the virus;high level;humoral immune response;igg response;immune response;immunoglobulin g;large population;likelihood of suppression;natural infection;neutralization activity;novel variant;percent of patient;population antibody repertoire;protective activity of antibody response;protective immunity;receptor angiotensin;respiratory syndrome;sequential peptide;severe acute respiratory syndrome;specific antibody;spike protein;surface spike protein;virus neutralization;virus neutralization activity;virus variant;y la
33573397	% increase;black log;cost implication;deficit of hip;elective orthopaedic cancellation;eventual surgery;financial burden;full capacity;hidden burden;hospital capacity;joint registry;list number;model of referral;national joint registry;nhs england;nhs tariff cost;number of patient;orthopaedic cancellation;potential number of patient;primary aim;secondary aim;substantial cost implication;tariff cost;time period;treatment pathway;unmet demand
35032051	adjunct clinical faculty;burnout inventory;burnout score;clinical faculty;copenhagen burnout inventory;cross-sectional study;cross-sectional study of dh faculty member;dental hygiene;dh educator;dh faculty;dh faculty member;dh program;educators sense of efficacy;efficacy score;entry level dh program;faculty position;full-time administrator;full-time dh educator;full-time faculty;hybrid learning;institutional response rate;institutional setting;item survey;learning environment;level dh program;mean p;michigan nurse educators sense of efficacy;national survey;negative correlation;negative relation;negative relationship;nurse educator;nurse educators sense of efficacy;online teaching instrument;personal burnout;personal burnout score;professional burnout;professional burnout level;program director;purpose of this study;response rate;sectional study;sense of efficacy;significant difference;significant impact;significant negative correlation;teaching efficacy;teaching instrument;united states;united states entry level dh program;work-related burnout score
33351828	biological meaningfulness;case study;centric visualization;community detection;complex interaction pattern;computer machine;core algorithm;corresponding case study;detection algorithm;different resolution;different size;different standpoint;entire network;exploration approach;exploration of the entire network;exploration of the integrated network;form of navigation;function prediction;functional correlation;global exploration of the entire network;graphical rendering;hierarchical community detection;hierarchical community detection algorithm;host protein;human host protein;integrated network;interaction pattern;large network;off-the-shelf computer machine;paramount importance;prediction core algorithm;prediction of human host protein;protein function prediction;single protein;vast potential;vertex centric visualization;visual exploration;visualization of a single protein;web application;y la
35030205	% male;are associated;autumn pandemic period;autumn period;care funds;detailed account;duration of mv;failure rate;health care;health care funds;hospital stay;invasive mechanical ventilation;invasive mv;invasive ventilation;length of hospital;length of hospital stay;local health care funds;matter of debate;mechanical ventilation;median length of hospital stay;mortality increase;mortality rate;nationwide cohort;non-invasive ventilation;observational study;overall mortality;pandemic period;proportion of patient;role of non-invasive ventilation;second period;second wave;subsequent intubation;unbiased cohort
32954595	accommodation difficulty;alpha value;analysis of the impact of confinement;anorexia nervosa;bulimia nervosa;complex impact;confinement impact;confirmatory factor;confirmatory factor analysis;different centre;eating disorder;eating disorder subtype;empirical evidence;face-to-face therapy;factor analysis;impact of confinement;international study;mental health;mental health of patient;negative confinement impact;negative impact;positive response to treatment;present manuscript;present study;remote therapy;response to treatment;significant change;specified feeding;study abstract
34080223	abstract radiation recall dermatitis;acute inflammatory reaction;area of skin;cessation of radiotherapy;drug to the onset of lesion;inflammatory reaction;onset of lesion;radiation recall dermatitis;recall dermatitis;systemic drug;time interval;vaccine abstract radiation recall dermatitis;various systemic drug
34212127	age-related macular degeneration;approach principle;capacity of the ivi service;clinical capacity of the ivi service;cohort study;creation of a one-stop clinic;discharge of a patient;fast one-way route;feedback questionnaire;ivi service;just-in-time management principle;lean approach;macular degeneration;management of patient;management principle;mean number;mean time;mean turnover time;one-stop clinic;one-way route;ophthalmic examination;ophthalmology service;overall procedure;pandemic background;percentage of satisfied patient;satisfied patient;speed of the overall procedure;standardized feedback questionnaire;surgical procedure;time management;total distance;turnover time;utilization of staff;wet age-related macular degeneration
35165771	activation of b;acute respiratory syndrome;autoimmune disease;available evidence;certain viral infection;direct endothelial insult;endothelial insult;form of inflammatory autoimmune disease;human immunodeficiency virus;hypersensitivity vessel damage;immunodeficiency virus;inflammatory autoimmune disease;intense research;main mechanism;microbial pathogen;overview of infection;patient population;plethora of scientific evidence;respiratory syndrome;role of infection;s direction;scientific evidence;severe acute respiratory syndrome;significant morbidity;t cell;treatment induction;type of vessel;vascular injury;vessel damage;viral infection
32343408	abstract background;airborne droplet;ash stop;available evidence;bacterial infection;bacteriological count;certainty of the evidence;clinical trial;cochrane review process;cohort study;contact study author;contaminated skin;control study;data collection;different study design;effect of ash;effective hand cleanser;full text;future version of the review;global index medicus;hand cleaning;hand cleanser;hand wash;hand washing;high risk;high risk of bias;hospital contact;hospital visit;index medicus;infectious disease;language summary;low-income area;main result;methodological heterogeneity;normal cochrane review process;number of case;number of death;number of hospital visit;outcome measure;outcome reporting;overall mortality;people of all age;plain language summary;rapid review;rate of hospital contact;relevant information;reliable method;reproductive tract;reproductive tract infection;reproductive tract symptom;review author;review process;risk of bias;rural setting;search method;severity of infectious disease;similar number of hospital visit;small study;solid remains;sore hand;study author;study design;tract infection;transmission of infectious disease;unclear outcome reporting;unreliable method;unwanted effect;version of the review
34286685	acute respiratory syndrome;base of susceptible specie;cottontail rabbit;fox squirrel;ground squirrel;human population;infection wild animal;knowledge base;knowledge base of susceptible specie;prairie dog;respiratory secretion;respiratory syndrome;severe acute respiratory syndrome;striped skunk;susceptible specie;wild animal;wildlife specie;wyoming ground squirrel
35197179	acquired immune deficiency syndrome case;deficiency syndrome case;epidemiological trend;immune deficiency syndrome case;number of acquired immune deficiency syndrome case;syndrome case
34690401	arterial oxygen saturation;automatic sphygmomanometer;blood arterial oxygen saturation;blood oxygenation level;blood pressure;body weight;care setting;compression of the cuff;critical care;critical care setting;custom-made system;diastolic blood pressure;effect of compression of the cuff;health monitoring;home health monitoring;increase of blood oxygenation level;momentary change;noninvasive blood pressure;oxygen saturation;oxygenation level;pressure measurement;simultaneous measurement;systolic blood pressure;wrong conclusion
32692733	acute necrotic collection;acute respiratory syndrome;autoimmune pancreatitis;case report;clinical course;clinical improvement;clinical procedure;clinical response to corticosteroid treatment;concurrent treatment;corticosteroid treatment;course of high dose prednisone;current treatment;development of acute necrotic collection;diagnostic finding;etiological workup;health organization;high dose;high dose prednisone;high risk;high risk patient;high-dose prednisone;infectious disease;middle east;middle east respiratory syndrome;necrotic collection;old patient;percutaneous drainage;poor outcome;respiratory syndrome;response to corticosteroid treatment;second course of high dose prednisone;severe acute respiratory syndrome;severe form;significant clinical improvement;significant clinical response to corticosteroid treatment;steroid treatment;supportive care;thorough etiological workup;treatment of autoimmune pancreatitis;use of corticosteroid;virus disease;world health organization
32301765	glaucoma practice
35252081	% of the respondent;address concern;aim of this study;available evidence;available evidence of high vaccine effectiveness;choice of a vaccine;community-based cross-sectional survey;cross-sectional survey;deadly novel;ethnic group;evidence of factor;high vaccine effectiveness;individual preference;interventional effort;major factor;method approach;minor side effect;minority ethnic group;mixed method approach;public health;public health restriction;scientific breakthrough;side effect;specific interventional effort;systematic evidence of factor;travel requirement;unprecedented manner;vaccination program;vaccination programme;vaccine acceptance;vaccine effectiveness;vaccine efficacy;vaccine hesitancy;vaccine passport;vaccine uptake;virus disease
33674591	accumulation of naive lymphoid cell;activation of myeloid cell;bal cell;blood sample;cell type;clinical outcome;effector memory;effector memory t cell subset;fatal clinical outcome;immune feature;immune mechanism;immune signature;immune silence;immune suppression;immune suppression loss;lung accumulation of naive lymphoid cell;lymphoid cell;lymphoid impairment;memory t cell;memory t cell subset;myeloid cell;naive lymphoid cell;rna sequencing;severe patient;single-cell rna sequencing;single-cell rna sequencing of blood;state of immune silence;systemic expansion;systemic immune feature;t cell;t cell subset;tissue site;unconventional tissue;unique disease
35011641	asymptomatic carrier;characterization of the community genetic mechanism;close contact;close contact of infected person;cohesive network;community genetic mechanism;design effective containment;effective containment;genetic mechanism;genetic theory;incubation virus transmitter;infected person;main effect;molecular mechanism;physics model;quantitative genetic theory;reticulate path;statistical physics model;susceptible person;systematic characterization of the community genetic mechanism;triad unit;viral genome;virus disease;virus transmitter
34824194	
34407607	acute immunological reaction;affected patient;benefit of vaccination;blood coagulation system;cerebral vein sinus;coagulation system;current evidence;fertile age;further research;global health;heavy impact;hemostatic system;immunological reaction;large proportion of the affected patient;novel syndrome;ongoing vaccination;paramount importance;possible relevance;potential risk;primary way;prognostic factor;proportion of the affected patient;splanchnic vessel;thrombotic complication;thrombotic event;time course;tumultuous evolution;unexpected thrombotic event;unusual site;vaccination campaign;vein sinus;viral vector
33941681	amino acid;amino acid side chain;antiviral delivery application;base component;cell cytoplasm;charge interaction;conventional delivery material;delivery application;delivery material;delivery vehicle;dna base;escape ability;family of delivery vehicle;major challenge;proton sponge;rna cargo;rna interference;side chain;small molecule
34728719	aviv medical center;clinical outcome;clinical parameter;curve analysis;curve of poor outcome;high neutrophil to lymphocyte ratio;logistic regression;lymphocyte ratio;medical center;multivariate logistic regression;neutrophil to lymphocyte ratio;odds ratio;poor clinical outcome;poor outcome;prognostic factor;prognostic value;r value;respiratory syncytial virus;respiratory syncytial virus infection;respiratory viral infection;roc curve;roc curve analysis;rsv patient;syncytial virus;syncytial virus infection;tel aviv medical center;unfavorable prognostic factor;various disease;viral infection;virus infection
34730436	acute respiratory syndrome;alternative specimen type;care professional;care worker;care workers;clinical setting;collection of these specimen;collection procedure;community setting;cycle threshold;dhaka hospital of the international centre;diagnostic cost;diagnostic performance;elderly people;global shortage of equipment;health care;health care professional;health care worker;health care workers;hospital of the international centre;international centre;invasive collection procedure;low-cost specimen;median cycle threshold;nasopharyngeal swab;national centre;positive case;positive participant;positive specimen;respiratory syndrome;saliva sample;saliva specimen;screening unit;self-collected saliva;self-collected specimen;sensitivity of saliva specimen;severe acute respiratory syndrome;shortage of equipment;specificity of the saliva sample;specimen type;study finding;suitability of saliva;symptom onset;target gene;throat swab;use of an alternative specimen type;use of saliva;viral load;virus disease;vulnerable group
34803247	binding energy;clinical trial;comparative study;computational method;development of drug;drug candidate;drug target;extensive research;growth of virus;important medicinal plant;in-vitro experimentation;lead molecule;medicinal plant;n protein;nature of the virus;negative binding energy;new variant;potent drug;potential drug;potential drug candidate;search of a lead molecule;selected ligand;specific solution;synthetic drug;transmissible disease;treatment of this viral infection;viral infection
34824162	area composition;care pattern;care system;census area;deprived area;disruption to nhs hospital admission;elective admission;emergency admission;english national health service;equal access;equal need;ethnic minority;ethnic minority population;health service;healthcare system;hospital admission;hospital care;linear regression;linear regression analysis;local area;local area composition;minority population;multiple linear regression;multiple linear regression analysis;national health service;national observational study of hospital care;national time trend;nhs hospital admission;nhs hospital care;observational study;observational study of hospital care;patient group;planned admission;primary diagnosis;principle of equal access;regression analysis;share of ethnic minority population;socioeconomic deprivation;time trend;weekly volume
33595062	% confidence interval;absolute decrease;abstract aim;cardiac defibrillator;cardiac electronic device implantation;cardiac implantable electronic device;confidence interval;declaration of the state of alarm;device implantation;electronic device;electronic device implantation;implantable cardiac defibrillator;implantable electronic device;implantation rate;incidence rate;long-term social impact;mixed model;monthly incidence rate;new cardiac electronic device implantation;pm and;random intercept;secondary prevention;significant difference;significant fall;social impact;state of alarm;substantial decrease;type of pacemaker;type of pm
33169260	care provider;community value;dramatic decision;healthcare provider;intensive care;medical resource;moral organization of medicine;moral standard;nature of the disruption;organization of medicine;power structure;triage issue
32278619	
32613682	brain function;brain network;critical illness;functional network connectivity;intact brain network;intact brain network function;intact functional network connectivity;network connectivity;prognostic significance;structural injury;unresponsive patient;virus disease
35270760	% of the observed sample;% of the sample;amount of exercise;amount of physical activity;athletic development;bmi indicator;body mass index;czech republic regular physical activity;declaration of a state of emergency;development of an individual;end of pandemic restriction;essential part of a healthy lifestyle;free time;free time spending habit;healthy development of an individual;healthy lifestyle;important factor;inappropriate condition;insufficient amount of exercise;mass index;normal weight;observed sample;pandemic restriction;part of a healthy lifestyle;personal computer;physical activity;primary school;primary school pupil;questionnaire survey;questionnaire survey of a sample of child;recommended amount of physical activity;regular physical activity;republic regular physical activity;sample of child;school pupil;significant difference;significant one;social media;spending habit;sporting competition;state of emergency;steady increase;survey of a sample of child;technological progress;upper primary school pupil
32450108	
33255220	% confidence interval;abstract background;active chemotherapy;active treatment;baseline variable;brazil simple summary cancer patient;cancer chemotherapy;cancer patient;cancer patients;chemotherapy group;confidence interval;hematologic neoplasm;hematological neoplasm;history of chemotherapy;ii inhibitor;influence of baseline variable;information system;intent of treatment;multivariate model;odds ratio;overall risk;pair matching;palliative intent of treatment;past history of chemotherapy;protective factor;retrospective analysis;risk factor;risk of death;simple summary cancer patient;summary cancer patient
35173661	analysis result;buying behavior;consumption behavior;economic recovery;important implication;intolerance of uncertainty;mediation analysis result;mental health;motivation theory;protection motivation;protection motivation draw;protection motivation theory;public mental health;serial mediation analysis result;transition of individual;young individual
35410867	
33191649	% cat;% dog;% of animal health service provider;acute respiratory syndrome;animal health;animal health service provider;cat serum sample;department personnel;dog sera;elisa positive;elisa reactivity;enzyme-linked immunosorbent assay;epidemiology of this infection;global pandemic;health service;health service provider;human population;human sample;human sera;human serum sample;immunosorbent assay;importance of pet animal;laboratory personnel;low titre;number of seropositive animal;occupational risk;pet animal;public health;respiratory syndrome;seropositive animal;serum sample;service provider;severe acute respiratory syndrome;small number of seropositive animal;sporadic report;susceptibility of dog;veterinary practitioner
34364311	abstract study;acute respiratory syndrome;cohort study;competing interest;consecutive ivf patient;consecutive sample;day of trigger estrogen;detrimental effect;early finding;ff sample;follicular fluid;follicular function;function of the ovarian follicle;hospital-based ivf clinic;igg serum concentration;immune response;infertile population;internal budget;ivf clinic;ivf patient;main outcome;main outcome measure;main result;measurable detrimental effect;oocyte retrieval;outcome measure;ovarian follicle;ovarian follicle quality;ovarian follicular function;ovarian function;progesterone measurement;registration number;registry number;respiratory syndrome;rna vaccine;serum concentration;severe acute respiratory syndrome;single university hospital-based ivf clinic;small study;study design;study funding;study group;summary answer;surrogate parameter;trial registration;trial registration number;trigger estrogen;university hospital;university hospital-based ivf clinic;vaccination abstract study;vaccination abstract study question;virus disease;y la
35411295	acetylcholine receptor;aggravating factor;anti-inflammatory pathway;cholinergic anti-inflammatory pathway;contemporary interest;et al;nerve stimulation;nicotinic acetylcholine receptor;nicotinic acetylcholine receptor agonist;potential role;therapeutic target;tobacco smoking;vagus nerve stimulation;wang et al
34542438	confinement stress;demographic characteristic;individual characteristic;intervention tool;low income;remote working;significant information;stress control;stress of people;stress response;stress scale
33310765	acute respiratory syndrome;cognitive dysfunction;different mechanism;direct viral effect;few patient;ill patient;ill patients;multifactorial mechanism;number of report;protracted cognitive dysfunction;relative contribution;respiratory symptom;respiratory syndrome;severe acute respiratory syndrome;severe respiratory symptom;specific symptom;thrombotic pathway;viral effect;virus disease
33481879	age distribution;clinical anxiety;clinical depression;family member;fear of infection;hospital-based survey;impact of social restriction;logistic regression;logistic regression analysis;motor symptom;multivariate logistic regression;multivariate logistic regression analysis;neuropsychiatric symptom;paper-based questionnaire;parkinson's disease;pd patient;phone interview;presence of clinical depression;presence of social restriction;psychiatric complication;rate of female;regression analysis;risk factor;severe motor symptom;social restriction;telephone interview;worsening of neuropsychiatric symptom
34215475	care service;co-production of recommendation;conclusion finding;consistent service supply;criminal justice reform;framework analysis;funding structure;future policy maintenance;harm reduction support;health care;health care service;implementation introduction;implementation of new regulation;in-depth interview;justice reform;knowledge generation;lack of integration;new regulation;new york;new york state;physical distancing;policy change;policy development;policy maintenance;potential feasibility;practice guideline;reduction support;service supply;stay-at-home order;substance use;substance use disorder;substance use service
33674708	adverse outcome;algorithm selection;care resource;clinical record;demographic variable;different statistical learning algorithm;economic wreckage;efficient targeted preventive measure;end-to-end machine;future wave;health outcome;health record;incorporation of the past clinical record;infectious disease;interpretable machine;iterative feature;iterative sequential representation mining;large cohort;learning algorithm;machine learning;mechanical ventilation;medical record;medical records;model selection;mortality prediction;novel infectious disease;past clinical record;past medical record;positive patient;prediction model;prediction of health outcome;prediction performance;preventive measure;relative influence;reliable prediction model;representation mining;risk of hospital;risk of hospitalization;sequential representation mining;statistical learning algorithm;targeted preventive measure
32311499	ablative radiotherapy;image guidance;rapid detection;stereotactic ablative radiotherapy;tomography image guidance;virus disease
33382861	% of transmission;acid extraction;consistent detection;direct nasopharyngeal swab sample;frequent surveillance of individual;isothermal amplification;key reagent;limit of detection;lysis buffer;molecular method;nasopharyngeal swab;nasopharyngeal swab sample;nucleic acid extraction;pcr test;pcr testing;primary sample;rna extraction;rna extraction reagent;sensitivity of some sample;short supply;spread of this virus;surveillance of individual;swab sample
34772117	3d printing;3d printing of protective face shield;3d printing optimization;consistent quality;different effect;different filament;different footprint;environmental sustainability;face shield;filament price;geometric accuracy;goal of the research;literature review;multi-objective optimization;negligible impact;overall goal of the research;pha material;printing optimization;printing time;protective face shield;purpose of use;shield frame;societal demand;suitable thermoplastic material;sum method;thermoplastic material;urgent societal demand;weighted sum method
33223732	% confidence interval;abstract objective;aim of this systematic review;allied health literature;available literature;confidence interval;data collection;data extraction;data extraction data;data source;data synthesis;early mortality;early postoperative mortality;early postoperative period;further investigation;health literature;hip fracture;hip fracture patient;hip fracture population;hip fracture surgery;included study;length of follow-up;level iv;level of evidence;level of evidence therapeutic level iv;longer-term morbidity;mortality rate;number of patient;odds ratio;operative intervention;outcome of interest;overall pooled mortality rate;patient demographic;patient population;pooled mortality rate;pooled relative risk of postoperative mortality;positive patient;postoperative mortality;postoperative period;primary outcome;primary outcome of interest;random effect;relative risk;relative risk of postoperative mortality;risk factor;risk of early mortality;risk of postoperative mortality;study location;substantial risk factor;surgical intervention;susceptible hip fracture population;systematic review;testing method;testing result;therapeutic level iv
34623194	airway register;al patient;care register;cause of death;chronic inflammatory lung disease;classification of disease;death certificate;diagnosis of asthma;frequency of asthma;inflammatory lung;inflammatory lung disease;intensive care;intensive care register;international classification of disease;large population;large population of patient;lung disease;national airway register;national patient register;obstructive lung disease;patient register;physician diagnosis of asthma;population of patient;relative low;risk of hospital;risk of hospitalization;start of the pandemic;swedish intensive care register;swedish national airway register;well-defined large population of patient
35018049	aerosol generation;aerosol particle;aerosol particle count;aim of this study;air sample;air sampler;amount of aerosol particle count;caries management;clinical study;comparative clinical study;dental procedure;distance of the clinician;external high-volume suction device;high-volume suction device;main outcome;null hypothesis;particle count;present study;reduction protocol;restorative procedure;risk of transmission;significant difference;suction device;vivo setting
34696235	cross-sectional study;eligible responder;general population;geographic area;good understanding;hesitancy of the general population;logistic regression;medical doctor;medical experience;medical profession;online cross-sectional study;opinion of the general population;personnel background;rna vaccine;romanian medical;sectional study;social personnel;social personnel background;social staff;urban area;vaccine acceptance;vaccine hesitancy;virus knowledge
32253318	absorption of lung lesion;addition to maximal supportive care;adult case;adverse effect;antibody titer;antiviral agent;big threat to global health;clinical benefit;clinical benefit of cp therapy;clinical outcome;clinical symptom;controlled trial;convalescent plasma;convalescent plasma therapy;cp therapy;cp transfusion;effectiveness of convalescent plasma therapy;feasibility of convalescent plasma;further investigation;global health;high level;illness to cp transfusion;improvement of clinical symptom;laboratory parameter;lung lesion;lymphocyte count;maximal supportive care;median time;onset of illness to cp transfusion;optimal dose;primary endpoint;promising rescue option;radiological examination;real-time viral rna test;rescue option;rna test;safety of cp transfusion;severe adult case;severe adverse effect;severe patient;specific antiviral agent;supportive care;threat to global health;time point;viral load;viral rna;viral rna test;virus disease;well-controlled trial
33036293	active methylene compound;anti-viral activity;antiviral activity;carbonyl compound;dynamics simulation;main protease;methylene compound;molecular dynamic;molecular dynamics;molecular dynamics simulation;spectroscopic evidence;thiazole moiety;various carbonyl compound
32251511	cotton mask
32671230	access to medication;face-to-face treatment;financial safety net;government measure;health challenge;health concern;impact of the pandemic;international public health challenge;key topic;major international public health challenge;mapping population mental health;mapping population mental health concern;mental distress;mental health;mental health treatment;national public;negative consequence;physical distancing;policy maker;population mental health;protection measures;public concern;public health;public health challenge;public health protection;public health protection measure;public health response;safety net;search frequency;significant concern;spread of the virus
33256204	acute cerebrovascular disease;acute critical illness;brain imaging;brain imaging process;cerebrovascular disease;chain reaction;clinical data warehouse of a medical center;critical illness;ctg patient;data warehouse of a medical center;delayed process;emergency department;imaging process;length of stay;los of patient;medical center;new process;overall los;pm method;polymerase chain reaction;polymerase chain reaction test;process mining;proper time management;registration to triage;t test;therapeutic process;time management;virus disease;warehouse of a medical center
34884216	anosmia fatigue;autonomic nervous system;blood vessel;blood-brain barrier;cascade of effect;cerebrospinal fluid;cerebrospinal fluid outflow;coagulation cascade;cribriform plate;damage to olfactory sensory neuron;destruction of the olfactory epithelium;different route to the blood-brain barrier;endothelial dysfunction;extensive destruction of the olfactory epithelium;immune activation;important neurologic symptom;involvement of the autonomic nervous system;much attention;multiple organ;multiple organ dysfunction;nervous system;neurologic symptom;neurological symptom;olfactory epithelium;olfactory sensory neuron;organ dysfunction;peripheral blood vessel;persistent anosmia;persistent immune activation;recent finding;resistance to cerebrospinal fluid outflow;route to the blood-brain barrier;sensory neuron;subsequent toxic build-up;systemic circulation;toxic build-up
32220243	confirmed case;direct contact;emergency hospital;general hospital;guangdong province;guangdong second provincial general hospital;human infection;key measure;medical staff;nurse infection;provincial emergency hospital;provincial general hospital;risk of nurse;second provincial general hospital;special attention;special attention to nurse;suspected case;virus disease
33619888	blue light;blue wavelength;decrement of the viral load;infected cell;intracellular viral replication machinery;relevant effect;study of any intervention;supportive approach;therapy impact;vero cell;viral load;viral replication;viral replication machinery
32376057	
32511752	dialysis center;end stage renal disease;frail patient;great challenge;hd session;health organization;important issue;presentation of this disease;pulmonary presentation of this disease;renal disease;safe distance;severe pulmonary presentation of this disease;small town;stage renal disease;virus disease;world health organization
34857753	error catastrophe;rna mutation
34735268	accomplished peer;barney graham;career advice;career transition;deep commitment;ethnic group;important piece of advice;list of accomplished peer;long list of accomplished peer;own career;own career choice;piece of advice;profound impact;sage advice;unrepresented group
34912731	viral infectivity
35437697	anxiety disorder;community-based survey;comparison group;conclusion result;cross-sectional online questionnaire;daily stress;depression episode;financial loss;independent association;individual characteristic;major depression episode;odds ratio;online questionnaire;psychological effect;psychological symptom;psychomotor retardation;related factor;repeated cross-sectional online questionnaire;sense of threat;suicidal thought;unaffected comparison group;unaffected group;young adult
33378607	new vaccine
33091331	case report;case report form;chain reaction;clinical information;confirmed case;contact information;cumulative incidence rate;death rate;dynamic of the outbreak;emergency plan;emergency public health measure;epidemiological curve;geographical distribution;incidence rate;instantaneous reproduction number;mandatory quarantine restriction;national level;ongoing notification;outbreak concern;polymerase chain reaction;polymerase chain reaction assay;public health;public health measure;quarantine restriction;rate of hospitalization;reproduction number;respiratory specimen;standardized case report form;total number;virus outbreak
35268531	ai model;aid of ai model;artificial intelligence;artificial intelligence system;artificial neural network;assessment protocol;clinical characteristic;cluster infection;decision tree;disease surveillance;efficient assessment protocol;hospital cluster infection;infected patient;isolation ward;medical profession;medical professional;neural network;ordinary patient;performance of the model;random forest;safety of medical professional;support vector machine;vector machine;virus disease
32451343	available resource;current advice;future shortage;limited resource;maximum benefit;national policy;problematic consequence;relevant difference;respiratory support;shortage of ventilator;significant debate;successful outcome;ventilation to patient;withdrawal of treatment
34452464	acid amplification test;alpha variant;amplification test;clinical course;cohort of child;common symptom;ct value;early finding;june 2021;median ct value;nucleic acid amplification test;pediatric patient;retrospective analysis;severe clinical course;severe symptom;spread of the alpha variant;standardized questionnaire;wild type
34548976	a single centre;acute kidney;acute kidney injury;acute respiratory syndrome;adult patient;aim of this study;chronic kidney disease;clinical course;clinical profile;common symptom;demographic characteristic;electronic record;invasive ventilation;kidney disease;kidney failure;kidney injury;laboratory parameter;maintenance haemodialysis;mean age;medical science;needed haemodialysis;outcome of haemodialysis;outcome of patient;overall mortality;renal transplant;renal transplant recipient;respiratory syndrome;retrospective study;severe acute respiratory syndrome;severe course;severe disease;severe illness;severe infection;single centre;transplant recipient
32791524	accepted article;attention to systemic racism;autism to rural population;critical point;educational system;et al;future direction;future research;history of this journal;introduction to the special issue;kilbourne et al;multiple system;next generation;next step;obesity to autism to rural population;pediatric psychology;people of color;policy change;rural population;special issue;systematic difference;systemic racism;topic area;understanding mechanism;wide gamut
34052621	group b;rapid implementation
34817746	% of the breast cancer survivor;accurate list;aim of this study;bone loss;breast cancer survivor;breast cancer survivorship clinic purpose breast cancer survivor;cancer recurrence;cancer survivor;cancer survivorship clinic purpose breast cancer survivor;care provider;clinic purpose breast cancer survivor;cornell medicine;dietary supplement;dietary supplement use;documentation of patient;documentation of supplement;electronic medical record;female breast cancer survivor;general health;healthcare provider;informed consent;mean age;medical record;medication list;multiple provider;non-prescription supplement use;prevention of bone loss;purpose breast cancer survivor;risk of cancer recurrence;study patient;supplement recording;supplement use;survivorship clinic purpose breast cancer survivor;variety of reason;vitamin a;vitamin c;vitamin d;vitamin use;week period;weill cornell medicine
33246573	
33119257	active site;candidate pool;data point;density functional theory;drug discovery;drug molecule;dynamics simulation;fda-approved drug;final selection;force field;free energy;free energy analysis;functional theory;hybrid ani;main protease;md simulation;mechanical density functional theory;mechanism of action;molecular dynamic;molecular dynamics;molecular dynamics simulation;molecular mechanic;molecular mechanics;network model;neural network;neural network model;physical insight;protein interaction;quantum mechanic;quantum mechanical density functional theory;rational drug discovery;subset of fda-approved drug
33908152	absence of mutation;adaptive mutation;asymptomatic animal;asymptomatic cat;case study;chain of virus transmission;clinical sign;close contact;continuous proximity;course of viral rna concentration;directionality of the chain of virus transmission;genome sequencing;high virus shedding;infected cat;initial decline;loss of taste;naive animal;natural infection;pharyngeal shedding;positive swab;present study;rna concentration;serological testing;serological testing of this cat;small flat;small household;small household setting;source of the virus;symptom onset;third cat;viral infection;viral rna;viral rna concentration;virus shedding;virus titre;virus to a third cat;virus transmission
35079695	% stroke rate;atrial fibrillation;available result;basic science research;body of basic science research;clinic health system;clinic hospital;common ischemic stroke mechanism;comprehensive description of stroke characteristic;description of stroke characteristic;existing body of basic science research;health system;high prevalence;high prevalence of vascular risk factor;infected patient;ischemic stroke;ischemic stroke mechanism;jacksonville fl;laboratory parameter;mayo clinic health system;mayo clinic hospital;pathogenesis of ischemic stroke;pathogenesis of stroke;period of september;phoenix az;risk factor;schematic model;science research;smoking history;stroke characteristic;stroke feature;stroke rate;study period;traditional risk factor;vascular risk factor
34389829	arab emirates;author correction;united arab emirates
34935594	% of the sample;% sample;booster vaccination;breakthrough patient;emergent omicron variant;group a;heterologous booster;heterologous booster group;heterologous booster vaccination;heterologous protein subunit vaccine;heterologous vaccine booster;homologous booster;homologous booster group;homologous booster vaccination;immune escape;immune protection;multiple mutation;neutralization ability;neutralization activity;omicron variant;positive neutralization activity;post booster vaccination;protein subunit vaccine;rapid spread;s protein;serious concern;significant immune escape;significant reduction;subunit vaccine;third heterologous protein subunit vaccine;vaccine booster
32682490	global effort
34008016	abstract background;available serological assay;background healthcare worker;care worker;care workers;detectable igg;healthcare worker;healthcare workers;humoral response;igg humoral response;igg response;igg serology;igg serology test;independent factor;logistic regression;positive igg serology test;potential factor;rate of humoral response;serological assay;significant proportion;specific igg humoral response
32868442	acid-based detection;acute respiratory syndrome;alternative pathway;alternative testing platform;assay protocol;availability of state-of-the-art diagnostic;clinical diagnostic;clinical sample;complete agreement;conventional laboratory infrastructure;current assay;current need;detection system;diagnostic test;gold standard;important limitation of current assay;isothermal amplification;isothermal assay;laboratory infrastructure;limit of detection;limitation of current assay;nasal fluid;negative sample;nucleic acid-based detection;point of sample collection;portable detection system;positive sample;primer sequence;rapid isothermal amplification;respiratory syndrome;reverse transcription loop;rna extraction;rna extraction kit;rna sequence;sample collection;severe acute respiratory syndrome;state-of-the-art diagnostic;swab to viral transport medium;synthetic nasal fluid;testing platform;three-dimensional cartridge;transcription loop;transport medium;urgent example;urgent need;viral isolation;viral transport medium;y la
33922354	adult internet user;behavior of buying fresh food;buying fresh food;city planner;experience of online shopping;frequency of online shopping;fresh food;fresh food shopping behavior;hubei province;human life;in-store shopping;internet user;negative effect;online shopping;outdoor trip;positive effect;proportion of online shopping;shopping behavior;substantial impact;time of in-store shopping;travel time;travel time of in-store shopping;wuhan city;wuhan city of hubei province
32361284	chronic pain;chronic pain management
34877562	air pollution;air quality;allegheny county health department;contributor of particulate matter;county health department;health department;health issue;industrial emission;industrial history;industrial source;linear model;nitrogen dioxide;particulate matter;pittsburgh air pollution;pittsburgh air pollution changes;representative diameter;rich industrial history;significance of change;subsequent health issue;substantial contributor of particulate matter;travel restriction;vehicular traffic
32605729	virus disease
33239765	absolute risk;active disease despite;active lesion;age-related macular degeneration;amd patient;conclusion mean va;disease despite;fight retinal blindness;frequent treatment;macular degeneration;mean interval;mean va;next injection;number of visit;real-world evidence;real-world evidence background;relative risk;relative risk of losing;retinal blindness;short-term risk;significant loss;significant short-term risk;threefold increase;treatment interval;treatment interval extension;unplanned treatment interval extension;va change;weekly injection;wet amd patient
34543580	% confidence interval;absence of robust evidence;al patient;angiotensin inhibitor;antimalarial agent;clinical decision;clinical evidence;clinical practice;confidence interval;evidence skepticism;evidence uptake;face of new clinical evidence;hypothetical patient;intensive care;intensive care medicine;new clinical evidence;new evidence;new treatment;pharmacological treatment;physician preference;psychological trait;rapid demand;relative risk;research engagement;risk tolerance;robust evidence;setting of new evidence;setting of uncertain evidence;time physician;treatment preference;uncertain evidence;united states;unknown effectiveness;virus disease
34906660	% of act group;% of the act group;act group;act group participant;automated mobile phone;automated mobile phone message;clinical important decline;clinical important difference;commitment therapy;control group;controlled trial;controlled trial background;daily automated mobile phone message;decline of prom;effectiveness of acceptance;fourteen percent of the act group participant;group a;group c;hip disability;important decline;important difference;information system;intervention patient;joint specific hip disability;knee disability;level of evidence;mobile phone;mobile phone message;osteoarthritis outcome score;outcome measure;outcome score;percent of the act group participant;physical function;physical health;post intervention patient;robot to patient;specific hip disability;surgical delay;total hip;unexpected surgical delay
34879393	impairment of smell;severe impairment of smell
35063714	congregate setting;developmental disability;elderly person;high-risk population;high-risk sample of adult;home care;home care recipient;influence of congregate setting;logistic regression;logistic regression model;number of reason;ontario background;public health;regression model;sample of adult;total sample;vulnerability of adult
32761914	central nervous system;nervous system;peripheral nervous system
32363809	anonymous electronic survey;body ache;characteristic analysis;classifier performance;collection of symptom;common influenza symptom;conclusion smell;demographic information;diagnostic accuracy;diagnostic symptom;discrimination accuracy;electronic survey;fair diagnostic accuracy;forty-five participant;influenza symptom;logistic regression;mean age;negative result;negative test result;overall discrimination accuracy;parsimonious classifier;positive test;positive test result;prediction performance;predictive ability;predictive model;presence of smell;selected classifier;sense of smell;shortness of breath;social media;sore throat;specific symptom;stepwise logistic regression;strong predictor;t test;taste change;test result
33735836	antibody detection method;big threat to global health;clinical experience;cohort study;convalescent plasma;convalescent plasma therapy;corona virus;detection method;effectiveness of convalescent plasma therapy;global health;novel corona virus;retrospective cohort study;therapeutic schedule;threat to global health
33392422	28th february;30th june;access to quality health care;affected person;daily publication;disease control;effective treatment;forecasting approach;front line;further finding;health care;health worker;inadequate medical staff;little variation;local manufacturing of personal protective equipment;manufacturing of personal protective equipment;median survival rate;medical staff;new disease;nigeria centre;nigerian government;objective of this study;observed period;personal protective equipment;poor access to quality health care;poor technology;population size;poverty rate;protective equipment;quality health care;rate of patient;report of the nigeria centre;secondary data;survival rate;survival rate of patient
35512712	humoral response;humoral response to primary;poor humoral response to primary;risk factor
34404498	cross-sectional study;sectional study
34926837	aspect of society;at-risk population;care provider;discovery of the virus;flu pandemic;healthcare provider;herd immunity;historical perspective;interdisciplinary approach;interdisciplinary team;molecular structure;national newspaper;overview of the discovery of the virus;paramount subject;purpose of this review;social media;television program;vaccine hesitancy
32449224	acute respiratory distress syndrome;antibacterial drug;antiviral drug;broad-spectrum antibacterial drug;cardiovascular disease;case series;chinese medicine;chinese medicine preparation;chronic disease;chronic medical illness;clinical characteristic;clinical symptom;combination of broad-spectrum antibacterial drug;combined use;conclusion elderly patient;concomitant chronic medical illness;distress syndrome;drug treatment;drug-induced liver injury;dry cough;elderly patient;imaging change;improvement of lym;laboratory test;lactic dehydrogenase;liver injury;lymphocyte count;m group;main therapeutic drug;medical illness;medicine preparation;multiple organ;multiple organ damage;myocardial injury;renal injury;respiratory distress;respiratory distress syndrome;risk of drug-induced liver injury;sc group;serum level;significant difference;support drug;symptomatic support drug;therapeutic drug;third hospital;traditional chinese medicine;traditional chinese medicine preparation;treatment feature;treatment plan;virus disease;vital sign;wuhan third hospital
34177279	% of the participant;age group;anxiety level;bangladeshi people;bmi status;body mass index;cross-sectional study;exercise frequency;health condition;health problem;health-related variable;inception of the pandemic;lack of knowledge;mass index;mean age;mental health;mental health condition;mental health conditions;mental health problem;mortality rate;outside space;people of all age;people of all age group;physical activity;physical exercise frequency;present finding;preventive approach;prior pandemic;risk of depression;role of bmi status;sectional study;significant association;study background;suicidal behavior;suicide mortality rate
34559248	auf eine;corona virus;corona virus disease;fur ass;fur die;und ist;virus disease
34178300	% accuracy;adaptive challenge;case study;clinical setting;computerized olfactory assessment;consecutive day;few way;frequency identification;further methodological advance;hardware part;high level;identification task;laboratory experiment;low-cost olfactory display;methodological advance;odor identification task;olfactory assessment;olfactory display;olfactory loss;olfactory rehabilitation;personal computer;promising method;proof of concept;radio frequency identification;range of use;recreational interaction;rehabilitation purpose;remote olfactory assessment;research laboratory;smell training;technological interaction;y los
33749986	abstract mutation;active site;amino acid;amino acid position;attractive target;dimer formation;dimer interface;drug resistance;host cell;inhibitor design;main protease;main protease abstract mutation;major concern;new perspective;surface of the active site;surface of the dimer interface;t cell;vaccine resistance;x-ray crystal;x-ray crystal structure
34748218	30-day mortality;aarhus university hospital;abstract background;cohort study;danish trauma center;day mortality;health care;incidence rate;incidence rate ratio;injury severity score;major danish trauma center;major trauma center;mechanism of injury;prior year;rate ratio;retrospective cohort study;risk ratio;severity score;societal behavior;societal restriction;study abstract;trauma center;trauma patient;trauma patient admission;trauma team;trauma team activation;university hospital
32270314	european radiologist
33444411	% confidence interval;brier score;characteristic curve;chronic liver disease;clinical prediction rule;clinical use background;confidence interval;consecutive patient;coronary heart disease;dedicated unit;dehydrogenase level;derivation cohort;duration of symptom;early identification of in-hospital mortality of patient;hazard ratio;heart disease;hospital admission;hospital mortality;identification of in-hospital mortality of patient;in-hospital mortality;in-hospital mortality of patient;independent risk factor;italian dedicated unit;lactate dehydrogenase;liver disease;male sex;management of patient;mortality of patient;multivariate model;prediction rule;risk factor;rome unit;simple clinical prediction rule;use background;validation cohort;virus disease
32784414	alternative method;alternative sterilization method;appropriate clinical behavior;aspect of all procedure;clinical behavior;contaminated surface;conventional cleaning;conventional method;dangerous spread of infection;dental practice;dental practices;disinfection of surface;disinfection procedure;effectiveness of conventional cleaning;entire procedure;hospital surgery room;human behavior;human intervention;human operator dependence;improvement of these conventional method;infected droplet;manual disinfection of surface;minimal human intervention;modification of human behavior;operator dependence;particular attention;proper disinfectant;salivary secretion;spread of infection;sterilization method;sterilization procedure;surgery room;traditional manual disinfection of surface;use of proper disinfectant;weak aspect of all procedure
33469977	acid binding site;acid site;array of ligand;binding site;closed conformation;closed spike conformation;closed structure;dietary component;different site;diverse array of ligand;dynamics simulation;fatty acid;fatty acid binding site;fatty acid site;fda-approved drug;hinge region of the open structure;linoleate complex;locked spike conformation;molecular dynamic;molecular dynamics;molecular dynamics simulation;molecular simulation;open structure;potential ligand;promising target;region of the open structure;spike conformation;spike fatty acid;spike fatty acid site;spike protein;structure of the linoleate complex;vitamin a;vitamin d;vitamin k
33858931	acute respiratory syndrome;genome sequence;indian variant;nasopharyngeal swab;respiratory particle;respiratory syndrome;severe acute respiratory syndrome;variant analysis;virus disease
33364344	beginning of the summer semester;body donor;classroom course;course of macroscopic anatomy;course offering;distance rule;independent preparation;large part of this subject;macroscopic anatomy;major challenge;medical faculty;pandemic condition;part of this subject;preparation step;summer semester;university teaching;useful supplement
34755180	% confidence interval;abstract background;amount of work;analysis of monthly oral antibiotic;antibiotic item;average monthly decrease;broad-spectrum antibiotic;care service;confidence interval;considerable amount of work;delivery of primary care service;evidence of an increase;face-to-face contact;general practitioner;health boards;individual health boards;interrupted time series analysis;less face-to-face contact;longitudinal analysis of monthly oral antibiotic;monthly antibiotic;monthly decrease;monthly oral antibiotic;number of antibiotic item;onset of the pandemic;oral antibiotic;primary care;primary care service;rapid change;recent year;registered patient;respiratory tract;respiratory tract infection;series analysis;significant reduction;skin infection;throat infection;time series;time series analysis;tract infection;treatment of respiratory tract infection;unnecessary antibiotic;urine infection;way patient
35317212	20th august;30th september;adverse prognostic factor;blood abnormality;blood cell;blood smear examination;clinical outcome;further follow;hospital of lucknow;infection objective;management decision;novel viral infection;peripheral blood abnormality;peripheral blood smear examination;presence of granulocyte;prognostic factor;prompt management decision;prospective study;red blood cell;smear examination;test result;unusual finding;viral infection
35486106	unchanged trend
34073591	acute respiratory syndrome;aspect of smoking habit;biological interaction;case series;cell entry;cell entry receptor;chain reaction;complex biological interaction;critical role;direct relation;entry receptor;factor associated;gene expression;lung tissue;lung tissue of smoker;lung tissue sample;main cell entry receptor;observational study;pattern of vascular injury;polymerase chain reaction;prevalent pattern of vascular injury;probable risk factor;prospective case series;real-time polymerase chain reaction;respiratory syndrome;retrospective observational study;risk factor;rna expression;role of smoking habit;severe acute respiratory syndrome;smoking habit;susceptibility to infection;tissue of smoker;tissue sample;vascular injury;viral quantity;virus disease;virus quantity
34675256	encouraging free choice;ethnic group;free choice;psychological reactance;representative sample;trait psychological reactance;united states;us population;vaccination intention;vaccination requirement;vaccine mandate;vaccine uptake
33983654	% sequence identity;active site;active site region;additional guidance;amino acid;an insight;centrality measurement parameter;communication pathway;comparative protein structure network analysis;complex formation;critical residue pair;crystallographic structure;difference of few amino acid;differential inhibitory effect;drug development;few amino acid;important target;inhibitor binding;inhibitory effect;local change;main protease;measurement parameter;network analysis;network connectivity;possible reason;protein structure network;protein structure network analysis;residue pair;sequence identity;significant local change;specific drug development;structural variation;structure network;structure network analysis;subtle structural variation
35216301	affordable vaccine;cellular immune response;combination of dna vaccine;combined vaccine;dna vaccine;dna vaccine approach;dna vaccine inside;electron microscopy;enhancement of the humoral response;gel filtration;humoral response;immune response;mass vaccination;range of vaccine;recombinant protein;spike protein;synergistic enhancement of the humoral response;virus vaccine
32291501	atypical presentation;chest ct;chest ct abnormality;clinical symptom;clinical symptom spectrum;course of disease;ct feature;ct imaging;ct imaging finding;disease progression;early diagnosis;hubei province;imaging finding;important tool;key point;key points;majority of patient;pediatric patient;septal thickening;severe case;value of radiology;vulnerable population
33388064	care measure;combination of self-care behaviour;confirmatory factor;convergent validity;exploratory factor analysis;factor analysis;factor solution;factorial structure;future evaluation;general population;goodness of factor solution;health consciousness;healthy behaviour;internal validity;model fit;new sample;number of item;original tool;physical activity;pool of item;predictive validity of individual;psychological well-being;psychological well-being measure;psychometric tool;risk of contagion;scalable situation;screening tool;self-care behaviour;significant pool of item;validity of individual
33778564	% confidence interval;chain reaction;chest ct;chest ct scan;confidence interval;ct scan;district of anyang;geographic region;geographic subgroup;geographical distribution;geographical distribution of these case;group a;health organization;henan province;high sensitivity;hospital presentation;initial chest ct;initial detection;initial presentation of patient;interim guidance;low value of ct;multicenter study;negative predictive value;overall sensitivity;pcr test;pcr testing;performance of chest ct;performance of ct;polymerase chain reaction;positive examination;positive predictive value;predictive value;presentation of patient;prevalence of positive examination;province of henan;respective sensitivity;retrospective multicenter study;screening tool;significant difference;similar result;transcription polymerase chain reaction;value of ct;virus disease;world health organization;world health organization interim guidance
34371224	% of the encounter;10th revision code;amendment to the physician act;case closure;case closure rate;cerumen removal;chang gung memorial hospital;classification of disease;cohort study;common procedure;current procedural terminology;disease pandemic;equal access;established otolaryngology outpatient consultation;global medical problem;gung memorial hospital;infectious condition;infectious disease;infectious disease pandemic;international classification of disease;kaohsiung chang gung memorial hospital;majority of complaint;medical problem;memorial hospital;number of otolaryngology consultation;otolaryngology consultation;otolaryngology outpatient consultation;outpatient consultation;patient demographic;patient subjective improvement rate;physician act;procedural terminology;promising approach;rate of return;retrospective cohort study;revision code;specialized procedure;study period;subjective improvement;subjective improvement rate;technological advance
33038229	ill patient;ill patients
32684300	radiology department
35538060	adverse outcome;care unit;efficacy of vaccination;initial trial;intensive care;intensive care unit;intensive care unit admission;maternal death;neonatal intensive care unit admission;particular concern;perinatal outcome;placental abruption;postpartum haemorrhage;pregnancy safety;pregnant people;pulmonary embolism;risk of stillbirth;rna vaccine;second dose;systematic review;vaccination uptake;vulnerable group
34894119	adherence to home treatment guideline;family member;home isolation;home treatment;home treatment guideline;pediatric home;proportion of caretaker;time consuming;treatment guideline
32302740	surgical training
35320955	care resource;current pandemic;current pandemic medical oxygen;english language;essential medicine;health organization;life-saving drug;lung involvement;medical library;medical oxygen;national medical library;natural disaster;oxygen source;oxygen supply;precious life-saving drug;relevant article;scientific database;search term;tremendous pressure;virus disease;world health organization
32681166	abstract objective;acute respiratory syndrome;alveolar damage;blood sample;bone marrow;clinical feature;clinical trial;consecutive patient;diagnostic feature;diffuse alveolar damage;laboratory parameter;laboratory result;lymph node;missing triglyceride level;pulmonary lymph node;respiratory syndrome;reticuloendothelial organ;routine h;second patient;severe acute respiratory syndrome;subset of patient;triglyceride level;virus disease
32837512	elective surgery;resumption of elective surgery
32839250	acid extraction;array of inactivation reagent;clinical sample;clinical sample transportation;commercial reagent;common chemical;containment level;etiological agent;health emergency;health official;human corona;inactivation method;inactivation process;inactivation reagent;infectious virus;informed approach;multifaceted rapid response;nucleic acid extraction;nucleic acid extraction reagent;ongoing public health emergency;part of this study;public health;public health emergency;rapid response;risk assessment;scientific community;specimen transport media;transport media;virus inactivation;wide array of inactivation reagent
34834586	confidence interval;enrollment period;follow-up program;group a;hazard ratio;intensive care;intensive care patient;medical literature;mortality hazard ratio;observational study;one-year mortality hazard ratio;phone interview;presence of these symptom;quality of life;recent medical literature;untreated group
32817714	avoidance behavior;behavior change;behavioral immune system;development of intervention;disease avoidance behavior;disease transmission;disgust sensitivity;encouraging disease avoidance behavior;germ aversion;global health;global health threat;health behavior;health threat;immune system;individual difference;national sample;online survey;pathogen disgust sensitivity;preventative health;preventative health behavior;psychological factor;psychological process;recommended preventative health behavior;serious global health threat;set of psychological process;social distancing;touching face;us national sample;virus disease
33738882	abstract introduction;additional support;adolescent mental health service;care service;clinical role;clinical task;current study;degree of worry;face-to-face appointment;further theme;health profession;health professional;health service;heightened risk of depression;mental health;mental health service;mental wellbeing;pandemic abstract;pandemic abstract introduction;remote working;risk of depression;significant change;significant shift;significant shift to remote working;virus disease;wellbeing of health professional;y el
34350637	african policymaker;brief review of various online literature;care quality;care system;control measure;epidemic preparedness;global health;global health security;health coverage;health information;health insurance;health sector;health security;health system;health workforce;healthcare system;infection prevention;major stress area;online literature;pandemic response;pandemic response effort;public-private partnership;review of various online literature;steady progress;stress area;surveillance system;testing capacity;universal health coverage;various online literature
35397002	abstract background;blood cell;children associated;clinical course;clinical feature;clinical outcome;coagulation factor;coagulation factor parameter;cross-sectional study;fatal outcome;indonesia abstract background;inflammatory marker;inflammatory syndrome;mechanical ventilation;median age;median time;neutrophil count;neutrophil counts;normal prothrombin time;number of case;partial prothrombin time;prothrombin time;referral hospital;reported case;sectional study;study period;survivor group;tertiary referral hospital;virus disease;white blood cell
32964802	bound complex;corona virus;entire world;experimental design;host cell;in-depth analysis;novel corona virus;nucleotide polymorphism;outbreak of a novel corona virus;ramaswamy h;receptor protein;single nucleotide polymorphism;spike glycoprotein;spike glycoprotein of the host;structural feature;structure of the bound complex;t cell;virus entry;virus entry mechanism
32583347	low-risk individual
33528827	cfs prevalence;chloroquine phosphate administration;chronic fatigue;chronic fatigue problem;chronic fatigue syndrome;chronic idiopathic fatigue;fatigue disorder;fatigue symptom;fatigue syndrome;fukuda guideline;general population;global pandemic;idiopathic fatigue;infection onset;insufficient fatigue syndrome;mean total score;medical institution;myalgic encephalomyelitis;phosphate administration;post-traumatic stress;post-traumatic stress disorder;post-traumatic stress disorder checklist;presence of stress disorder;prevalence of cfs;prevalence rate of fatigue symptom;rate of fatigue symptom;risk of cfs;significant association;stress disorder;total score;traumatic stress;unexplained fatigue disorder
32395567	acute infectious disease;assessment of disease severity;chain reaction;common complication;corona virus;corona virus disease;disease containment;disease severity;epidemiological disease containment;hubei province;imaging finding;infectious disease;polymerase chain reaction;process of epidemiological disease containment;real-time reverse transcription polymerase chain reaction;respiratory specimen;respiratory system;reverse transcription polymerase chain reaction;risk of infection;severe symptom;transcription polymerase chain reaction;typical imaging finding;virus disease
33754459	% of the caregiver;% of variance;care need;care need of caregiver;chronic wound;chronic wound disease;cross-sectional study;dermatology life quality index;factor analysis;family dermatology life quality index;health education;high level;home-based wound care;home-based wound care need of caregiver;impact of chronic wound disease;independent influence factor;influence factor;informal caregiver;investigation of the status;life quality index;mean age;multiple regression analysis;need of care;prospective cross-sectional study;quality index;quality of life;regression analysis;satisfaction of home-based wound care;sectional study;self-care ability;support programme;tailored wound health education;wound care;wound care need of caregiver;wound disease;wound health education;wound professional
33251983	antiviral agent;antiviral drug;binding affinity;binding free energy calculation;binding site;care provider;catalytic dyad;causative agent;close to catalytic dyad;development of effective antiviral drug;drug discovery;dynamic behavior;effective antiviral drug;evaluation of the dynamic behavior;free energy;free energy calculation;general public;great potential;healthcare provider;main protease;modeling tool;molecular dynamic;new inhibitor;potential antiviral agent;potential inhibitor;present study;ramaswamy h;short time;short time span;specific antiviral drug;strong tendency;unavailability of specific antiviral drug;urgent discovery;virtual screening
32534631	medical education;physical distancing;time of physical distancing
35036079	anticoagulant therapy;biologic agent;combination therapy;current evidence;current recommendation;different regimen;different treatment approach;first-tier therapy;inflammatory syndrome;long-term outcome;management plan;online version;purpose of review;purpose of review different treatment approach;recent finding;refractoriness to ivig;supplementary material;thrombotic risk;treatment approach;y el
34101903	heart transplantation;midst of chaos
32644258	psychological theory;rapid response;social psychological theory;virus disease
35496681	abstract studies;asynchronous online course;biology class;biology education;course grade;emergency remote teaching;emergency remote teaching abstract studies;emergency remote teaching practice;face-to-face pattern;face-to-face undergraduate biology class;final course grade;gender equity;impact of specific emergency remote teaching practice;in-depth investigation;online biology education;online course;online lecture;participation behavior;performance gap;remote teaching;remote teaching abstract studies;role of student gender;specific emergency remote teaching practice;specific group;student gender;synchronous online lecture;teaching abstract studies;traditional online biology education;undergraduate biology class
32245835	accurate diagnosis;acute respiratory syndrome;analytic stage;anatomic site;antibody-based technique;appropriate measure;control of this outbreak;current issue;integrated device;laboratory diagnosis;laboratory diagnosis of infection;laboratory staff;major impact;molecular diagnosis;molecular test of choice;point of care;proper respiratory tract specimen;reliable test result;respiratory syndrome;respiratory tract;respiratory tract specimen;right anatomic site;right time;serological finding;severe acute respiratory syndrome;supplemental tool;test of choice;test result;testing result;tract specimen;y la
32282344	appropriate fear;assessment model;basic daily need;behavioral health;care worker;care workers;care workforce;central element;clinician death;crisis support task force;critical care;critical care medical resource;daily need;early march;emotional well-being of health care worker;emotional well-being of the health care workforce;emotional well-being of the work force;enormous strain;group strategy;health care;health care worker;health care workers;health care workforce;health support;health system;hospital system;human resource;medical resource;mental health;mental health support;mental health support option;moral obligation;mount sinai health system;new york;new york city;new york city health system;own appropriate fear;personal protective equipment;personal safety;potential impact;priority area;protective equipment;psychological stress;reassuring message;rollout of support initiative;setting of contagion;sinai health system;strong well-being support;strong well-being support model;support initiative;support option;support task force;task force;trainee crisis support task force;well-being leader;well-being of health care worker;well-being of the health care workforce;well-being of the work force;well-being support;work force;work group strategy
35328249	% accuracy;% increment;% kappa;3d ct imaging;accurate diagnosis;accurate diagnosis of lung function;analytical imaging marker;analytical potential;appearance model;chest ct;chest ct scan;ct imaging;ct scan;cumulative distribution function;decision tree;distribution function;energy marker;gibbs energy marker;imaging marker;infected patient;lung function;lung region;machine learning;morphological constraint;mortality rate;naive bayes;neural network;prime way;random field;random forest;rf model;role of 3d ct imaging;second approach;severe lesion;statistical marker;support machine;unsupervised approach;ventilator support machine;virus disease
34533285	abstract aim;conduct of everyday life;critical psychology;everyday life;hospital nurse;importance of recognition;importance to nurse;interview study;negative impact;new solidarity;professional life;professional reflection;qualitative interview;qualitative interview study;sense of self;study abstract;work situation
34783127	abstract background;access to palliative care;aged care facilities;austin health;australian residential aged care facilities;bereavement support;care facilities;conclusion finding;end of life;external system;forty-one telephone interview;initial theme;interview transcript;major theme;palliative care;pandemic related challenge;phone interview;qualitative description;related challenge;residential aged care facilities;second wave;social support;telephone interview;thematic analysis;thematic analysis of the interview transcript
32382516	acute respiratory distress syndrome;admission to the intensive care unit;aggressive respiratory support;care unit;case report;complex care;consideration of fetal intervention;critical care;critical care management of pregnant patient;delivery timing;distress syndrome;early respiratory support;effect of delivery;empiric use;fetal intervention;global health;global health crisis;health crisis;hospital day;intensive care;intensive care unit;limited guidance;management of pregnant patient;maternal respiratory disease;mechanical ventilation;mechanical ventilation adjustment;multiple challenge;perinatal benefit;pregnant patient;pregnant state present multiple challenge;present multiple challenge;rapid deterioration;required admission to the intensive care unit;respiratory collapse;respiratory disease;respiratory distress;respiratory distress syndrome;respiratory support;severe disease;severe disease consideration;stable condition;state present multiple challenge;timing of delivery;viral pneumonia
34492105	acute respiratory syndrome;body of evidence;bowel disease;cardiovascular disease;clinical application;colorectal cancer;crucial role;gut microbial diversity;immunoglobulin a;infectious enteritis;inflammatory bowel disease;intestinal pathogen;intestinal polymeric immunoglobulin a;microbial composition;microbial diversity;mucosal site;multiple sclerosis;pathogenesis of a wide variety of disease;polymeric immunoglobulin a;protective function;respiratory syndrome;severe acute respiratory syndrome;variety of disease;viral infection;wide variety of disease
32476260	thyroid cytology
33963581	role of statistician
32839921	acute emergency care;acute radiation syndrome;acute respiratory distress syndrome;alternative solution;applications of stem cell;burn injury;clinical need;clinical translation of stem cell;comparative manner;contributor of intercellular communication;daughter cell;different lineage;differentiation capacity;distress syndrome;em cell;emergency care;excessive proliferation;extracellular vesicle;futuristic perspective;graphical abstract;heart disease;high unmet clinical need;important part of the rm approach;intercellular communication;interdisciplinary field;missing tissue;new therapeutic alternative solution;part of the rm approach;pathological condition;physiological architecture;potential of stem cell;problematic issue;radiation syndrome;respiratory distress;respiratory distress syndrome;rm approach;significant contributor of intercellular communication;stem cell;therapeutic alternative solution;therapeutic applications of stem cell;therapeutic effect;therapeutic potential of stem cell;therapeutic purpose;translation of stem cell;undifferentiated cell;unmet clinical need;variety of disease;viral pandemic;virus disease;vital mediator
35111874	academic medical center;academic urgent care clinic;care antibiotic;medical center;outpatient stewardship program;respiratory encounter;stewardship program;sustained decrease;sustained reduction;urgent care;urgent care antibiotic;urgent care clinic;virus disease
34431023	neurological manifestation
34886558	et al;orthodontic treatment;public health;real-time surveillance
32389999	aim of this study;anxiety scale;china background;clinical front-line medical staff;clinical staff;control group;depression scale;emergency management;emergency management measure;evidence of exercise intervention;exercise intervention;experimental group;front-line clinical staff;front-line medical staff;management measure;medical staff;mental health;mental status;moderate insomnia;normal control;normal control group;pittsburgh sleep quality index;psychological counseling;psychological factor;psychological stress;psychological symptom;quality index;rehabilitation of front-line clinical staff;severe insomnia;sleep quality;sleep quality index;sleep status;sleep status of front-line medical staff;sleep symptom;survey study;symptom checklist
32404126	adolescent anxiety;anxiety disorder;anxiety symptom;beijing normal university;bipolar disorder;brief therapy;chinese online survey tool;clinical outcome;controlled trial;counseling service;crossover open label;delayed crossover open label;depression level;faculty of psychology;group of adolescent;informed consent;internet condition;intervention group;juan xing;legal guardian;mental health;mental health diagnosis;normal university;online solution;online survey;online survey tool;open label;psychiatric medication;quiet space;receiving counseling service;severe mental health diagnosis;stable internet condition;study protocol;suicidal ideation;virus disease;wen juan xing
32666316	accuracy of ct;authorized user;blood cell;blood cell count;blood test;cell count;cohort of symptomatic patient;consecutive patient;cross-sectional study;ct class;ct sensitivity;epidemic peak;high positive predictive value;italian cohort of symptomatic patient;italy objective;key point;key points;online version;online version of this article;outbreak peak;oxygen saturation;oxygen saturation level;positive predictive value;predictive value;prospective italian cohort of symptomatic patient;reference standard;sectional study;specificity of ct;structured report;suggestive ct;suggestive ct class;supplementary material;symptomatic patient
35464749	acute respiratory disease;acute respiratory syndrome;clinical complication;close monitoring;crucial role;diagnosis of the disease;early diagnosis;early diagnosis of the disease;follow-up of patient;hospital care;huge number of patient;laboratory medicine;long-term effect;number of patient;number of symptom;numerous complication;protracted pandemic;recognition of the patient;respiratory disease;respiratory syndrome;respiratory tract;respiratory tract infection;severe acute respiratory syndrome;severe one;symptomatic disease;tract infection;vast number of symptom;virus disease
35030101	ab response;adaptive immunity;b cell;b cell level;cellular immunity;clinical guideline;cohort of patient;cumulative treatment duration;epitope reactivity;functional b;healthy control;healthy control participant;igg level;important implication;large cohort;large cohort of patient;multiple sclerosis;nih grant;receptor modulator;specific immunity;spike epitope reactivity;study participant;t cell;t cell immunity;t cell reactivity;t cell response;treatment duration;untreated ms;virus neutralization
35079784	abstract background;adverse event;antibody response;booster dose;dna vaccine;dose group;durability of the immune response;durable antibody response;durable immune response;full-length spike antigen;further development;healthy adult;homologous booster;homologous booster dose;homologous booster dose of an investigational dna vaccine;immune response;investigational dna vaccine;lytic potential;mg dose group;optional booster;primary dose;primary series;primary vaccine;second dose;serious adverse event;spike antigen;t cell;treatment-related serious adverse event;y el
32591496	
34177254	ad hoc de variable;care left;control de;de control de;de dato;de los;de variable;durante la;hoc de variable;y la;y los
33461626	acute respiratory syndrome;air sample;bed handrail;bedside tracheostomy;care unit;care worker;care workers;consecutive negative throat swab test;contagious procedure;current recommendation;delayed tracheostomy;different sample;early tracheostomy;environmental study of tracheostomy;health care;health care worker;health care workers;high-risk surgery;intensive care;intensive care unit;medical environment;negative throat swab;negative throat swab test;patients background;period of intubation;personal protective equipment;positive sample;positive test;positive test result;preliminary result;protective equipment;rate of positive test;respiratory syndrome;severe acute respiratory syndrome;study of tracheostomy;surgical site;test result;throat swab;urine bag;viral shedding;virus disease
34016743	advanced mask;airborne transmission;face mask;indoor environment;infectious individual;low virus abundance;mask efficacy;medical center;preventive measure;protective equipment;reproduction number;spread of virus;surgical mask;transmission airborne transmission;viral load;viral load of infectious individual;virus abundance;virus spread;well-established preventive measure
34901700	acute respiratory syndrome;antiviral agent;cellular membrane;cellular receptor;fusion of the viral envelope;high morbidity;mortality rate;particular secondary structure;peptide fragment;potential antiviral agent;ppi modulator;protease inhibitor;protein interaction;respiratory syndrome;secondary structure;severe acute respiratory syndrome;short peptide fragment;spike glycoprotein;spike protein;therapeutic agent;viral attachment;viral envelope;viral spike;viral spike glycoprotein;virus entry
33666261	additional tool;alternative to nasopharyngeal specimen;gastrointestinal symptom;initial diagnosis;nasopharyngeal specimen;stool sample
35250113	device exposure index;exposure index;fine spatial scale;human activity;jue insight;location exposure index;real time;social contact;spatial scale;us population
34058573	acute respiratory syndrome;adverse effect;antibody response;cesarean section;end of gestation;end of lactation;female fertility;female mating performance;female rat;fetal examination;full fetal examination;gestation day;half of the rat;human dose;injection site;injection site reaction;international regulatory guideline;lack of effect;local injection site reaction;mating performance;messenger rna;offspring development;physical development;postnatal offspring development;postnatal survival;pregnant people;regulatory guideline;reproductive toxicity study;respiratory syndrome;safety profile;severe acute respiratory syndrome;spike protein;toxicity study;uterine parameter;virus disease
33541486	% confidence interval;antibody positive;care home;comparison of proportion;confidence interval;logistic regression;logistic regression model;london care home;positive case;prior infection;regression model;risk ratio
32429681	awareness information;brief introduction to different information channel support;channel support;different information channel support;different medium;general public;health information;health literacy;important information;important information source;information channel support;information dissemination;information professional;information professional public health awareness information;information source;introduction to different information channel support;library patron;main purpose of this paper;pandemic situation;phase information professional;professional public health awareness information;public health;public health awareness;public health awareness information;purpose of this paper;role of the information;social distancing;social distancing phase information professional
35358238	% of patient;american population;clinical characteristic;cohort study;descriptive statistic;equal self-care ability;functional status;functional status of patient;hospital discharge;hospital mortality;hospital outcome;in-hospital mortality;in-hospital outcome;latin america;latin american population;mortality rate;multinational observational cohort study of subject;multivariate regression;observational cohort study;observational cohort study of subject;risk factor;self-care ability;shortness of breath;systemic complication
35356264	baseline depression;contextual risk;depressive symptom;dyadic adjustment;growth model;longitudinal study;maternal depressive symptom;mixed growth model;perinatal depressive symptom;protective factor;sexual wellbeing;social support;third trimester;third trimester of pregnancy;trajectory of perinatal depressive symptom
32701938	population point;population point prevalence;random sample
32495830	abstract objective;academic medical center;affiliated institution;care personnel;county health system;diverse setting;executive leadership;existing familiarity to patient;familiarity to patient;health care;health care personnel;health system;health systems abstract objective;hospital setting;information exchange;infrastructure investment;inpatient video;key feature;key technical consideration;medical center;minimal infrastructure investment;net county health system;off-the-shelf hardware;operational leadership;pathogen exposure;patient demographic;pediatric teaching hospital;personal protective equipment;positive adoption;protective equipment;rapid deployment;safety net;safety net county health system;secure information exchange;solution design;standard deviation;state regulator;strategic direction;systems abstract objective;teaching hospital;technical consideration;three health systems abstract objective;vendor engagement
32717208	access to specimen;country ownership;deployment of diagnostic;epidemic potential;epidemic preparedness;equitable access;equitable access to diagnostic;equitable sharing of benefits;global research;great progress;infectious disease;innovation forum;major barrier;nagoya protocol;national law;negotiated price;part of epidemic preparedness;past decade;pathogen of epidemic potential;quality diagnostic;rapid development;research collaboration;sharing of benefits;sustainable model
34888903	letter to the editor
32745596	cohort study;cohort study objective;consecutive patient;electronic health;electronic health record;few patient;health record;hospital admission;microbiologic result;observational cohort study;observational cohort study of all consecutive patient;overall mortality;pseudomonas aeruginosa;retrospective cohort study;staphylococcus aureus;viral pandemic;virus disease
32285949	absorption of pulmonary lesion;hiv-infected patient;imaging of an hiv-infected patient;infected patient;pulmonary lesion;tomography imaging of an hiv-infected patient;treatment of hiv-infected patient;virus disease
32406952	adult patient;albumin infusion;albumin level;average age;binary logistic analysis;blood cell;clinical sign;clinical significance;cohort study;elevated liver enzyme;illness to admission;independent of age;independent predictive factor;little clinical significance;liver enzyme;logistic analysis;lymphocyte ratio;median time;multivariate analysis;neutrophil to lymphocyte ratio;onset of illness to admission;potential therapeutic value of albumin infusion;predictive factor;retrospective cohort study;serum albumin level;therapeutic value of albumin infusion;value of albumin infusion;virus disease;white blood cell
33930189	acute respiratory syndrome;breadth of concomitant virological feature;cluster outbreak;concomitant virological feature;family cluster;feces sample;global epidemic;immune response;inflammation level;novel understanding of the breadth of concomitant virological feature;period of virus shedding;respiratory syndrome;severe acute respiratory syndrome;t lymphocyte;understanding of the breadth of concomitant virological feature;virological feature;virus disease;virus shedding;virus titer
34747190	checkpoint inhibitor therapy;inhibitor therapy
33393462	acute respiratory syndrome;adaptation to this viral entry strategy;airway cell;cell line;cleavage site;entry speed;host protease;membrane serine protease usage;plasma membrane serine protease usage;relevant airway cell;respiratory syndrome;serine protease;serine protease usage;severe acute respiratory syndrome;spike protein;viral entry;viral entry strategy;virus entry
34589017	acceptance behavior;acceptance model;belief of technology usefulness;causality of tam;causality of the technology acceptance model;computer efficacy;favorable attitude;feedback loop;impact of technology acceptance behavior;individual factor;learning of user;mastery experience;mastery orientation of individual;orientation of individual;reverse causality of tam;reverse causality of the technology acceptance model;self-regulated learning of user;technology acceptance;technology acceptance behavior;technology acceptance model;technology use;technology usefulness;technology-related individual factor;theoretical model
34593052	advice of the ministry of health;age range;care system;careful dialog;complex element;demographic characteristic;folly of viewing;health problem;healthcare system;heated debate;help of the social representation theory;incidence rate;initial contact;lusaka resident;mental health;mental health problem;ministry of health;much focus;optimum outcome;political repression;potential participant;poverty level;public phone;public phone record;purposive sampling;rate of mental health problem;representation theory;social representation theory;thematic analysis;unemployment rate
33956870	% sensitivity;% specific;% specificity;above limit;assessment tool;biochemical parameter;blood gas measure;blood test;bordeaux university hospital;cardiovascular condition;external independent cohort;external validation;external validation cohort;gas measure;hospital admission;independent cohort;independent predictor;information criterion;model selection;pandemic wave;plasma sodium;retrospective study;risk score;saturable equipment;severity assessment tool;severity risk score;severity score;simple blood test;stepwise model selection;university hospital;validation cohort
34387911	abstract aim;admission symptom;back pain;blood count;chest pain;chronic disease;common pain region;complete blood count;conclusion back pain;duration of hospital stay;erythrocyte sedimentation rate;frequency of back pain;frequency of dyspnoea;frequency of musculoskeletal symptom;frequent admission symptom;frequent symptom;hospital stay;laboratory result;lack of an overview of the factor;musculoskeletal symptom;overview of the factor;pain region;related factor;sedimentation rate;spine pain;tomography finding
35355988	convalescent sera of patient;disease severity;full protein of spike;healthy control;heterologous immune;heterologous immune response;igg response;immune imprinting;immune response;mild disease;moderate disease;potential role;protein of spike;saliva of patient;sera of patient;seropositive healthy control;serum igg;severe disease;spike protein
35287838	case study;heparin resistance
33928065	activity questionnaire;aim of this study;chronic disease;chronic disease condition;demographic characteristic;disease condition;early july;federal guideline;general health;global pandemic;impact of the pandemic;late january;longitudinal survey background;mean age;national emergency;national longitudinal survey background;non-hispanic white;number of chronic disease condition;pa change;pa level;pa programming;physical activity;physical distancing;second time referent;subsequent month;survey background;time referent;us adult
32599201	% decrease;% reduction;academic medical center;adult procedure;clinic visit;cranial tumor;in-person adult;inpatient consultation;long-term effect;medical center;neurosurgical care;neurosurgical operation;neurosurgical procedure;neurosurgical volume;outpatient appointment;outpatient clinic;outpatient clinic visit;pandemic objective;patient outcome;pediatric neurosurgical procedure;pediatric outpatient clinic visit;pediatric procedure;present study;procedural volume;significant change;significant decrease;significant reduction;surgical care;surgical procedure;surgical volume;university medical center;vanderbilt university medical center;virus disease;volume of adult;volume of neurosurgical care;weekly adult procedure;weekly in-person adult;weekly pediatric procedure;weekly procedural volume
32630367	adult population;adverse health outcome;application of vr;effect of vr exercise;effective intervention;effective intervention strategy;effectiveness of vr exercise;elevated risk;enhanced motor ability;fall prevention;favorable health outcome;future research;global health;global health crisis;health crisis;health organization;health outcome;impaired cognition;integrated exercise;intervention strategy;local government;motor ability;pa intervention;physical activity;physical activity behavior;physical outcome;promising intervention strategy;promotion of favorable health outcome;psychological disorder;psychological outcome;purpose of this editorial;quantitative synthesis of the effect of vr exercise;recent research;research design;rigorous research design;robust quantitative synthesis of the effect of vr exercise;secular increase;social distancing;stroke rehabilitation;synthesis of the effect of vr exercise;unprecedented global health crisis;various adverse health outcome;various psychological disorder;virtual reality;virtual reality exercise;vr exercise;wellness promotion;world health organization;worldwide quarantine
33724560	cross-sectional study;sectional study
34682574	% confidence interval;chronic disease;confidence interval;electronic database;health outcome;health problem;health resource;healthy control;insufficient number;mean difference;mental disorder;mental health;mental health need;mental health outcome;mental health problem;mental health symptom;mixed result;primary outcome;psychological outcome;psychological symptom;secondary outcome;severe mental disorder;severity of depression;severity of mental health symptom;sleep disturbance;standardized mean difference;systematic review;various vulnerable population;virus disease;vulnerable group;vulnerable population
35036208	adverse outcome;case report;false positive;false-positive result;investigation tool;isolation ward;positive result;possibility of false-positive result;sick leave;significant consequence;substantial impact;suspicious case;unnecessary quarantine;virus disease
